,,,Name,_RA,_DEC,RVel,SNR,Teff,e_Teff,logg,e_logg,FeH,e_FeH,vt,e_vt,logL,f_logg,Teff-LAMOST,logg-LAMOST,FeH-LAMOST,LAMOST,Vmag,EBV-d,EBV-Na,B0mag,V0mag,g0mag,r0mag,J0mag,Ks0mag,dist,DR3Name_x,ra,ra_error,dec,dec_error,parallax,parallax_error,Gmag,RPmag,BPmag,BP-RP,teff_gspphot,teff_gspphot_lower,teff_gspphot_upper,logg_gspphot,logg_gspphot_lower,logg_gspphot_upper,mh_gspphot,mh_gspphot_lower,mh_gspphot_upper,Column0,DR3Name_y,RA,DEC,BP-RP_y,MatchID,MatchRA,MatchDEC,dstArcSec,survey,fov_radius,IAUName,band,nuv_exptime,fuv_exptime,fuv_mag,fuv_magerr,nuv_mag,nuv_magerr,fuv_flux,fuv_fluxerr,nuv_flux,nuv_fluxerr,e_bv,ra_cent,dec_cent,xCenter,yCenter,SSAPFitsFile,nuv_flux_auto,nuv_flux_aper_7,nuv_artifact,fuv_flux_auto,fuv_flux_aper_7,fuv_artifact,redG,redBP,redRP,bpDered,rpDered,gDered,NUVDered,bp_rp_dered,colorColorY
0,0,0,J0002+0343,0.645994,3.727085,-91.4,23.7,6207,110,4.16,0.05,-3.02,0.24,1.19,0.30,0.307,0.060,0,6361,4.30,LAMOST,15.094,0.028,0.024,15.446,15.019,15.068,14.894,14.062,13.738,8.947621188548363e-05,2740128975242655232,0.6460112878887468,0.026239844,3.726998612336613,0.017161641,0.7327447788020129,0.031044269,14.924104690551758,14.532942,15.155141,0.62219906,6582.218,6547.5474,6621.694,4.2198,4.1931,4.2765,-3.1582,-3.6496,-2.9093,0,2.74012897524266E+18,0.646011287888747,3.72699861233661,0.62219906,6381013723966867789,0.646004062381163,3.72726565871331,0.96171730792736,AIS,0.1198313,GALEX J000235.0+034338,3,270,270,22.13761,0.3126617,17.67788,0.02553598,5.069427,1.459499,308.211,7.247209,0.01864569,0.52906,3.75452,1889.718,1919.364,,9.137945,9.315392,0,0.04709306,0.04185786,0,0.05063415181276547,0.0630434132179112,0.03460026810332726,15.092097586782089,14.498341731896673,14.873470538738992,17.542885204399997,0.5937558548854156,-1.2406325429069618
1,1,1,J0003+1556,0.795383,15.933828,-185.5,32.2,5302,45,2.31,0.08,-2.23,0.11,2.11,0.12,1.883,0.081,0,5289,1.09,LAMOST,12.321,0.058,0.035,12.747,12.166,12.368,11.912,10.779,10.312,4.415675303173565e-05,2772216224937941760,0.79543263790485,0.012779438,15.933848966913922,0.012117851,0.4062359747533595,0.015706463,12.084477424621582,11.5259905,12.461968,0.93597794,5663.2915,5655.8193,5671.748,2.5374,2.5325,2.5413,-1.8912,-1.9037,-1.877,1,2.77221622493794E+18,0.79543263790485,15.9338489669139,0.93597794,6376052689919281500,0.795441729310508,15.9339280971492,0.286602024337832,AIS,0.3392907,GALEX J000310.9+155602,1,263,263,-999,-999,16.85991,0.01779236,-999,-999,654.6895,10.72603,0.04367502,1.14587,15.89458,1929.701,1915.957,,19.41046,19.74644,0,-99,-99,0,0.11236829877430622,0.1434126188188623,0.08008079172270152,12.318555381181138,11.445909708277298,11.972109125847275,16.5437028552,0.8726456729038397,-1.2129714432965404
2,5,2,J0006+0123,1.657593,1.395354,-65.9,44.1,5675,53,3.23,0.04,-2.27,0.11,1.52,0.08,1.081,0.043,0,5500,2.52,LAMOST,13.123,0.036,0.041,13.793,13.028,13.487,13.008,11.856,11.470,0.00011611707026196183,2546607403970841472,1.6576733131731816,0.018510519,1.3952667138855257,0.0149144055,0.72709878585341,0.02029618,13.089282989501953,12.552856,13.444927,0.8920708,,,,,,,,,,2,2.54660740397084E+18,1.65767331317318,1.39526671388553,0.8920708,3132994749176227338,1.6575655965059,1.39552796983875,1.01728300878581,GII,0.4442397,GALEX J000637.8+012343,1,3281.25,3281.25,-999,-999,17.12392,0.005820533,-999,-999,513.3712,2.751468,0.02779579,2.05267,1.19226,1912.187,1924.269,,15.2206,14.83705,0,-99,-99,256,0.07193823471709156,0.09154390898585503,0.051041886819870076,13.353383091014145,12.50181411318013,13.017344754784862,16.9226784804,0.851568977834015,-1.7018028650230521
3,7,3,J0006+1057,1.571676,10.961624,-312.4,20.9,4691,38,1.63,0.14,-3.15,0.14,2.51,0.11,2.350,0.140,1,5012,1.72,LAMOST,12.912,0.070,0.043,13.555,12.725,13.076,12.590,10.954,10.330,3.278460615631654e-05,2765776046033609856,1.571690650335079,0.013105294,10.961594362906721,0.010507486,0.20044593216722278,0.015611612,12.593480110168457,11.893878,13.132258,1.2383804,,,,,,,,,,3,2.76577604603361E+18,1.57169065033508,10.9615943629067,1.2383804,6376052746827596907,1.57167066093207,10.9617050729249,0.404769319803196,AIS,0.503589,GALEX J000617.2+105742,1,107,107,-999,-999,19.36924,0.09184169,-999,-999,64.90878,5.489255,0.09056841,1.08712,11.12732,1930.766,1895.263,,1.924438,1.964458,1,-99,-99,0,0.22168640225273134,0.2898424720477999,0.16394560908014885,12.8424155279522,11.729932390919853,12.371793707915726,18.7135247116,1.1124831370323474,-1.1110957892787132
4,8,4,J0013+2350,3.463742,23.846972,-259.2,41.4,6093,120,3.98,0.04,-2.26,0.09,1.49,0.10,0.455,0.054,0,6238,3.91,LAMOST,12.328,0.053,0.041,12.608,12.187,12.305,12.053,11.173,10.876,0.00032967442365617125,2848805666604277120,3.4639923302991793,0.01213601,23.84672942194528,0.009619841,2.093415444424768,0.015537805,12.159748077392578,11.725774,12.425416,0.6996422,6402.3267,6352.5415,6424.903,4.1632,4.1517,4.1742,-2.0681,-2.2028,-1.8888,4,2.84880566660428E+18,3.46399233029918,23.8467294219453,0.6996422,6375982311513525548,3.46385713959003,23.8470365592528,1.19193434459541,AIS,0.2016478,GALEX J001351.3+235049,3,551,256,20.61843,0.1526567,15.35457,0.005930447,20.54138,2.887459,2619.219,14.30308,0.04729961,3.46792,23.64542,1917.393,1927.323,,77.65552,76.57662,0,0.1908217,0.1721804,0,0.1271647396122438,0.159118602232638,0.08756498549312516,12.266297397767362,11.638209014506874,12.032583337780334,15.0121208236,0.6280883832604882,-1.2302017449857514
5,9,5,J0022+4254,5.510848,42.916500,-183.3,23.2,6566,133,3.98,0.06,-2.99,0.25,0.96,0.30,0.585,0.072,0,6250,4.04,LAMOST,14.94,0.055,-9.900,15.190,14.792,14.935,14.747,13.889,13.700,2.580208305396933e-05,385205965989661568,5.510893983005021,0.018669544,42.916507942182456,0.010627429,0.5623726871734241,0.027218467,14.845625877380371,14.433265,15.089993,0.6567278,6575.139,6528.6323,6603.71,4.1049,4.0789,4.1311,-3.1408,-3.8439,-2.3007,5,3.85205965989662E+17,5.51089398300502,42.9165079421825,0.6567278,6372252763777140985,5.51074408117167,42.9165325250965,0.404995830208558,AIS,0.2839696,GALEX J002202.5+425459,3,220.15,98.15,21.12997,0.3777016,17.76708,0.03180327,12.82367,4.459962,283.9019,8.314003,0.06773724,5.12608,42.95298,1900.672,1920.233,,8.417221,8.739685,0,0.119127,0.1967592,0,0.18409053986052143,0.22929652360785857,0.12564453454098934,14.86069647639214,14.307620465459012,14.66153533751985,17.2766623824,0.553076010933129,-1.163957566045708
6,10,6,J0023+2023,5.795711,20.392651,-126.0,37.3,5197,68,2.79,0.05,-3.29,0.09,1.53,0.11,1.368,0.054,0,5250,2.55,LAMOST,13.674,0.095,0.064,14.083,13.418,13.695,13.180,12.004,11.489,8.387409751350536e-05,2799103583500062464,5.795697792317216,0.012798362,20.392571588115533,0.0108484775,0.3688422436430986,0.018722566,13.46955394744873,12.844203,13.912248,1.0680447,,,,,,,,,,6,2.79910358350006E+18,5.79569779231722,20.3925715881155,1.0680447,6375982325470070170,5.79564282867105,20.3928757004163,1.11040297613902,AIS,0.08100472,GALEX J002310.9+202334,1,96,0,-999,-999,18.27513,0.06228888,-999,-999,177.8071,10.19835,0.08781504,5.8724,20.43011,1909.382,1942.812,,5.271685,5.464354,0,-99,-99,-999,0.22179728676028743,0.28567058153056113,0.16025315855524105,13.626577418469438,12.68394984144476,13.247756660688443,17.6393491104,0.9426275770246786,-1.95728408770914
7,12,7,J0023+3558,5.916771,35.967957,-303.0,38.0,5145,82,3.20,0.06,-2.56,0.09,1.35,0.08,0.941,0.065,0,4960,3.36,LAMOST,14.215,0.065,0.058,14.686,14.041,14.273,13.858,12.611,12.127,0.00011792989663761842,366303780558169344,5.916803257475361,0.018703252,35.967842331798394,0.009943849,0.42553296750979686,0.020487014,13.983109474182129,13.394647,14.391623,0.9969759,,,,,,,,,,7,3.66303780558169E+17,5.91680325747536,35.9678423317984,0.9969759,6372252848600649711,5.91645759958004,35.9679290173109,1.05436574157324,AIS,0.5970064,GALEX J002339.9+355804,1,170.1,170.1,-999,-999,18.40482,0.06323612,-999,-999,157.7868,9.187685,0.07099512,5.49625,35.47799,1904.379,1893.528,,4.678118,4.716178,32,-99,-99,32,0.18128353987563164,0.23226144324519382,0.12991543908089426,14.159361556754805,13.264731560919106,13.801825934306498,17.890815331200002,0.8946299958356985,-1.9073891159141665
8,13,8,J0025+2305,6.432368,23.093561,-229.6,48.3,6308,144,3.93,0.04,-2.81,0.10,1.99,0.17,0.565,0.059,0,6152,3.26,LAMOST,13.1,0.071,0.043,13.306,12.911,13.042,12.840,11.999,11.697,0.00039039517658846535,2800845377421905792,6.432357118434465,0.0130224675,23.093172918456723,0.010118059,1.2683589783949556,0.017940005,12.974299430847168,12.541095,13.242631,0.7015362,,,,,,,,,,8,2.80084537742191E+18,6.43235711843446,23.0931729184567,0.7015362,6375982323324686472,6.43247367511939,23.0936456590744,1.7450871122451,AIS,0.4570071,GALEX J002543.7+230537,3,222,222,21.35694,0.2559037,16.15941,0.01376722,10.4046,2.451728,1248.063,15.82169,0.04642676,6.519,22.64365,1925.986,1887.492,,37.003,37.51663,1,0.09665484,0.1019074,0,0.124759226812561,0.1561396875292176,0.08594159045864529,13.086491312470782,12.455153409541355,12.849540204034607,15.8232802576,0.6313379029294275,-1.2547155422884462
9,16,9,J0032+4107,8.214463,41.130272,-396.8,43.6,5074,73,2.16,0.09,-2.69,0.11,1.83,0.08,1.957,0.093,0,5198,2.14,LAMOST,12.153,0.056,0.043,12.728,12.003,12.165,11.660,10.481,9.961,2.951705126303788e-05,381063654713703040,8.214435542737068,0.012398946,41.13027021216643,0.011974065,0.3613745805760945,0.014942829,11.914785385131836,11.301297,12.34723,1.0459328,,,,,,,,,,9,3.81063654713703E+17,8.21443554273707,41.1302702121664,1.0459328,2495981692507919622,8.21443247256092,41.130198769809,0.257327187177807,NGS,0.511498,GALEX J003251.4+410748,1,1632.1,1632.1,-999,-999,17.13122,0.007998075,-999,-999,509.9305,3.75549,0.06043413,8.8913,41.09078,1894.938,1902.824,,15.11859,15.26313,1,-99,-99,0,0.15270233116585974,0.19656671443352472,0.11031606663701557,12.150663285566475,11.190980933362985,11.762083053965977,16.6936768988,0.9596823522034903,-1.4590437756545231
10,18,10,J0037+2935,9.282562,29.585054,-31.9,19.1,6019,93,4.37,0.03,-2.89,0.18,1.15,0.27,0.043,0.041,0,6097,4.22,LAMOST,15.064,0.053,0.042,15.221,14.923,15.019,14.801,13.977,13.545,0.00013036138438147623,2858388735073787776,9.282717930880475,0.021092609,29.585084250702266,0.016611632,0.9405620702988691,0.02636739,14.899601936340332,14.468425,15.156439,0.68801403,6516.057,6486.284,6536.5435,4.458,4.4346,4.4832,-3.2996,-3.3804,-3.2018,10,2.85838873507379E+18,9.28271793088047,29.5850842507023,0.68801403,6376721224127480409,9.28232138698795,29.5851536109518,1.2663000175912,AIS,0.4401829,GALEX J003707.7+293506,1,108,108,-999,-999,17.87462,0.04382116,-999,-999,257.1282,10.37537,0.04798613,9.61948,29.9139,1943.497,1926.542,,7.623424,7.797237,1,-99,-99,0,0.12929814410252094,0.16162741473771886,0.08887577751811614,14.994811585262282,14.379549222481884,14.770303792237812,17.5272004188,0.6152623627803973,-1.3716068756129145
11,19,11,J0040+2729,10.052171,27.490208,-91.4,52.0,4574,78,1.34,0.07,-2.81,0.11,2.16,0.07,2.597,0.074,0,4848,1.00,LAMOST,11.143,0.044,0.053,11.960,11.025,11.869,10.995,9.150,8.509,9.432035153110664e-05,2809551447929127040,10.052283437220426,0.0131792715,27.490186168456678,0.009673586,0.3461235249738533,0.015679583,10.809775352478027,10.096559,11.36398,1.2674217,,,,,,,,,,11,2.80955144792913E+18,10.0522834372204,27.4901861684567,1.2674217,6376721257413478854,10.0520546508327,27.4901894309449,0.730729129115511,AIS,0.5134288,GALEX J004012.4+272924,1,105,104,-999,-999,18.02472,0.04789126,-999,-999,223.9305,9.875059,0.05243132,10.59505,27.3135,1924.497,1929.611,,6.639168,6.592033,1,-99,-99,0,0.12701300603938673,0.1668734556329565,0.09464782123351362,11.197106544367044,10.001911178766486,10.68276234643864,17.645117243199998,1.1951953656005578,-0.9334279856816554
12,21,12,J0041+3633,10.253755,36.561050,-137.0,56.0,5155,74,2.03,0.06,-2.37,0.11,2.05,0.06,2.114,0.064,0,5136,1.16,LAMOST,12.363,0.041,0.028,12.953,12.254,12.415,11.926,10.774,10.282,5.923329726889839e-05,365840847508048384,10.253771571271006,0.0094829695,36.56099245630803,0.0069891,0.29726977258158543,0.011318622,12.14727783203125,11.546825,12.567511,1.0206852,,,,,,,,,,12,3.65840847508048E+17,10.253771571271,36.560992456308,1.0206852,6372252844305681427,10.2535913491525,36.5610869266389,0.622286491497982,AIS,0.2696489,GALEX J004100.8+363339,1,234,0,-999,-999,17.58303,0.02652004,-999,-999,336.3474,8.213579,0.04866853,9.98613,36.39842,1909.553,1939.898,,9.972144,10.25261,0,-99,-99,-999,0.12335418165187445,0.1585344674033745,0.08891337566681537,12.408976532596625,11.457911624333185,12.023923650379375,17.2306698428,0.9510649082634401,-1.0985298929436098
13,22,13,J0054+2649,13.513133,26.819372,-307.5,55.8,6320,134,4.07,0.04,-3.22,0.12,1.45,0.23,0.428,0.057,0,6361,4.26,LAMOST,14.351,0.060,-9.900,14.553,14.190,14.256,14.099,13.225,12.961,0.00011155796688592818,2808707233453225472,13.513208424510227,0.023362856,26.819467880992594,0.015287445,0.8507048994551897,0.025311355,14.197881698608398,13.783629,14.448962,0.6653328,6645.6055,6627.7676,6666.825,4.1234,4.0859,4.1621,-2.1639,-2.5349,-1.8945,13,2.80870723345323E+18,13.5132084245102,26.8194678809926,0.6653328,6387980184541201963,13.51318076323,26.8193630134668,0.38784196303919,AIS,0.2846158,GALEX J005403.1+264909,1,110,110,-999,-999,17.15065,0.03122051,-999,-999,500.8854,14.39954,0.0538487,13.19873,26.86722,1927.598,1930.446,,14.85042,15.24266,0,-99,-99,0,0.14582135507027924,0.18188746001220116,0.09982809614212267,14.2670745399878,13.683800903857877,14.05206034353812,16.760785411999997,0.5832736361299222,-1.2283749214528958
14,23,15,J0056+3533,14.014032,35.566036,-233.8,65.7,6607,34,2.73,0.05,-2.17,0.13,3.25,0.30,1.845,0.051,0,6460,2.86,LAMOST,11.513,0.048,0.031,11.727,11.385,11.438,11.335,10.713,10.489,7.884939881049039e-05,363101693459636608,14.013985483766772,0.017379668,35.5659734267538,0.014529904,0.5575457923561171,0.020908475,11.489734649658203,11.12393,11.666627,0.54269695,11654.317,11624.579,11706.616,3.7302,3.7218,3.7419,-1.2389,-1.2401,-1.2359,15,3.63101693459637E+17,14.0139854837668,35.5659734267538,0.54269695,6372393548510136247,14.0139641157308,35.5662470910985,0.987176832813911,AIS,0.3751243,GALEX J005603.3+353358,3,109,109,17.19139,0.0530916,14.50901,0.009121646,482.4428,23.58533,5706.846,47.93354,0.04525985,14.47073,35.51549,1906.153,1924.38,,169.1985,166.9356,0,4.481712,4.548884,0,0.12517841176442543,0.15461989721451286,0.08426152614640947,11.512007102785487,11.03966847385359,11.364556237893778,14.181328686,0.4723386289318974,-0.37860705171553555
15,26,16,J0102+0523,15.637331,5.394999,45.7,41.0,6364,52,2.69,0.08,-3.07,0.08,3.55,0.29,1.820,0.082,0,6117,2.97,LAMOST,12.87,0.038,0.027,13.013,12.768,12.982,12.733,11.844,11.566,3.7341293917082276e-05,2552333797966961664,15.637368788178822,0.018181702,5.394978720381917,0.012269823,0.25665180804894605,0.02254319,12.86465835571289,12.485308,13.134968,0.6496601,6031.867,5963.2515,6085.4165,2.8435,2.8348,2.8506,-1.7312,-1.7972,-1.6757,16,2.55233379796696E+18,15.6373687881788,5.39497872038192,0.6496601,6380239619462529960,15.6372679321177,5.39492720323187,0.406274683218232,AIS,0.3804168,GALEX J010232.9+052341,3,335,335,18.91164,0.04961416,16.05782,0.01037412,98.93391,4.519819,1370.481,13.09166,0.0255533,15.591,5.77255,1881.782,1903.862,,40.63249,40.84598,0,0.9190587,0.9275654,0,0.06911477285727444,0.08621833398098394,0.04737625906324787,13.048749666019017,12.437931740936753,12.795543582855617,15.872814108,0.6108179250822641,-0.962160760747607
16,27,17,J0102+1052,15.645967,10.879296,-130.7,24.5,5995,120,4.52,0.04,-3.11,0.19,0.30,0.30,-0.113,0.054,0,6000,4.36,LAMOST,15.226,0.031,0.047,15.644,15.142,15.343,15.089,14.066,13.744,9.230406370931585e-05,2583190938965264256,15.645978713984253,0.024211148,10.879204731393806,0.018656397,1.0615280449145943,0.028582381,15.12783145904541,14.661653,15.418871,0.75721836,6230.259,6188.1064,6392.588,4.5222,4.4085,4.5558,-3.0306,-3.4268,-2.2105,17,2.58319093896526E+18,15.6459787139843,10.8792047313938,0.75721836,6380204461931890641,15.6457805346881,10.8794929319866,1.25192817933696,AIS,0.1104725,GALEX J010234.9+105246,1,261.1,261.1,-999,-999,18.28301,0.03461678,-999,-999,176.5201,5.626664,0.04303766,15.71864,10.96367,1906.806,1913.015,,5.233529,5.327251,0,-99,-99,0,0.11442232281255602,0.14388508493453295,0.07949293629831673,15.274985915065466,14.582160063701682,15.013409136232854,17.971417341600002,0.6928258513637839,-1.6597821513100035
17,34,19,J0119+2425,19.871023,24.425343,-93.2,68.6,6288,115,4.26,0.03,-2.81,0.09,1.54,0.12,0.229,0.046,0,6347,4.38,LAMOST,11.716,0.060,-9.900,11.971,11.555,11.687,11.572,10.611,10.329,0.00043903321194983336,293278994244668800,19.87108355252571,0.030999968,24.42490697057286,0.020750998,3.6419177858245964,0.041474167,11.60902214050293,11.178788,11.866325,0.6875372,6509.457,6480.3726,6529.263,4.2323,4.2067,4.2567,-2.5756,-3.8026,-2.1174,19,2.93278994244669E+17,19.8710835525257,24.4249069705729,0.6875372,6387980256484003005,19.8706683109824,24.4250418179361,1.44506462878808,AIS,0.57442,GALEX J011928.9+242530,3,441.35,259.35,19.50412,0.1085413,14.77987,0.005153256,57.32629,5.729531,4446.831,21.10097,0.07384497,20.45039,24.19955,1947.855,1921.398,,131.8412,127.5751,1,0.5325395,0.5292967,256,0.1997351574091105,0.24934499175371794,0.136833749748362,11.616980008246282,11.041954250251639,11.40928698309382,14.2452324172,0.5750257579946432,-1.1014571502681099
18,30,18,J0119-0121,19.913881,-1.363738,-68.7,39.3,6262,164,4.15,0.06,-3.19,0.16,1.69,0.30,0.332,0.078,0,6388,4.19,LAMOST,15.127,0.034,0.052,15.472,15.036,15.109,14.947,14.183,13.779,9.579078076140428e-05,2533491432841892864,19.913874819392984,0.03129172,-1.3638324917643831,0.025585838,0.5817518763574127,0.036596216,14.991808891296387,14.603702,15.220208,0.6165066,6588.414,6547.9395,6614.6094,4.2395,4.2051,4.2582,-1.769,-1.8471,-1.654,18,2.53349143284189E+18,19.913874819393,-1.36383249176438,0.6165066,2913409082971923416,19.9135098727208,-1.36344195442463,1.9239972909714,MIS,0.4920423,GALEX J011939.2-012148,3,3262.15,3262.15,22.39611,0.1572917,17.76291,0.008347005,3.995384,0.5786746,284.994,2.190466,0.04617227,20.23863,-1.73288,1904.101,1921.898,,8.4496,8.342605,0,0.03711561,0.0468919,0,0.12601419757311677,0.15660684756617133,0.08573805553045384,15.063601152433828,14.517963944469546,14.86579469372327,17.4286227652,0.5456372079642815,-1.1098279778642164
19,36,20,J0124+0458,21.010971,4.970934,-173.7,33.9,4784,27,1.58,0.12,-3.22,0.11,2.17,0.09,2.435,0.120,1,5140,1.78,LAMOST,12.528,0.029,0.025,13.217,12.450,12.793,12.148,10.741,10.141,3.838369127233751e-05,2563539603865382656,21.010960473546287,0.013590804,4.970900138948927,0.010167606,0.16708355432002137,0.016218642,12.232345581054688,11.579325,12.713494,1.1341696,,,,,,,,,,20,2.56353960386538E+18,21.0109604735463,4.97090013894893,1.1341696,2917138626411240275,21.0109666800032,4.97081844424416,0.294942085268859,MIS,0.3432989,GALEX J012402.6+045814,1,2273.75,2273.75,-999,-999,18.24631,0.009118845,-999,-999,182.5902,1.53316,0.02656333,20.67533,4.89315,1789.813,1971.958,,5.413497,5.463297,256,-99,-99,256,0.0657347621689214,0.08542745034298993,0.04823771159834427,12.62806654965701,11.531087288401656,12.166610818885767,18.0539914908,1.0969792612553544,-1.3087192884144896
20,37,21,J0124+2508,21.229126,25.139225,24.8,31.0,6545,130,4.15,0.03,-3.17,0.15,1.30,0.30,0.409,0.049,0,6416,4.27,LAMOST,14.455,0.096,0.055,14.614,14.197,14.344,14.163,13.302,13.083,0.00011371270509941862,293748726227874560,21.229105174614553,0.017495403,25.139114940286817,0.013330011,0.8102603838443754,0.01956858,14.343856811523438,13.892284,14.619537,0.72725296,6583.8584,6434.6807,6649.1416,4.0662,3.9352,4.1065,-2.0357,-2.4339,-1.61,21,2.93748726227875E+17,21.2291051746146,25.1391149402868,0.72725296,6387980255410260389,21.2289150257448,25.1400261831867,3.33849259625757,AIS,0.2192736,GALEX J012454.9+250824,3,431,322,21.87609,0.2850607,17.3447,0.01959381,6.45006,1.693056,418.9105,7.55806,0.09854535,20.98874,25.16863,1952.391,1925.636,,12.42,11.21932,17,0.05991862,0.06030899,0,0.2655525831801038,0.33219578890307266,0.18241340455059116,14.287341211096926,13.70987059544941,14.078304228343335,16.631231665999998,0.5774706156475169,-1.4661841472322994
21,38,22,J0126+0135,21.744091,1.587622,-225.0,25.0,4508,63,1.39,0.13,-3.38,0.18,2.81,0.16,2.521,0.131,1,4901,1.29,LAMOST,12.671,0.025,0.028,13.810,12.603,13.316,12.485,10.669,9.991,3.490413511002166e-05,2558459589561967232,21.74408659514446,0.011728575,1.5875891514398826,0.009059072,0.10416491878444631,0.016441097,12.382028579711914,11.622028,13.0088415,1.3868132,,,,,,,,,,22,2.55845958956197E+18,21.7440865951445,1.58758915143988,1.3868132,6380274847855937718,21.7440810241954,1.58756640474431,0.084306420843701,AIS,0.1974539,GALEX J012658.5+013515,1,220,220,-999,-999,20.46873,0.1217732,-999,-999,23.57808,2.643811,0.03323519,21.55649,1.64942,1900.588,1903.139,,0.6990511,0.6181701,0,-99,-99,0,0.07855627405150356,0.1045641228499927,0.059559157210648285,12.904277377150008,11.562468842789352,12.30347230566041,20.228107224400002,1.3418085343606556,-0.8756768286561734
22,39,24,J0127+1100,21.793394,11.013350,159.1,30.2,4942,47,2.49,0.05,-2.41,0.09,1.50,0.05,1.581,0.052,0,5063,2.34,LAMOST,12.482,0.080,0.059,12.931,12.266,12.447,11.909,10.640,10.122,0.00012969473029819631,2585460292309803264,21.793398307788745,0.0148808705,11.013220639012678,0.009791549,0.60075364741802,0.016996251,12.16430950164795,11.526758,12.626355,1.099597,,,,,,,,,,24,2.5854602923098E+18,21.7933983077887,11.0132206390127,1.099597,6380204515618982072,21.7932692682265,11.0135414995218,1.24184335822687,AIS,0.508498,GALEX J012710.3+110048,1,200,200,-999,-999,17.61772,0.02820467,-999,-999,325.771,8.460648,0.09085973,21.27907,10.95218,1873.992,1906.448,,9.658571,9.824775,1,-99,-99,0,0.22823653832091628,0.29472547613556366,0.16558275420420798,12.331629523864436,11.361175245795792,11.936072963327033,16.9598955548,0.9704542780686438,-1.5123667542941348
23,42,25,J0131+4800,22.816286,48.004845,-24.7,83.7,6230,98,4.11,0.03,-1.80,0.09,1.40,0.07,0.363,0.042,0,6170,4.21,LAMOST,10.162,0.045,0.024,10.438,10.041,10.771,10.023,9.125,8.817,0.0013848887849227433,399501506935923072,22.818353779501553,0.017949542,48.00467763296349,0.013607318,6.164211448024165,0.020795772,10.036192893981934,9.621857,10.28126,0.65940285,6476.4497,6460.8887,6489.2085,4.155,4.1505,4.1692,-2.0347,-2.155,-1.8475,25,3.99501506935923E+17,22.8183537795016,48.0046776329635,0.65940285,6372428698522485091,22.8169852419673,48.0045922941315,3.31061862896976,AIS,0.462823,GALEX J013116.0+480016,3,240,240,18.37831,0.06570669,13.84608,0.004681512,161.6879,9.78267,10509.18,45.30282,0.1585388,22.42291,48.38564,1950.009,1927.058,,311.5798,283.2911,1,1.50202,1.492774,0,0.4364782853568071,0.5411123280394873,0.294450298707926,9.740147671960512,9.327406701292075,9.599714608625126,12.698259088,0.4127409706684375,-0.020750115326777063
24,43,26,J0133+0654,23.410364,6.906804,0.2,46.3,4946,46,1.95,0.07,-2.67,0.12,1.83,0.08,2.122,0.071,0,4913,3.00,LAMOST,11.801,0.034,0.051,12.531,11.710,12.165,11.550,10.160,9.560,0.00013417448588293952,2565656988382292224,23.410400387182975,0.02240712,6.906673137563157,0.014519994,0.4639282890584131,0.026482064,11.57243824005127,10.943231,12.020091,1.0768604,,,,,,,,,,26,2.56565698838229E+18,23.410400387183,6.90667313756316,1.0768604,3124198656154014508,23.4101649324911,6.90689324415893,1.15584175256426,GII,0.396188,GALEX J013338.4+065424,1,1605.45,1605.45,-999,-999,17.14943,0.007962291,-999,-999,501.4517,3.676524,0.03364282,23.01203,6.93439,1939.485,1931.033,,14.86721,15.08996,0,-99,-99,0,0.08421942092981695,0.10885079646174296,0.06127671095252903,11.911240203538258,10.881954289047473,11.488218819121453,16.9058559832,1.029285914490785,-1.356940701041374
25,50,27,J0141+2230,25.454504,22.515953,-40.5,28.7,5700,102,3.68,0.05,-2.29,0.10,1.43,0.08,0.639,0.059,0,5750,3.81,LAMOST,13.31,0.131,-9.900,13.475,12.958,13.080,12.791,11.791,11.415,0.0004280369485257009,290511523477577600,25.454975843416108,0.06121219,22.515970564480206,0.044885743,1.1332163905195265,0.06911826,13.086947441101074,12.542047,13.447297,0.90525055,5952.272,5931.842,5957.476,3.2386,3.2285,3.2415,-2.8259,-3.1927,-2.492,27,2.90511523477578E+17,25.4549758434161,22.5159705644802,0.90525055,6399511853903381087,25.4548392657443,22.5160816598141,0.605187810293312,MIS,0.3595947,GALEX J014149.1+223057,1,304,304,-999,-999,17.04009,0.01759265,-999,-999,554.5773,8.983871,0.1213892,25.66347,22.8198,1911.146,1903.535,,16.4423,16.72267,0,-99,-99,0,0.31752026050353344,0.4027082104330704,0.2232542367986385,13.04458878956693,12.318792763201362,12.76942718059754,16.161232192,0.7257960263655683,-1.643389420477268
26,51,28,J0146+2956,26.681587,29.947844,-0.1,11.6,6486,155,4.15,0.07,-2.40,0.24,1.09,0.30,0.393,0.084,0,6347,4.04,LAMOST,15.491,0.044,0.039,15.841,15.373,15.528,15.368,14.600,14.260,1.3259327211846583e-05,302444282655794176,26.681585163182568,0.035599254,29.947835227881512,0.029728,0.45109277804382075,0.038103804,15.430971145629883,15.032872,15.670575,0.63770294,6743.514,6695.452,6790.6685,4.1901,4.1549,4.2294,-2.2757,-3.0545,-2.0245,28,3.02444282655794E+17,26.6815851631826,29.9478352278815,0.63770294,6373132400994550030,26.6815342974029,29.9476201029034,0.790536516234844,AIS,0.4542628,GALEX J014643.5+295651,1,159,160,-999,-999,18.31757,0.04419079,-999,-999,170.9898,6.957806,0.04869464,26.74484,30.39857,1937.601,1911.294,,5.069565,5.053676,1,-99,-99,0,0.13243346390820787,0.16485315621329047,0.0903564357874134,15.50572184378671,14.942515564212586,15.298537681721674,17.9650208064,0.5632062795741231,-1.1267911564616844
27,53,29,J0150+2149,27.689735,21.827986,-192.7,29.3,6378,175,3.66,0.06,-2.95,0.11,2.06,0.30,0.854,0.080,0,6500,4.07,LAMOST,14.454,0.070,0.032,14.681,14.266,14.348,14.185,13.345,13.089,5.285028359231071e-05,98134028414775552,27.68974824168742,0.022085689,21.827932980998867,0.022951249,0.43335919711784743,0.029999,14.319506645202637,13.898792,14.576004,0.67721176,6539.472,6453.108,6588.226,3.8432,3.7871,3.8989,-1.504,-1.6353,-1.3055,29,9.81340284147756E+16,27.6897482416874,21.8279329809989,0.67721176,6377178576941220762,27.690096365767,21.8279664792437,1.16962808487088,AIS,0.5707182,GALEX J015045.6+214940,1,202,0,-999,-999,17.48137,0.02888062,-999,-999,369.3611,9.822633,0.07213293,28.2504,22.06383,1978.528,1880.593,,10.95095,11.04348,169,-99,-99,-999,0.19542624223640623,0.24377720905047093,0.1337080811571331,14.332226790949528,13.765083918842867,14.12408040296623,16.959127586799998,0.5671428721066611,-1.0468077270959366
28,54,30,J0158+3828,29.739065,38.476315,-59.0,19.8,5076,37,2.49,0.22,-3.28,0.12,1.91,0.13,1.627,0.220,1,5211,2.79,LAMOST,14.957,0.048,-9.900,15.514,14.829,15.079,14.610,13.317,12.766,2.1650528066354852e-05,343053198441295616,29.739093911748338,0.023963919,38.47629784315595,0.022007665,0.08941392491558008,0.02851747,14.713623046875,14.103777,15.140608,1.0368309,6069.169,6044.178,6092.951,3.4673,3.4375,3.488,-1.1835,-1.2797,-1.0818,30,3.43053198441296E+17,29.7390939117483,38.4762978431559,1.0368309,6372956502756428544,29.7389086814086,38.4764441506915,0.741581534460648,AIS,0.3234299,GALEX J015857.3+382835,1,90,0,-999,-999,19.61844,0.1264176,-999,-999,51.59694,6.006226,0.05108687,30.04713,38.26147,1990.523,1916.606,,1.529764,1.502519,0,-99,-99,-999,0.12913928579746328,0.1661809319640006,0.09326884794432504,14.974427068036,14.010508152055674,14.584483761077538,19.2485710612,0.9639189159803259,-1.7305249395471183
29,55,31,J0159+1219,29.943588,12.319684,38.9,41.0,5005,42,3.49,0.03,-1.94,0.09,0.75,0.10,0.603,0.033,0,4974,3.82,LAMOST,14.082,0.071,0.052,14.420,13.892,13.974,13.568,12.345,11.870,0.00033204959420031775,2574639659078904960,29.94386567154473,0.015933223,12.319481734787809,0.014814501,0.8165253680128968,0.019468268,13.717248916625977,13.119928,14.135788,1.0158596,5968.7476,5959.6514,5976.666,4.0255,4.0201,4.0312,-1.1313,-1.1473,-1.1154,31,2.5746396590789E+18,29.9438656715447,12.3194817347878,1.0158596,6377389730418394396,29.9435134342995,12.3197062565873,1.47921390257283,AIS,0.1721614,GALEX J015946.4+121910,1,254.05,254.05,-999,-999,18.64803,0.04366198,-999,-999,126.1216,5.070642,0.08904095,29.86384,12.47328,1921.793,1950.684,,3.739296,3.836561,0,-99,-99,0,0.22712697027752093,0.29121152779238435,0.16287615355435683,13.844576472207615,12.957051846445642,13.490121946348456,18.003373521999997,0.8875246257619729,-1.4827854620788035
30,56,32,J0203+0851,30.758680,8.866111,-82.9,41.5,5871,79,3.96,0.02,-2.14,0.13,1.56,0.11,0.410,0.031,0,6095,3.97,LAMOST,12.072,0.052,0.042,12.409,11.934,13.402,11.881,10.811,10.499,0.0007653634519674457,2569805072091905408,30.75932609378055,0.014111396,8.865677423386868,0.012860097,2.446432241725453,0.01697596,11.879714965820312,11.413042,12.170874,0.7578316,6262.4097,6223.1826,6281.985,3.9948,3.9593,4.0083,-1.5649,-1.6203,-1.502,32,2.56980507209191E+18,30.7593260937806,8.86567742338687,0.7578316,6377389765853971624,30.7588133432325,8.86608461327208,2.3399213335771,AIS,0.2388248,GALEX J020302.1+085157,3,191,112,20.6129,0.236847,15.37306,0.01024761,20.64631,4.502776,2574.994,24.29792,0.07656465,30.94605,9.01716,1873.319,1903.833,,76.34431,76.05844,0,0.1917964,0.1522943,0,0.20450957919221943,0.2567663820935203,0.1415070561921003,11.91410761790648,11.2715349438079,11.675205386628093,14.818731934,0.6425726740985791,-1.237705413461076
31,58,33,J0213-0005,33.417656,-0.088509,163.6,32.8,6266,359,4.37,0.10,-1.89,0.11,1.30,0.11,0.113,0.147,0,6037,3.84,LAMOST,12.089,0.027,0.025,12.531,12.017,12.398,12.958,11.089,10.811,0.0012219383015297154,2506999490444701312,33.41880233513853,0.014534806,-0.08894990537700996,0.011721592,3.317986051298224,0.015925797,12.025266647338867,11.601534,12.2822,0.68066597,6324.016,6318.1826,6332.948,4.3743,4.3708,4.3787,-2.0108,-2.0379,-1.9892,33,2.5069994904447E+18,33.4188023351385,-0.08894990537701,0.68066597,3779718692543146939,33.4181226098156,-0.0883831039955689,3.18613060222164,MIS,0.2648993,GALEX J021340.3-000518,3,3369.15,3369.15,20.77909,0.05110197,15.07461,0.002161261,17.71605,0.8336328,3389.661,6.745805,0.03569366,33.43954,-0.35242,1930.987,1891.519,,100.4978,98.40623,0,0.1645754,0.1729284,0,0.096136303099046,0.12017344643001655,0.06611222823027106,12.162026553569984,11.535421771769728,11.929130344239821,14.8161879016,0.6266047818002551,-1.2820098274405263
32,59,34,J0232+0019,38.236729,0.330358,-28.1,28.1,4717,34,1.78,0.14,-3.25,0.15,2.24,0.12,2.210,0.140,1,5024,1.75,LAMOST,14.603,0.028,0.015,15.381,14.529,14.832,14.230,12.716,12.158,1.5527446784978723e-05,2500495707367783808,38.23671997318328,0.022258582,0.3303547554081738,0.019020764,0.06251045705949065,0.02564999,14.285609245300293,13.613509,14.791283,1.1777735,,,,,,,,,,34,2.50049570736778E+18,38.2367199731833,0.330354755408174,1.1777735,3785172270214811462,38.23663093056,0.330364723520472,0.322550526584593,MIS,0.4636842,GALEX J023256.7+001949,1,3081.6,3081.6,-999,-999,20.85697,0.04173699,-999,-999,16.48959,0.6337253,0.0270904,37.80832,0.50802,1832.621,1970.815,,0.4888889,0.4701894,1,-99,-99,0,0.06650527199823497,0.08677138848446563,0.049088339463325546,14.704511611515535,13.564420660536674,14.219103973302058,20.660835504,1.1400909509788608,-1.035364922662887
33,60,35,J0232+0545,38.209171,5.751286,-57.4,75.1,6173,85,4.08,0.03,-2.26,0.10,1.18,0.09,0.377,0.039,0,6250,3.89,LAMOST,13.976,0.079,0.055,14.100,13.765,13.822,13.633,12.784,12.498,0.00027842043077755445,2516367192074326400,38.20942898108664,0.018007228,5.751161534002336,0.013942552,1.0766954622451768,0.018682422,13.789419174194336,13.356956,14.058222,0.7012663,6463.783,6370.062,6500.222,4.086,3.9794,4.1181,-1.9249,-2.15,-1.6331,35,2.51636719207433E+18,38.2094289810866,5.75116153400234,0.7012663,6377424945931094068,38.2092274400762,5.75124299380081,0.779186637121228,AIS,0.2339494,GALEX J023250.2+054504,3,112,112,22.00337,0.4398007,16.97915,0.02814454,5.736576,2.323159,586.5938,15.20204,0.05853895,38.01114,5.62523,1944.821,1924.808,,17.39153,17.56942,0,0.05329062,0.0470688,0,0.1575885054756687,0.19710488490788652,0.10838762151432622,13.861117115092114,13.248568378485674,13.631830668718667,16.555328002,0.6125487366064402,-1.2156579601361974
34,61,36,J0232+4115,38.078278,41.262417,-454.0,29.5,5754,114,2.42,0.15,-3.20,0.13,2.68,0.19,1.915,0.154,1,5888,2.61,LAMOST,14.784,0.036,-9.900,15.175,14.688,14.815,14.539,13.485,13.101,8.222236911286957e-06,338442533868857088,38.07828670736072,0.022209756,41.262423521024076,0.0185573,0.05912872054504228,0.0253171,14.597908020019531,14.123293,14.896858,0.7735653,,,,,,,,,,36,3.38442533868857E+17,38.0782867073607,41.2624235210241,0.7735653,6372991681759808424,38.0782210577012,41.2625165127339,0.378988586243369,AIS,0.1799298,GALEX J023218.7+411545,1,104,104,-999,-999,18.46601,0.06580305,-999,-999,149.1407,9.036755,0.05999438,37.89421,41.14759,1935.926,1876.837,,4.421775,4.410988,0,-99,-99,0,0.15940829277965468,0.2005624630550244,0.11077939102776971,14.696295536944975,14.012513608972231,14.438499727239877,18.0316506888,0.6837819279727437,-1.0108398630423663
35,63,37,J0235+0246,38.982880,2.774752,66.4,47.1,6227,7,2.92,0.30,-3.29,0.08,2.60,0.22,1.552,0.300,1,6361,3.51,LAMOST,13.671,0.027,0.014,13.864,13.598,14.180,13.825,13.216,12.931,3.720475411212833e-05,2503510327732736000,38.98287047743522,0.016953781,2.7747169707595067,0.017100446,0.16876632278279854,0.021722574,13.825708389282227,13.44816,14.0424,0.5942402,6102.4785,6085.2695,6121.95,3.3984,3.3883,3.4059,-0.8196,-0.8207,-0.8175,37,2.50351032773274E+18,38.9828704774352,2.77471697075951,0.5942402,6377248965012750405,38.9825486592903,2.77465997572729,1.17523683046205,AIS,0.5963306,GALEX J023555.8+024628,1,105,0,-999,-999,17.35936,0.0397388,-999,-999,413.2908,15.12309,0.02876934,39.23073,3.31705,1917.834,1884.668,,12.25339,12.45876,33,-99,-99,-999,0.07863843903571133,0.09763600157196592,0.05344976445474283,13.944763998428035,13.394710235545256,13.747069950246516,17.1510699784,0.5500537628827793,-0.24998786962029307
36,65,38,J0236+0844,39.119049,8.734916,-160.4,22.6,5809,84,4.54,0.03,-3.04,0.11,0.65,0.30,-0.189,0.039,0,5861,4.00,LAMOST,14.111,0.113,0.062,14.334,13.809,13.926,13.641,12.647,12.311,0.0005428256591206872,20149516946735232,39.11903617449687,0.037955314,8.734372011156598,0.03233419,2.1536558553144136,0.04117301,13.883888244628906,13.354487,14.229924,0.8754368,6020.9263,5990.107,6069.7485,4.5657,4.5513,4.5832,-2.8045,-2.9098,-2.6946,38,2.01495169467352E+16,39.1190361744969,8.7343720111566,0.8754368,6377213843993526749,39.1188031650316,8.73478130626187,1.69071213804149,AIS,0.3376417,GALEX J023628.5+084405,3,112,112,20.48841,0.2115858,17.44545,0.03462167,23.1546,4.511221,381.7847,12.17129,0.1465909,39.04485,9.06442,1915.924,1923.964,,11.31928,11.54423,0,0.2150975,0.1905059,0,0.3869780232227232,0.48897505994491564,0.2700607093139177,13.740948940055084,13.084426290686084,13.496910221406184,16.384131884000002,0.6565226493690002,-1.7671535815274053
37,67,39,J0244+0828,41.146194,8.480548,-106.9,68.7,6365,119,4.28,0.03,-2.48,0.08,1.33,0.09,0.231,0.047,0,6212,3.85,LAMOST,11.484,0.141,0.051,11.368,11.106,99.990,99.990,10.224,9.931,0.0010238358983025173,20646118245837184,41.145927621149404,0.017766308,8.479558842290889,0.017316766,4.399991152120173,0.020959936,11.273290634155273,10.834468,11.539124,0.70465565,6410.391,6335.9805,6461.488,4.3743,4.3612,4.3845,-2.2509,-2.6392,-1.9979,39,2.06461182458372E+16,41.1459276211494,8.47955884229089,0.70465565,6377248949982464261,41.1455606385565,8.48060810622063,3.99697663884599,AIS,0.5394075,GALEX J024434.9+082850,3,109,109,19.15302,0.1458394,14.45954,0.009002033,79.21244,10.63747,5972.864,49.51006,0.1813814,41.58254,8.1581,1907.939,1944.822,,177.0855,172.3382,0,0.7358537,0.7443044,0,0.4968917490032048,0.6176322153871414,0.3364575603824736,10.921491784612858,10.498010439617525,10.77639888515207,13.146338664,0.4234813449953325,-0.8795807126249349
38,68,41,J0248+0714,42.206379,7.248736,-13.7,34.5,5217,50,2.99,0.03,-2.05,0.09,1.58,0.07,1.175,0.034,0,5024,2.59,LAMOST,12.18,0.162,-9.900,12.416,11.744,12.079,11.644,10.375,9.856,0.00038871633482831763,20267027252517760,42.20669968617603,0.01400786,7.24850107441914,0.01287205,1.231099280212685,0.015028474,11.917136192321777,11.269748,12.385831,1.1160831,,,,,,,,,,41,2.02670272525178E+16,42.206699686176,7.24850107441914,1.1160831,6377248959644042569,42.2064062038125,7.24874618740985,1.3700875525902,AIS,0.1208369,GALEX J024849.5+071455,1,137,137,-999,-999,17.21104,0.02949889,-999,-999,473.7888,12.86947,0.1892921,42.08759,7.2754,1910.473,1927.252,,14.04705,14.19287,0,-99,-99,0,0.480488490139668,0.618363500742187,0.3455886719850298,11.767467499257812,10.92415932801497,11.436647702182109,15.840565196,0.8433081712428425,-1.5580741094002537
39,69,42,J0251-0006,42.959488,-0.110140,-46.2,26.0,6062,174,3.85,0.05,-2.97,0.15,1.90,0.21,0.576,0.072,0,6111,4.02,LAMOST,13.176,0.076,0.033,13.385,12.972,13.167,12.900,11.956,11.623,0.0003379860357899517,2498120964114484864,42.959625613805585,0.012679554,-0.11045337252230986,0.010837463,1.2044605728122975,0.013974943,13.016234397888184,12.557155,13.305488,0.748333,6266.4507,6258.4023,6275.481,4.0771,4.0652,4.0847,-1.4996,-1.5,-1.4985,42,2.49812096411448E+18,42.9596256138056,-0.11045337252231,0.748333,3785277823333179798,42.9595910904109,-0.110199301524178,0.92306086721646,MIS,0.3632648,GALEX J025150.3-000636,3,3436.8,3436.8,21.58517,0.07179667,16.30882,0.002694472,8.432091,0.5574549,1087.607,2.698459,0.06533583,42.70048,-0.3648,1796.99,1928.608,,32.24574,31.97694,0,0.07833094,0.08817621,256,0.1745414489853983,0.21908810835106338,0.12077229971376668,13.086399891648938,12.436382700286233,12.841692948902786,15.8357885908,0.6500171913627053,-1.405557550945768
40,71,43,J0302+1356,45.538868,13.948985,-194.0,30.0,5020,68,1.97,0.07,-1.88,0.10,1.75,0.04,2.128,0.073,0,5413,2.37,LAMOST,12.255,0.087,-9.900,12.753,12.021,12.443,11.879,10.478,9.951,5.94012687182848e-05,29184921251610880,45.53888999437301,0.014840185,13.948925050122641,0.010936196,0.38738803558905316,0.017182948,12.024831771850586,11.384337,12.486258,1.1019201,6103.2085,6076.99,6112.057,2.9449,2.9167,2.9484,-0.5789,-0.5798,-0.578,43,2.91849212516109E+16,45.538889994373,13.9489250501226,1.1019201,6377073034562372851,45.5390178238254,13.9491510104821,0.927996804612765,AIS,0.3054011,GALEX J030209.3+135656,1,109.05,109.05,-999,-999,17.72646,0.04145851,-999,-999,294.7233,11.25119,0.1089079,45.24663,14.06223,1898.635,1898.621,,8.738057,8.898547,0,-99,-99,0,0.2741237647223755,0.35373567291785085,0.19854994944376222,12.132522327082148,11.185787050556238,11.75070800712821,16.937966804,0.94673527652591,-1.2406442652690028
41,73,46,J0326+0202,51.724506,2.041151,106.7,89.5,5004,30,2.21,0.04,-3.04,0.10,1.55,0.07,1.883,0.041,0,5091,1.58,LAMOST,11.858,0.109,0.071,12.234,11.565,99.990,99.990,10.032,9.453,0.00010743892240546254,3268028903151246720,51.72460366330885,0.013344333,2.0410911936350074,0.011478316,0.5583356201843859,0.015035918,11.567288398742676,10.9154215,12.0387335,1.123312,,,,,,,,,,46,3.26802890315125E+18,51.7246036633088,2.04109119363501,1.123312,6377108260810394695,51.724651634163,2.04121541791946,0.479353976870514,AIS,0.5501909,GALEX J032653.9+020228,1,119,119,-999,-999,16.97756,0.02587172,-999,-999,587.4575,13.99497,0.1188986,51.49496,1.54121,1946.706,1921.325,,17.41714,17.93321,0,-99,-99,256,0.2984808733755556,0.3856929358446297,0.21660911414657258,11.65304056415537,10.698812385853428,11.26880752536712,16.116734136,0.9542281783019426,-1.6530374217053012
42,75,47,J0343-0430,55.960548,-4.508636,135.3,37.5,6003,60,3.98,0.02,-2.32,0.10,1.48,0.12,0.429,0.027,0,6037,3.84,LAMOST,13.196,0.047,0.032,13.533,13.070,13.203,13.112,12.048,11.706,0.0003088786906029441,3249369503633611136,55.960742077095155,0.011695705,-4.508884591164243,0.01023283,1.41008192640312,0.014324676,13.05456829071045,12.612526,13.325837,0.7133112,6597.977,6581.0254,6614.653,4.1946,4.1884,4.2022,-3.028,-3.219,-2.8959,47,3.24936950363361E+18,55.9607420770952,-4.50888459116424,0.7133112,6377143459143221350,55.9607933453822,-4.5086338937276,0.921075311339745,AIS,0.5523733,GALEX J034350.5-043031,3,110,110,21.42871,0.4269808,16.21974,0.02022511,9.739098,3.829105,1180.598,21.98685,0.07063896,56.12896,-3.98233,1884.685,1909.619,,35.00277,35.06685,1,0.09047254,0.07040691,0,0.19007255675212423,0.23782960326583416,0.1307607621612691,13.088007396734167,12.481765237838731,12.864495733958325,15.708313929600001,0.6062421588954354,-1.2868283939307785
43,76,48,J0347-0404,56.803421,-4.069164,87.3,36.1,4878,43,1.53,0.08,-2.75,0.15,1.89,0.08,2.518,0.081,1,4899,1.16,LAMOST,14.087,0.079,0.043,14.654,13.875,14.138,13.654,12.209,11.666,5.2835772016898316e-06,3249399534044946944,56.803424675160926,0.013927787,-4.069171991386994,0.01289113,0.07959404924570762,0.016656185,13.809040069580078,13.156197,14.283395,1.1271982,,,,,,,,,,48,3.24939953404495E+18,56.8034246751609,-4.06917199138699,1.1271982,6377143458067384064,56.8033426062883,-4.0691659907731,0.295493827612748,AIS,0.3505975,GALEX J034712.8-040409,1,104,104,-999,-999,19.73953,0.120023,-999,-999,46.15185,5.100631,0.08808998,57.15228,-4.11138,1923.908,1901.801,,1.368326,1.504799,0,-99,-99,0,0.2200618622058029,0.28489640959929524,0.16031549212181298,13.998498590400706,12.995881507878188,13.588978207374275,19.1017585448,1.0026170825225176,-1.2242925611764433
44,77,49,J0352+0514,58.044930,5.247481,-39.9,66.5,5880,84,4.23,0.02,-3.15,0.08,0.85,0.10,0.143,0.032,0,6138,4.15,LAMOST,13.45,0.188,0.131,13.446,12.946,13.086,13.745,11.853,11.482,0.0004412919593399555,3273452209896793984,58.04488312111627,0.014971259,5.247039608430382,0.011597215,2.113139576208649,0.017208949,13.242915153503418,12.672353,13.623172,0.950819,6335.5596,6244.887,6362.974,4.3364,4.316,4.3465,-3.4849,-4.1014,-2.3528,49,3.27345220989679E+18,58.0448831211163,5.24703960843038,0.950819,6377108298391356094,58.0448439927109,5.24725809549021,0.798963392010089,AIS,0.5686476,GALEX J035210.7+051450,1,192,192,-999,-999,17.0286,0.02346178,-999,-999,560.4771,12.10846,0.2636626,58.5596,5.49366,1944.881,1910.22,,16.61722,16.85312,1,-99,-99,0,0.6981261172520096,0.8825407497212896,0.48537103209473115,12.74063125027871,12.186981967905268,12.544789036251409,15.119682776000001,0.553649282373442,-1.7219527129307899
45,79,51,J0405+2141,61.301807,21.692400,-283.1,52.8,5002,50,2.12,0.06,-3.21,0.09,1.94,0.06,1.972,0.062,0,5088,1.50,LAMOST,13.511,0.206,0.289,13.685,12.960,13.214,12.614,11.379,10.841,3.620256749924091e-05,53071884383335680,61.301844361506674,0.016527062,21.692372252981276,0.009167848,0.23534443378142936,0.017606378,13.187760353088379,12.463184,13.74328,1.280096,,,,,,,,,,51,5.30718843833357E+16,61.3018443615067,21.6923722529813,1.280096,6392334241997262046,61.3017414853494,21.692652261532,1.0651519940999,GII,0.4930871,GALEX J040512.4+214133,1,319,319,-999,-999,19.21141,0.05361763,-999,-999,75.06487,3.706078,0.2911139,61.6037,21.28745,1926.274,1913.354,,2.225549,2.272157,0,-99,-99,0,0.7265293307209967,0.943689058010376,0.5289374819681938,12.799590941989624,11.934246518031806,12.461231022367382,17.103745364,0.8653444239578185,-1.7087537448141976
46,82,54,J0423+0538,65.886482,5.647117,116.2,61.7,6023,203,4.30,0.06,-2.18,0.08,1.35,0.09,0.115,0.086,0,6197,4.06,LAMOST,12.189,0.102,0.070,12.350,11.916,11.833,11.636,10.889,10.568,0.00040424802085621233,3284234428939068032,65.8866000589998,0.013385863,5.646724193633811,0.009854227,3.4873853678656066,0.014911521,12.021525382995605,11.541357,12.323896,0.78253937,6466.896,6406.4087,6584.603,4.3737,4.3455,4.4423,-2.6919,-3.0292,-2.5095,54,3.28423442893907E+18,65.8866000589998,5.64672419363381,0.78253937,6377002696958807046,65.8863804190056,5.64717338658861,1.79837548614697,AIS,0.4769464,GALEX J042332.7+053849,3,372,372,20.64236,0.1889062,15.469,0.007212637,20.09358,3.495214,2357.22,15.65541,0.2715673,66.18995,5.27817,1921.03,1916.528,,69.88766,69.99424,0,0.1866618,0.1756924,0,0.7433093647797618,0.9253546617552887,0.5030194719248676,11.39854133824471,11.038337528075132,11.278216018215844,13.502852747999999,0.3602038101695779,-0.8599974010978633
47,84,56,J0435+5650,68.958939,56.835571,-138.0,39.1,6524,584,4.22,0.15,-1.89,0.10,1.64,0.11,0.333,0.231,0,6111,3.57,LAMOST,13.018,0.251,0.078,12.711,12.346,12.520,12.290,11.545,11.272,0.0004217270472989207,277505056837614336,68.95849356165118,0.012979416,56.835227694775135,0.010271127,2.2229209413162945,0.015412775,12.83747386932373,12.325507,13.173165,0.84765816,6597.5713,6555.0176,6657.634,4.3534,4.3455,4.3635,-2.233,-2.467,-2.0632,56,2.77505056837614E+17,68.9584935616512,56.8352276947751,0.84765816,6372780605592045530,68.958850226368,56.8354202966242,0.986980162946808,AIS,0.3355248,GALEX J043550.1+565007,1,206,206,-999,-999,16.59211,0.01877262,-999,-999,837.8289,14.48273,0.6689779,68.35339,56.89052,1986.208,1915.069,,24.84024,25.3854,0,-99,-99,0,1.9235327891635325,2.329480088712294,1.2403906436253118,10.843684911287705,11.085116356374687,10.913941080160198,11.748710004000001,-0.24143144508698278,0.4805405277416588
48,85,57,J0440+1706,70.219124,17.114019,-16.9,23.2,6009,107,4.08,0.06,-3.40,0.09,1.46,0.30,0.331,0.068,0,5750,2.29,LAMOST,15.849,0.278,0.097,15.644,15.104,15.239,15.006,14.057,13.695,9.598135599437166e-05,3409230591573159552,70.2191774169436,0.033724047,17.11392920898291,0.013996541,0.6048435331259304,0.041416727,15.618009567260742,14.98316,16.065987,1.0828266,6441.742,6368.223,6523.423,4.2444,4.1891,4.2919,-2.1828,-2.4972,-1.8789,57,3.40923059157316E+18,70.2191774169436,17.1139292089829,1.0828266,6376897104111993680,70.2191418725827,17.1141628907048,0.850096694856646,AIS,0.5812299,GALEX J044052.5+170650,1,204,204,-999,-999,20.09549,0.1291276,-999,-999,33.25085,3.953593,0.4998428,69.64843,17.31577,1918.577,1904.328,,0.9858326,0.821126,0,-99,-99,0,1.3381751119843623,1.6882536344880588,0.918995296837053,14.377733365511942,14.064164703162946,14.27983445527638,16.476628128,0.3135686623489953,-1.17957774452921
49,87,58,J0446+2124,71.707123,21.415560,-62.9,17.2,5069,51,2.87,0.08,-2.82,0.15,1.59,0.14,1.245,0.081,0,4895,1.92,LAMOST,15.224,0.239,0.196,15.203,14.582,14.748,14.330,13.043,12.575,2.498386379304761e-06,3412708484290376064,71.70712862847508,0.026578892,21.415554345988934,0.011894505,0.19378109398233154,0.02937548,14.852958679199219,14.141345,15.395478,1.2541332,6436.9204,6416.7603,6455.0386,3.7583,3.7393,3.7753,-0.4211,-0.4354,-0.408,58,3.41270848429038E+18,71.7071286284751,21.4155543459889,1.2541332,6392932376322772502,71.707133215038,21.4158696284218,1.13512084275507,GII,0.518838,GALEX J044649.7+212457,1,293.05,293.05,-999,-999,20.48471,0.1383091,-999,-999,23.23362,2.958952,0.3771193,71.47115,20.946,1920.735,1925.587,,0.6888384,0.5163676,1,-99,-99,0,0.9577983665767338,1.2359717206892127,0.6873654796413861,14.159506279310788,13.453979520358613,13.895160312622485,17.754366268,0.7055267589521748,-1.6845163443883564
50,89,59,J0529+5040,82.386887,50.675915,-389.8,43.4,6228,183,3.87,0.05,-2.16,0.11,1.64,0.10,0.603,0.074,0,6050,3.55,LAMOST,13.042,0.202,0.050,12.920,12.500,12.632,12.735,11.610,11.264,0.00021981201213678217,213891505942729472,82.3870299005824,0.012779702,50.675706735852906,0.010811616,1.4736699506008348,0.014401984,12.886067390441895,12.370216,13.226799,0.85658264,6576.1646,6509.178,6608.29,4.118,4.0965,4.1592,-2.0425,-2.1732,-1.8789,59,2.13891505942729E+17,82.3870299005824,50.6757067358529,0.85658264,3971790179975305125,82.3868703296725,50.6758530733865,0.640356940613394,MIS,0.4145077,GALEX J052932.8+504033,1,1697.1,0,-999,-999,16.70743,0.006636897,-999,-999,753.401,4.604277,0.5205234,82.43485,50.26247,1935.87,1892.764,,22.33709,22.42915,0,-99,-99,-999,1.460804838856728,1.7980692437516592,0.9642643540802104,11.428729756248341,11.405951645919789,11.425262551585167,12.938840584,0.02277811032855226,-0.09528452357748485
51,93,60,J0554+5235,88.535583,52.599735,105.5,65.0,5358,127,2.46,0.06,-2.29,0.08,1.90,0.06,1.751,0.071,0,5356,1.08,LAMOST,13.751,0.185,0.370,13.858,13.255,13.466,12.855,11.857,11.443,6.26007641801453e-05,215823657109094528,88.5356445633253,0.01132186,52.59967538766142,0.010329062,0.28771719366937015,0.014314033,13.487327575683594,12.833457,13.962993,1.1295357,,,,,,,,,,60,2.15823657109095E+17,88.5356445633253,52.5996753876614,1.1295357,6373308356140991847,88.535477484386,52.5997136745389,0.390465771051879,AIS,0.5438275,GALEX J055408.5+523558,1,605.4,395.4,-999,-999,18.8674,0.02869404,-999,-999,103.0476,2.722699,0.2229722,87.75021,52.8636,1937.701,1900.116,,3.05519,3.139177,1,-99,-99,256,0.5672277802489879,0.7296432814570485,0.40716640792896713,13.233349718542952,12.426290592071032,12.920099795434606,17.253081272,0.8070591264719198,-1.4801306257510731
52,94,61,J0600+2301,90.019257,23.016680,-10.0,35.3,6132,495,3.31,0.14,-1.53,0.17,2.07,0.10,1.136,0.204,0,5190,3.17,LAMOST,13.053,0.445,0.111,12.230,11.859,11.790,11.646,10.921,10.587,0.00011862594049449025,3424556645496346240,90.01935458185316,0.015301741,23.016589689880103,0.012063137,1.0824011425428637,0.017823946,12.7599515914917,12.105554,13.237761,1.1322069,6050.8413,6030.1523,6068.3623,3.5287,3.4885,3.5376,-1.2131,-1.3358,-1.182,61,3.42455664549635E+18,90.0193545818532,23.0165896898801,1.1322069,6387839502887421536,90.0193039811869,23.0167485372646,0.595922131434601,AIS,0.19479,GALEX J060004.6+230100,1,78,0,-999,-999,17.915,0.06389461,-999,-999,247.742,14.57586,1.21961,89.80826,23.00234,1914.2,1943.988,,7.34514,7.52113,0,-99,-99,-999,3.548274526279718,4.158929952491058,2.2398710702645808,9.078831047508942,9.865682929735419,9.211677065211981,9.085023599999998,-0.7868518822264772,1.4396092429804002
53,95,62,J0626+6032,96.699631,60.548325,118.3,63.1,5863,69,3.73,0.03,-2.39,0.09,1.35,0.09,0.638,0.036,0,5679,2.68,LAMOST,13.946,0.082,0.079,14.328,13.726,13.943,13.668,12.649,12.280,8.704271287278848e-05,1005288880051257088,96.69977420822975,0.01037683,60.548262075228855,0.01154186,0.8476713290288596,0.017494291,13.824933052062988,13.315005,14.152372,0.83736706,6371.1147,6326.2524,6437.7476,3.9312,3.896,3.9831,-2.2379,-2.4217,-2.0309,62,1.00528888005126E+18,96.6997742082298,60.5482620752289,0.83736706,6374258349219775403,96.6994095298061,60.5484062715078,0.828344896637497,AIS,0.4673889,GALEX J062647.8+603254,1,216,216,-999,-999,17.59291,0.0275278,-999,-999,333.2992,8.448426,0.08530065,97.45316,60.83532,1985.381,1929.752,,9.881767,10.02647,1,-99,-99,0,0.22480032355078716,0.2839923082232925,0.15719197360768972,13.868379691776708,13.15781302639231,13.6001327285122,16.975333294,0.7105666653843983,-1.4682830830615785
54,97,65,J0637+4308,99.472878,43.138603,59.6,97.9,6189,96,4.07,0.03,-2.97,0.08,1.55,0.12,0.392,0.042,0,6138,2.75,LAMOST,12.537,0.077,0.067,12.720,12.331,12.589,12.751,11.348,11.045,0.0008922213679668705,964077771196247168,99.47345750737401,0.013617941,43.13780843115488,0.013579068,2.1714442377042267,0.01575749,12.375582695007324,11.936369,12.644693,0.70832443,6585.4673,6560.4644,6622.69,4.1718,4.1558,4.2097,-2.195,-2.6582,-1.8712,65,9.64077771196247E+17,99.473457507374,43.1378084311549,0.70832443,6373660240666165524,99.4728111998399,43.138119764009,2.0343995592801,AIS,0.5421399,GALEX J063753.4+430817,3,215,325,20.21693,0.1173936,15.5579,0.01038579,29.73237,3.213988,2171.904,20.77066,0.1309129,99.9136,43.57538,1922.999,1880.331,,64.39335,63.93478,0,0.2762025,0.2662752,0,0.35569678890765,0.44350635754326606,0.2426247160741806,12.201186642456735,11.693744283925819,12.019885906099674,14.610090604,0.5074423585309162,-1.06386742145828
55,98,66,J0643+5111,100.771423,51.190083,-47.5,81.6,5307,64,3.26,0.03,-2.48,0.08,1.26,0.07,0.935,0.036,0,5418,3.33,LAMOST,13.309,0.075,0.065,13.625,13.108,13.357,13.018,11.758,11.308,0.00010762404015779866,991726610281272960,100.77145015046789,0.011651531,51.1899701330194,0.012896469,0.8338222675642974,0.01563687,13.111308097839355,12.5313015,13.509894,0.9785929,6241.199,6231.452,6250.3096,3.5857,3.5816,3.5885,-0.6701,-0.6704,-0.6699,66,9.91726610281273E+17,100.771450150468,51.1899701330194,0.9785929,6373660147248530160,100.771261507258,51.190119628299,0.686148992238635,AIS,0.3700093,GALEX J064305.1+511124,1,322.1,316.1,-999,-999,17.3157,0.02084189,-999,-999,430.2496,8.257103,0.1005352,100.77536,51.56012,1892.671,1964.953,,12.75619,12.17936,0,-99,-99,256,0.25864221039252816,0.33039067525122157,0.1842514500146913,13.179503324748778,12.347050049985308,12.852665887446827,16.587825152,0.8324532747634699,-1.934429231801909
56,99,70,J0657+2948,104.280693,29.806152,234.6,52.1,6731,123,4.12,0.03,-2.89,0.09,1.36,0.30,0.488,0.048,0,6597,4.51,LAMOST,12.589,0.058,-9.900,12.788,12.435,12.327,12.234,11.624,11.427,0.000539704840519286,888129486543916160,104.28023746340857,0.012107317,29.80578517097369,0.011462335,1.7149045362013409,0.01333522,12.484742164611816,12.112736,12.700045,0.5873089,6719.0586,6678.276,6761.3555,4.138,4.1222,4.1515,-2.7885,-3.7463,-2.1873,70,8.88129486543916E+17,104.280237463409,29.8057851709737,0.5873089,6373976873171423100,104.280694039757,29.8061538159827,1.94818145211809,AIS,0.1537084,GALEX J065707.3+294822,3,308,217,19.61925,0.1122213,15.22925,0.008369045,51.55882,5.327805,2939.686,22.65411,0.08713168,104.40206,29.69424,1927.646,1895.406,,87.15681,85.70377,0,0.4789619,0.5259997,0,0.24051363100116752,0.29752339858794025,0.16206516804388554,12.40252160141206,11.950670831956115,12.244228533610649,14.5984166368,0.4518507694559446,-0.8233555292754566
57,100,71,J0701+1813,105.348488,18.229267,152.9,30.2,5093,48,2.36,0.07,-2.31,0.09,1.55,0.05,1.763,0.071,0,5215,1.95,LAMOST,12.746,0.043,0.064,13.238,12.632,13.128,12.537,11.139,10.615,4.979858679153743e-05,3364377384810729088,105.34848031887428,0.012540687,18.229213106814495,0.01114774,0.5448664578179463,0.014300874,12.499249458312988,11.908726,12.908852,1.0001259,,,,,,,,,,71,3.36437738481073E+18,105.348480318874,18.2292131068145,1.0001259,6378023065222120384,105.349135532233,18.2302361928783,4.31098668273562,AIS,0.4332928,GALEX J070123.7+181348,1,310,309,-999,-999,17.02045,0.02088197,-999,-999,564.7025,10.85829,0.07269037,105.40303,18.6605,1957.77,1943.717,,16.74249,15.49752,1,-99,-99,256,0.18554681152095373,0.23776790707638543,0.13300480864728928,12.671084092923614,11.77572119135271,12.313702646792034,16.4941717212,0.8953629015709037,-1.8249365973238616
58,101,72,J0703+3747,105.755608,37.790024,-40.3,26.6,6180,98,4.12,0.03,-2.42,0.09,1.54,0.15,0.339,0.042,0,6250,4.01,LAMOST,13.146,0.087,0.086,13.280,12.914,18.679,17.713,11.955,11.646,0.0006855189362613164,946923298155521024,105.75615678005397,0.0168175,37.78948256779798,0.014922743,1.6567960028368032,0.019193307,12.98118782043457,12.533465,13.259639,0.7261734,6677.1836,6652.4604,6689.989,4.2008,4.1799,4.2376,-2.4786,-2.4956,-2.3623,72,9.46923298155521E+17,105.756156780054,37.789482567798,0.7261734,6373800935204851737,105.756019390358,37.7899173974674,1.61344762270238,AIS,0.5108917,GALEX J070301.4+374723,3,217,217,21.16273,0.3021971,16.24989,0.01506143,12.44256,3.462345,1148.272,15.92507,0.1124359,106.24705,37.45862,1927.022,1861.282,,34.04438,34.62444,1,0.1155867,0.07707778,0,0.3036591595150654,0.37956178360382536,0.20818317296698702,12.880077216396174,12.325281827033013,12.677528660919505,15.435854084,0.5547953893631608,-1.1515037672951145
59,102,73,J0705+2552,106.426262,25.874069,63.0,65.1,5271,62,3.06,0.05,-3.32,0.09,1.44,0.11,1.123,0.053,0,5250,3.04,LAMOST,13.496,0.039,-9.900,14.055,13.391,13.647,13.199,12.047,11.551,2.1251215706219017e-05,883042050539140992,106.4262470703612,0.015312551,25.874054610492486,0.01540333,0.5799879577803427,0.018419959,13.317959785461426,12.752229,13.702866,0.95063686,,,,,,,,,,73,8.83042050539141E+17,106.426247070361,25.8740546104925,0.95063686,6378023024419932825,106.42654454069,25.8743477771038,1.42908350127585,AIS,0.07005666,GALEX J070542.3+255227,1,226,221,-999,-999,17.57946,0.03021953,-999,-999,337.4544,9.390159,0.06565526,106.44034,25.9433,1954.553,1951.309,,10.00496,10.0274,0,-99,-99,0,0.16897104535670324,0.21569397244812313,0.12037103254199939,13.487172027551876,12.631857967458,13.148988740104723,17.1041159176,0.8553140600938764,-1.7733852584716212
60,103,74,J0705+2922,106.454018,29.366991,-46.1,30.3,6210,85,4.05,0.04,-3.07,0.24,1.19,0.30,0.418,0.047,0,6347,4.30,LAMOST,15.016,0.065,0.064,99.990,14.842,14.865,14.694,13.831,13.564,3.826078737794202e-05,884908643326120448,106.45400831918383,0.02353059,29.366949535695884,0.022058247,0.6582283925693628,0.02634021,14.81545352935791,14.380941,15.075729,0.694788,6626.196,6582.767,6651.0728,4.3166,4.2201,4.3928,-3.6739,-4.0322,-3.2975,74,8.8490864332612E+17,106.454008319184,29.3669495356959,0.694788,6374012027476640514,106.454127247264,29.3671974525373,0.967356324387238,AIS,0.3720331,GALEX J070548.9+292201,1,213.05,213.05,-999,-999,17.86447,0.03155174,-999,-999,259.5435,7.540559,0.08597068,106.45127,29.73922,1937.904,1908.339,,7.695034,8.037495,0,-99,-99,0,0.23263215913111426,0.2904099573363736,0.15929301729956513,14.785319042663627,14.221647982700436,14.582821370226796,17.2420422768,0.5636710599631911,-1.237273142318653
61,104,75,J0709+3413,107.283463,34.224667,116.6,39.5,4976,30,2.26,0.07,-2.48,0.12,1.54,0.05,1.823,0.071,0,4815,2.51,LAMOST,14.065,0.031,0.036,14.716,13.981,14.261,13.783,12.419,11.863,1.1703933413102615e-05,891375386605400704,107.28347097626501,0.015040789,34.224649301667355,0.013487617,0.17031125723282484,0.016280672,13.832952499389648,13.212693,14.275028,1.062335,6248.2925,6218.842,6266.148,3.2891,3.2766,3.2941,-0.4249,-0.4266,-0.423,75,8.91375386605401E+17,107.283470976265,34.2246493016674,1.062335,6374011994190643868,107.283666071944,34.2247609523944,0.706257453042511,AIS,0.5068139,GALEX J070908.0+341329,1,201.05,201.05,-999,-999,19.13472,0.06353449,-999,-999,80.55857,4.712935,0.06311791,106.91608,34.63088,1899.99,1888.292,,2.388428,2.447067,17,-99,-99,0,0.15905657798940562,0.20501011887294682,0.11513661435228698,14.070017881127054,13.097556385647712,13.673895921400243,18.6777463316,0.972461495479342,-1.47620588840537
62,106,76,J0711+3538,107.810501,35.647243,-220.5,34.1,4702,58,1.49,0.12,-3.25,0.14,2.00,0.09,2.495,0.121,1,5040,1.76,LAMOST,14.122,0.036,0.042,14.929,14.025,14.365,13.749,12.276,11.637,1.5541710418797515e-05,897679024205551360,107.81051261272536,0.016774151,35.647221906776494,0.014705149,0.060597427255115494,0.01998262,13.83631706237793,13.155708,14.350998,1.1952896,,,,,,,,,,76,8.97679024205551E+17,107.810512612725,35.6472219067765,1.1952896,6374011985600711963,107.81063760173,35.6473838955897,0.688311585208555,AIS,0.298068,GALEX J071114.5+353850,1,265,265,-999,-999,20.35532,0.1145778,-999,-999,26.17404,2.761476,0.05338933,107.45067,35.59067,1901.635,1885.066,,0.7760168,0.6508785,256,-99,-99,0,0.13109257768234855,0.1710673620333805,0.09673942629274065,14.17993063796662,13.05896857370726,13.70522448469558,19.9687812508,1.120962064259361,-1.1537892292637766
63,107,78,J0714+1600,108.594429,16.011812,21.0,156.1,5083,30,2.39,0.04,-2.29,0.08,1.52,0.04,1.730,0.041,0,5237,1.89,LAMOST,11.494,0.070,-9.900,11.982,11.305,12.401,11.306,9.764,9.281,3.416729540104294e-05,3360259919923274496,108.5944704808356,0.016805436,16.01181224868725,0.015695658,0.7530053525206586,0.021555567,11.232223510742188,10.611638,11.672442,1.0608044,,,,,,,,,,78,3.36025991992327E+18,108.594470480836,16.0118122486872,1.0608044,6378058189464668493,108.595167777109,16.0116322966491,2.49833492218311,AIS,0.5552634,GALEX J071422.8+160041,1,333,333,-999,-999,16.33704,0.01183403,-999,-999,1059.7,11.54744,0.1292656,108.01749,16.01187,1880.672,1882.791,,31.41836,28.46227,273,-99,-99,0,0.32879328606219516,0.4223640374673213,0.23622510178166156,11.250077962532679,10.375412898218338,10.903430224679992,15.401157055999999,0.8746650643143408,-1.5163893727854036
64,108,79,J0723+3806,110.849220,38.103809,-212.3,42.8,6093,137,4.16,0.05,-3.04,0.16,1.41,0.28,0.275,0.065,0,6300,4.38,LAMOST,14.632,0.027,0.031,14.970,14.560,14.650,14.430,13.570,13.220,0.00010235561482122051,899693810543540096,110.84933998411339,0.019563112,38.103752673573204,0.019242818,0.9366687515963367,0.021274323,14.466103553771973,14.050724,14.715873,0.66514874,6580.4404,6498.2383,6612.3364,4.3946,4.3052,4.4112,-3.2077,-3.5873,-2.956,79,8.9969381054354E+17,110.849339984113,38.1037526735732,0.66514874,6373836139978032456,110.849263032442,38.1038938276952,0.552938522896827,AIS,0.4926412,GALEX J072323.8+380614,3,384,384,22.8501,0.4587232,17.28341,0.01606595,2.630038,1.11092,443.2384,6.557134,0.05182085,110.35352,38.4058,1974.661,1923.52,,13.14128,13.41523,17,0.02443206,0.03201237,0,0.14029365842590535,0.17500767204054346,0.0960660265974566,14.540865327959457,13.954657973402544,14.325809895346067,16.908227046,0.5862073545569135,-1.3682243123919102
65,109,80,J0723+5206,110.984802,52.110329,-45.2,6.9,4895,72,2.02,0.08,-2.59,0.16,2.82,0.27,2.034,0.083,0,4887,2.27,LAMOST,12.601,0.064,0.033,13.222,12.430,12.866,12.504,10.794,10.241,9.280523542536481e-05,986339587420861824,110.98478067140836,0.010796547,52.11023175617747,0.008868672,0.38873659083351453,0.013059902,12.307784080505371,11.663698,12.77585,1.1121521,,,,,,,,,,80,9.86339587420862E+17,110.984780671408,52.1102317561775,1.1121521,6373695356316683467,110.984744037061,52.1103241371321,0.342292319835456,AIS,0.5190955,GALEX J072356.3+520637,1,94,94,-999,-999,18.11235,0.05224217,-999,-999,206.5671,9.936936,0.06061009,110.38474,51.74622,1975.855,1955.177,,6.124372,6.263718,1,-99,-99,0,0.15128054967372984,0.19586470170572942,0.11029607811578715,12.57998529829427,11.553401921884213,12.15650353083164,17.6735329484,1.0265833764100574,-1.3070430787707457
66,111,81,J0726+3644,111.598083,36.734882,-133.8,27.9,6437,88,4.23,0.03,-2.13,0.11,1.82,0.14,0.300,0.040,0,6199,3.85,LAMOST,13.04,0.039,0.025,13.387,12.936,13.095,12.904,12.082,11.811,0.00013443253169871926,898769121265530240,111.5981932811926,0.021124642,36.73477025358627,0.022364898,1.6392425132707271,0.029982187,12.969247817993164,12.571011,13.2081,0.6370897,6600.2812,6555.309,6620.596,4.3547,4.2782,4.4066,-3.2783,-3.7518,-2.9774,81,8.9876912126553E+17,111.598193281193,36.7347702535863,0.6370897,3845619021463427844,111.598014281733,36.7349822860725,0.921602301773498,MIS,0.2743339,GALEX J072623.5+364405,1,1641,0,-999,-999,15.81298,0.004480266,-999,-999,1717.14,7.084019,0.05856087,111.40713,36.50741,1956.32,1921.732,,50.91035,50.02908,0,-99,-99,-999,0.15951222332463597,0.19845099580119463,0.10868416512104259,13.009649004198806,12.462326834878958,12.809735594668528,15.3889993012,0.5473221693198482,-1.1378426173721774
67,115,85,J0748+3209,117.089706,32.150372,-119.9,25.0,5029,53,2.33,0.07,-3.08,0.16,2.00,0.15,1.771,0.072,0,4789,2.93,LAMOST,13.067,0.069,-9.900,13.627,12.883,13.156,12.605,11.322,10.791,5.800393119848673e-05,881641444523743488,117.08975616832349,0.0139017245,32.150321449821476,0.011419487,0.31374502826140704,0.01846678,12.791630744934082,12.16668,13.24266,1.0759792,,,,,,,,,,85,8.81641444523743E+17,117.089756168323,32.1503214498215,1.0759792,2840155220280871922,117.08975235424,32.1507801569726,1.65138666262239,MIS,0.3529516,GALEX J074821.5+320902,1,3108.2,3108.2,-999,-999,17.8472,0.008885139,-999,-999,263.7046,2.157507,0.07594392,117.43504,32.34903,1935.757,1918.142,,7.818405,7.820504,0,-99,-99,0,0.19122373170485177,0.24660605466118452,0.13849472572979615,12.996053945338817,12.028185274270204,12.60040701322923,17.297366019200002,0.9678686710686133,-1.7854110876800666
68,116,88,J0753+2350,118.367493,23.839073,352.2,52.2,4929,66,2.03,0.07,-3.45,0.10,1.71,0.09,2.036,0.073,0,5070,2.73,LAMOST,13.701,0.056,0.092,14.337,13.551,13.879,13.355,11.963,11.359,5.837359053437733e-06,675440717478354560,118.3674976621803,0.012776017,23.839061265902565,0.008807263,0.19480636245573296,0.013853091,13.47816276550293,12.823806,13.955051,1.1312456,,,,,,,,,,88,6.75440717478355E+17,118.36749766218,23.8390612659026,1.1312456,6377882322365057796,118.367681021242,23.8393700091534,1.26488074284,AIS,0.5243831,GALEX J075328.2+235021,1,208,208,-999,-999,19.01227,0.06281346,-999,-999,90.17644,5.21574,0.06598821,117.80005,23.76684,1950.234,1915.345,,2.673582,2.814214,1,-99,-99,0,0.16423875318631384,0.21294304391169458,0.11999223593906339,13.742107956088304,12.703813764060936,13.313924012316615,18.5345153596,1.0382941920273687,-1.692559654080826
69,118,89,J0758+4703,119.568268,47.062038,-41.2,49.5,5766,61,4.08,0.08,-2.18,0.10,1.14,0.11,0.259,0.082,0,6000,4.01,LAMOST,14.582,0.053,-9.900,14.976,14.440,14.595,14.315,13.331,12.940,4.23220282013463e-05,932683488703778048,119.56826257228865,0.061433975,47.06199031862102,0.058681745,0.8699687517159388,0.08014457,14.43426513671875,13.922804,14.717755,0.79495144,6325.6064,6298.73,6358.0264,4.3884,4.3344,4.4284,-1.4963,-1.4991,-1.4897,89,9.32683488703778E+17,119.568262572289,47.061990318621,0.79495144,2419842711309786397,119.568253476793,47.0620915818695,0.365229443638861,MIS,0.250277,GALEX J075816.3+470343,3,2310,2310,21.71741,0.1670978,17.97432,0.01034366,7.465172,1.148631,234.5694,2.234167,0.06699431,119.65308,46.81861,1921.703,1934.75,,6.954595,7.021708,0,0.06934863,0.04892321,0,0.17748375624249527,0.22362492555957994,0.12361846882497705,14.49413007444042,13.799185531175022,14.256781380476255,17.4892811956,0.6949445432653985,-1.4621234723438397
70,119,90,J0759+5411,119.751060,54.185398,34.2,36.4,6493,145,4.16,0.05,-3.18,0.15,2.41,0.30,0.385,0.066,0,6287,4.53,LAMOST,15.355,0.044,0.030,15.602,15.238,15.374,15.172,14.335,14.108,5.5240836513090994e-05,984779380420021760,119.75108973502297,0.020848906,54.185338541334225,0.018157475,0.5315165689476475,0.0288604,15.253496170043945,14.836094,15.503625,0.667531,6618.7427,6590.346,6637.023,4.3325,4.2726,4.3857,-3.5921,-3.8344,-3.103,90,9.84779380420022E+17,119.751089735023,54.1853385413342,0.667531,6373695325180267728,119.751085880335,54.1855791966779,0.866397291486184,AIS,0.3643352,GALEX J075900.2+541108,3,104,104,21.37577,0.4341047,18.15393,0.05119054,10.22571,4.087503,198.8045,9.371002,0.03642949,119.93349,53.83737,1938.394,1975.332,,5.894224,6.045979,0,0.09499298,0.06193762,0,0.0983642052352046,0.12282102382354793,0.06750915150908525,15.380803976176452,14.768584848490914,15.15513196480874,17.8901804924,0.6122191276855382,-1.3427400075999447
71,122,91,J0801+4530,120.322937,45.500950,68.8,21.9,4966,70,2.30,0.06,-2.99,0.15,1.80,0.13,1.779,0.064,0,4870,0.97,LAMOST,13.295,0.059,-9.900,13.829,13.137,13.382,12.897,11.533,10.997,5.6132875730118335e-05,932282510557338368,120.32298168584127,0.012549726,45.50089490300968,0.012376666,0.3514130616792543,0.017034357,13.017181396484375,12.388418,13.467549,1.0791311,5771.021,5752.836,5831.47,2.8001,2.7925,2.82,-2.405,-3.1288,-2.2301,91,9.32282510557338E+17,120.322981685841,45.5008949030097,1.0791311,2419701973819334577,120.323119390378,45.5009780582371,0.458633229586626,MIS,0.5769468,GALEX J080117.5+453003,1,1563,1563,-999,-999,18.17741,0.01385302,-999,-999,194.5527,2.481715,0.06680799,120.60313,44.95878,1905.448,1935.643,,5.768165,5.810641,1,-99,-99,0,0.1679147602894629,0.21670419133198363,0.12178549843343676,13.250844808668017,12.266632501566564,12.849266636194912,17.693720152399997,0.984212307101453,-1.7208412402438222
72,124,92,J0804+4659,121.184547,46.997051,3.8,38.9,5812,86,3.06,0.13,-2.07,0.09,1.81,0.08,1.293,0.133,0,5860,4.18,LAMOST,12.429,0.024,0.043,12.897,12.366,12.498,12.424,11.241,10.897,0.0008819025740016587,932820785924560384,121.18567219307124,0.090934366,46.99748618639167,0.08169364,0.5548769793547498,0.11830798,17.562711715698242,16.765919,18.075312,1.3093929,4390.382,4380.629,4405.7646,4.7991,4.7613,4.8168,-1.0183,-1.1179,-0.8645,92,9.3282078592456E+17,121.185672193071,46.9974861863917,1.3093929,6373695403561323376,121.184623190411,46.9967073856274,3.8071754037896,AIS,0.3464479,GALEX J080444.3+465948,1,112,112,-999,-999,15.67036,0.0150508,-999,-999,1958.198,27.13855,0.0379877,121.09542,46.65568,1920.314,1922.918,,58.05734,58.49015,0,-99,-99,0,0.09114097025936517,0.12033577616980853,0.06838473030344792,17.95497622383019,16.697534269696554,17.47157074543888,15.395329052000001,1.2574419541336361,-10.340755365566876
73,125,93,J0804+5740,121.220154,57.672100,-318.1,43.4,4556,93,1.45,0.07,-2.47,0.09,1.94,0.05,2.480,0.075,0,4707,1.13,LAMOST,11.51,0.051,0.111,12.297,11.373,11.757,11.071,9.476,8.844,4.146940444773011e-05,1081668723016932736,121.22019685585241,0.011259986,57.67205769576607,0.012341547,0.2837311456567488,0.017143652,11.148216247558594,10.434461,11.704941,1.2704802,,,,,,,,,,93,1.08166872301693E+18,121.220196855852,57.6720576957661,1.2704802,6373589831117701409,121.220326366092,57.6722162214837,0.622778989448889,AIS,0.5488049,GALEX J080452.8+574019,1,266,266,-999,-999,18.6122,0.0389376,-999,-999,130.3528,4.673688,0.04202906,120.69212,58.14385,1708.759,2036.854,,3.864745,3.947661,1,-99,-99,0,0.10161948589511162,0.13363202908328964,0.0758299548717717,11.57130897091671,10.358631045128229,11.046596761663482,18.307909605600003,1.2126779257884817,-0.722713159583722
74,126,94,J0814+3305,123.554825,33.099293,93.2,25.2,5685,81,3.46,0.07,-3.34,0.25,0.35,0.30,0.854,0.074,0,5638,1.97,LAMOST,15.057,0.042,0.040,15.442,14.946,15.096,14.799,13.763,13.362,5.9425439700940874e-05,902428295962842496,123.55476166687582,0.02288054,33.09927347387944,0.018993586,0.2971660292206031,0.03110419,14.876274108886719,14.3713255,15.195334,0.82400894,6158.0337,6115.081,6199.991,3.7963,3.7458,3.8387,-2.0524,-2.1856,-1.9476,94,9.02428295962842E+17,123.554761666876,33.0992734738794,0.82400894,6374047198963831088,123.554943656642,33.0993894058561,0.68950554635356,AIS,0.4040508,GALEX J081413.1+330557,1,202,94,-999,-999,18.28329,0.04019167,-999,-999,176.4744,6.531123,0.05378971,123.53842,32.69558,1944.514,1903.402,,5.232173,5.395507,0,-99,-99,0,0.1414769285395486,0.17879898107712136,0.09911178534544993,15.016535018922879,14.27221371465455,14.73479718034717,17.8938524996,0.744321304268329,-1.820510087030856
75,127,95,J0814+4055,123.713181,40.929455,158.5,43.3,6125,149,4.42,0.04,-2.88,0.14,1.60,0.20,0.024,0.060,0,6083,4.40,LAMOST,12.403,0.038,0.017,12.746,12.301,12.395,12.396,11.287,10.986,0.0005038097057954164,909620884417824128,123.71348488315655,0.011539939,40.928998430569266,0.011966406,3.385779514668158,0.01664835,12.241090774536133,11.820846,12.493814,0.67296886,6235.3125,6226.241,6251.83,4.4542,4.45,4.4601,-2.6784,-2.7495,-2.6001,95,9.09620884417824E+17,123.713484883157,40.9289984305693,0.67296886,6373871300727801166,123.71334916294,40.9292123187834,0.853909873721845,AIS,0.215821,GALEX J081451.2+405545,3,207,207,21.47007,0.2379691,15.12788,0.009012025,9.375025,2.054297,3227.351,26.78174,0.04691539,123.46804,41.04007,1939.137,1930.836,,95.68562,95.04346,0,0.08709044,0.09077664,0,0.12674209085812063,0.15824383023749913,0.08693966360430205,12.335570169762502,11.733906336395698,12.114348683678012,14.7882125764,0.6016638333668034,-1.3636931150203555
76,128,96,J0815+3051,123.984779,30.865723,158.3,20.6,6451,136,3.87,0.07,-2.36,0.22,0.94,0.30,0.664,0.081,0,6361,4.49,LAMOST,15.021,0.048,0.023,15.202,14.891,14.943,14.784,14.039,13.765,3.139074950867181e-05,900787206138065920,123.98477508767367,0.030216187,30.86568673225723,0.0216839,0.5507143788072143,0.035401043,14.863458633422852,14.463066,15.099666,0.63659954,6700.3057,6662.804,6728.4673,4.427,4.4085,4.4411,-3.2655,-3.3728,-3.0306,96,9.00787206138066E+17,123.984775087674,30.8656867322572,0.63659954,3714064654225381752,123.984746648408,30.8658626064587,0.639217017143339,MIS,0.1465085,GALEX J081556.3+305157,3,1690.1,1690.1,22.87574,0.2322664,17.69118,0.0110397,2.568645,0.5493647,304.4591,3.09497,0.0402228,123.93502,30.72572,1946.373,1931.516,,9.026707,9.09192,0,0.02386175,0.01341841,0,0.10928108323328854,0.13607870751708906,0.07462863989707041,14.96358729248291,14.388437360102929,14.754177550189564,17.399966927999998,0.5751499323799809,-1.2019662658927297
77,130,97,J0816-0559,124.116592,-5.987040,184.9,35.4,4716,26,2.03,0.07,-3.56,0.12,2.09,0.13,1.960,0.070,0,4948,2.02,LAMOST,13.654,0.060,0.063,14.293,13.494,13.792,13.309,11.709,11.108,1.3608218422401125e-05,3064362275530429312,124.11661141138507,0.012226527,-5.987050403754432,0.009398879,0.15094046841714706,0.015455531,13.342547416687012,12.658256,13.8552065,1.1969509,6025.4995,6025.1123,6042.2144,2.6136,2.6107,2.6554,-0.5503,-0.5508,-0.55,97,3.06436227553043E+18,124.116611411385,-5.98705040375443,1.1969509,6378128638739482854,124.116463512537,-5.98717602166761,0.69635531169433,AIS,0.4800262,GALEX J081627.9-055913,1,112,112,-999,-999,19.55858,0.1029547,-999,-999,54.52139,5.168722,0.07399923,124.59838,-5.96085,1943.092,1934.456,,1.616469,1.718186,1,-99,-99,0,0.1821346255559124,0.23744403505903644,0.13416039324796095,13.617762464940963,12.524095606752038,13.1604127911311,19.0228255748,1.093666858188925,-1.4285564201150258
78,131,98,J0824+3025,126.247185,30.428350,18.1,19.6,6327,235,4.19,0.08,-2.72,0.21,1.34,0.30,0.310,0.107,0,6250,3.98,LAMOST,16.104,0.040,0.008,16.345,15.996,16.064,15.852,15.072,14.795,8.12702380198177e-05,708825223391675648,126.24721438978298,0.036237575,30.428265399851885,0.031229252,0.3669267130089581,0.047590464,15.92849349975586,15.5082445,16.183151,0.67490673,6153.6406,6142.6406,6175.6313,4.4659,4.4402,4.4997,-1.4749,-1.5426,-1.4102,98,7.08825223391676E+17,126.247214389783,30.4282653998519,0.67490673,3714310944827905205,126.247137443591,30.428451201169,0.710251519260812,MIS,0.1979663,GALEX J082459.3+302542,1,2603.7,2603.7,-999,-999,18.87291,0.01578856,-999,-999,102.5266,1.49056,0.0426623,126.01877,30.44907,1919.977,1933.633,,3.039745,3.099298,0,-99,-99,0,0.11514120864737488,0.14381274906458305,0.07904654345061349,16.039338250935415,15.429197956549386,15.813352291108485,18.564034948,0.6101402943860297,-1.3303704652650525
79,133,99,J0828+0037,127.042976,0.618464,305.0,64.8,6020,59,3.84,0.03,-2.21,0.10,1.38,0.08,0.574,0.035,0,6024,3.86,LAMOST,12.669,0.026,0.011,13.016,12.599,12.687,12.412,11.534,11.249,0.0002768760009979584,3077696843314224128,127.04282548839505,0.015616133,0.6182299015524959,0.009337467,1.4367695699087308,0.023275014,12.49915599822998,12.074347,12.7588215,0.68447495,6512.7812,6434.532,6546.189,4.0037,3.9474,4.0436,-2.1953,-2.36,-2.02,99,3.07769684331422E+18,127.042825488395,0.618229901552496,0.68447495,6377952735134748297,127.042982178655,0.618547358325474,1.27445989909475,AIS,0.4607225,GALEX J082810.3+003706,3,111,111,20.99044,0.307343,15.66717,0.01538268,14.58232,4.126863,1963.959,27.81855,0.0476431,127.30304,0.23823,1921.37,1936.7,,58.22812,58.79847,1,0.1354642,0.09254393,0,0.1284507275351095,0.16052389763654265,0.08825156438842707,12.598297602363457,11.986095435611572,12.37070527069487,15.322233956,0.6122021667518851,-1.1562361261172338
80,134,100,J0830+1214,127.542694,12.246818,109.2,14.9,4810,49,2.14,0.30,-3.38,0.19,2.28,0.24,1.884,0.300,1,5000,1.65,LAMOST,15.02,0.028,0.024,15.764,14.945,15.230,14.651,13.243,12.654,3.840736184144068e-06,602707542264045568,127.54270349948185,0.022430796,12.246813943927839,0.016289629,0.061021014676155165,0.027031131,14.722243309020996,14.061787,15.206867,1.1450806,,,,,,,,,,100,6.02707542264046E+17,127.542703499482,12.2468139439278,1.1450806,6377811926777335140,127.542580345981,12.2469441911933,0.638415909753818,AIS,0.3820981,GALEX J083010.2+121449,1,110,110,-999,-999,20.70696,0.2147956,-999,-999,18.9328,3.744643,0.03171944,127.78428,11.9467,1937.967,1929.163,,0.5613261,0.6257545,0,-99,-99,0,0.07838907657620106,0.10194519995562806,0.05757916408018856,15.104921800044373,14.004207835919813,14.643854232444795,20.4773112544,1.1007139641245605,-1.399572821430639
81,137,101,J0830+1751,127.543121,17.862062,21.0,17.2,6164,136,4.15,0.04,-1.80,0.13,1.27,0.18,0.305,0.057,0,6155,4.14,LAMOST,12.75,0.023,0.042,13.021,12.687,12.859,12.610,11.709,11.429,0.00023261426459091577,662181088284133248,127.5429900995783,0.013597084,17.861863332448827,0.008338595,2.0076439926759457,0.015874045,12.604402542114258,12.199197,12.848066,0.6488695,6428.791,6422.4346,6436.8076,4.223,4.217,4.2308,-1.8783,-1.9015,-1.8557,101,6.62181088284133E+17,127.542990099578,17.8618633324488,0.6488695,3796255347422790691,127.542791287456,17.8618430944741,0.685109840398329,MIS,0.465756,GALEX J083010.2+175142,1,2034.2,0,-999,-999,15.58422,0.003660871,-999,-999,2119.89,7.146081,0.03574577,127.58486,18.32588,1948.604,1940.85,,62.85123,61.61987,17,-99,-99,-999,0.09683790412700644,0.12073343552932196,0.06628710255388631,12.727332564470677,12.132909897446114,12.507564637987251,15.3254206252,0.5944226670245634,-1.14272925257392
82,138,102,J0832+2450,128.242981,24.833618,80.4,86.4,6128,65,3.91,0.02,-2.38,0.08,1.30,0.06,0.535,0.028,0,6211,4.18,LAMOST,12.161,0.022,0.027,12.557,12.103,12.789,12.163,11.140,10.806,0.00047468572050804784,678598441856664320,128.24321331371706,0.012840046,24.833184274479258,0.010146952,1.9686591523621721,0.016420357,12.052267074584961,11.633778,12.302662,0.6688843,6417.4863,6372.4966,6449.5557,4.0259,3.9909,4.0876,-1.9807,-2.3023,-1.5926,102,6.78598441856664E+17,128.243213313717,24.8331842744793,0.6688843,6408448684416044682,128.242896108828,24.8334171393834,1.33296069099642,MIS,0.2895268,GALEX J083258.3+245000,3,362,362,20.36151,0.1116197,14.98098,0.006344608,26.02549,2.674915,3694.94,21.58651,0.03284067,128.24312,24.54389,1947.247,1952.655,,109.5488,104.2601,0,0.241767,0.2309059,0,0.08860653256527892,0.11066905297208225,0.060851563503236006,12.191992947027918,11.572926436496763,11.963660542019682,14.7432135492,0.6190665105311552,-1.33298584383747
83,140,103,J0834+2307,128.703873,23.126230,131.0,77.6,5386,117,3.37,0.04,-2.61,0.10,1.62,0.10,0.850,0.053,0,5474,3.22,LAMOST,12.369,0.036,0.024,12.786,12.272,12.734,12.236,10.977,10.521,0.00016117592747353848,666281029704313344,128.70394051991357,0.012877355,23.126073279953467,0.00922522,1.322933276921785,0.014777307,12.153586387634277,11.631862,12.495111,0.8632498,6179.1924,6103.4,6270.9624,3.6698,3.642,3.6971,-1.3213,-1.4138,-1.1999,103,6.66281029704313E+17,128.703940519914,23.1260732799535,0.8632498,6408307946925588818,128.70378030917,23.1261647123768,0.624244221994373,MIS,0.4463611,GALEX J083448.9+230734,1,335,335,-999,-999,16.05691,0.01106171,-999,-999,1371.622,13.97099,0.03878977,128.82306,23.55888,1906.433,1925.226,,40.66633,41.04561,1,-99,-99,0,0.10107838134846599,0.12825045046211733,0.07133508152174056,12.366860549537883,11.56052691847826,12.05250800628581,15.7760720652,0.8063336310596227,-1.618682924321826
84,146,104,J0842-0143,130.541382,-1.731691,185.2,31.5,6481,127,4.07,0.03,-3.17,0.13,2.00,0.30,0.472,0.049,0,6320,4.33,LAMOST,13.398,0.030,0.005,13.682,13.319,13.437,13.276,12.406,12.178,0.0004327593378653931,3072527248877613056,130.54149257808834,0.012294974,-1.7321168913204057,0.008463648,1.2070458637759987,0.016971415,13.285998344421387,12.915476,13.502988,0.587512,6594.0806,6573.0312,6616.963,4.1429,4.1093,4.1886,-3.7452,-4.1114,-2.6381,104,3.07252724887761E+18,130.541492578088,-1.73211689132041,0.587512,3206600455787385015,130.541569539985,-1.73205011602918,0.366717241336705,GII,0.2778993,GALEX J084209.9-014355,1,1870.1,0,-999,-999,15.91319,0.004409424,-999,-999,1565.755,6.357346,0.03059019,130.29824,-1.59764,1924.731,1926.173,,46.42204,45.75546,0,-99,-99,-999,0.08373995379988271,0.10390242413435505,0.05684805647341611,13.399085575865644,12.858627943526583,13.202258390621504,15.6917170244,0.5404576323390611,-1.107255930225283
85,147,105,J0845+0150,131.279480,1.836369,202.6,61.7,6237,108,3.98,0.03,-2.30,0.09,1.49,0.07,0.495,0.044,0,6250,3.89,LAMOST,13.078,0.052,0.023,13.320,12.940,13.003,13.158,12.015,11.704,0.0003611594771898632,3078824255048887296,131.2798102403795,0.015210004,1.836203147456412,0.01038432,1.419511381044719,0.018736217,12.929167747497559,12.528473,13.171884,0.6434107,6692.7915,6673.083,6700.821,4.1507,4.1208,4.1916,-2.4737,-2.4927,-2.4097,105,3.07882425504889E+18,131.27981024038,1.83620314745641,0.6434107,2423994467216271012,131.279530512699,1.8363128552043,1.0812174513363,MIS,0.431918,GALEX J084507.0+015010,3,3352.05,3352.05,21.00768,0.0635182,15.84223,0.003002089,14.35254,0.8394545,1671.505,4.620634,0.07125825,131.46263,1.44509,1908.691,1929.982,GR6/pipe/01-vsn/25120-GI5_054009_EY_Hya/g/01-main/0001-img/07-try/qa/spjpeg/GI5_054009_EY_Hya_id009892-ng-prc_int.jpeg,49.55736,48.54471,1,0.1333297,0.1369961,256,0.1942324725233486,0.2416163284112811,0.1322467799426863,12.93026767158872,12.396226220057313,12.73493527497421,15.32632027,0.5340414515314063,-1.0741169124516992
86,153,106,J0845+2053,131.343903,20.898336,141.3,27.3,4993,74,1.85,0.08,-2.42,0.10,2.53,0.10,2.239,0.083,0,5053,1.22,LAMOST,12.031,0.031,0.027,12.744,11.947,12.335,11.749,10.416,9.844,1.9493383622652844e-05,661859034455255296,131.34389942839564,0.018403612,20.898312712915143,0.009656048,0.33241403481758414,0.021786945,11.84555435180664,11.22148,12.28903,1.0675497,,,,,,,,,,106,6.61859034455255E+17,131.343899428396,20.8983127129151,1.0675497,6377706360776166733,131.344002268902,20.8984669313722,0.654108763018128,AIS,0.4934307,GALEX J084522.5+205354,1,106,106,-999,-999,17.68281,0.04005528,-999,-999,306.8137,11.31631,0.03349132,131.28951,20.40768,1923.025,1920.159,,9.096517,9.26939,1,-99,-99,0,0.08398290646113848,0.10845707052103627,0.061027406396083096,12.180572929478965,11.160452593603917,11.761571445345503,17.4403328432,1.0201203358750472,-1.0360036917944475
87,155,108,J0850+4143,132.661987,41.730236,-137.0,19.9,5027,44,1.96,0.07,-2.53,0.11,2.16,0.08,2.141,0.071,0,5125,1.08,LAMOST,12.045,0.029,0.023,12.745,11.967,12.356,11.781,10.430,9.891,5.5471514465598254e-05,912904099154455680,132.66202240204768,0.01251326,41.73017971119465,0.010701318,0.36697534065583626,0.01855459,11.810275077819824,11.209441,12.227843,1.0184021,5400.427,5289.12,5900.5454,2.2823,2.2247,2.4586,-2.3052,-2.6457,-2.1973,108,9.12904099154456E+17,132.662022402048,41.7301797111947,1.0184021,6373906487245280958,132.66192327431,41.7302995832776,0.50710216923051,AIS,0.573195,GALEX J085038.8+414349,1,264,136,-999,-999,17.24894,0.02001357,-999,-999,457.5364,8.431802,0.02879857,133.0614,41.24142,1911.497,1895.502,,13.5652,13.764,1,-99,-99,0,0.07282830545240485,0.09367192665132741,0.05258970341165479,12.134171073348673,11.156851296588345,11.73744677236742,17.040438353200003,0.9773197767603286,-1.1224152735619572
88,158,109,J0852+2627,133.033630,26.458351,-54.6,17.8,5604,111,3.69,0.06,-2.41,0.11,1.55,0.13,0.599,0.069,0,5847,3.72,LAMOST,15.026,0.033,-9.900,15.456,14.937,15.098,14.808,13.812,13.329,4.332944070280718e-05,691015471484504704,133.03364958257978,0.023448091,26.458303806186947,0.013539298,0.4755083222921675,0.029051265,14.870333671569824,14.393774,15.164736,0.77096176,6294.4575,6278.172,6311.4263,4.2282,4.2049,4.2477,-1.4992,-1.4998,-1.4979,109,6.91015471484505E+17,133.03364958258,26.4583038061869,0.77096176,3718955281943630944,133.033859640963,26.4587102783286,1.61232088414985,MIS,0.09657243,GALEX J085208.1+262731,1,1686.75,1686.75,-999,-999,18.2818,0.01516648,-999,-999,176.7172,2.467936,0.03954273,132.92968,26.4838,1895.905,1913.551,,5.239372,5.306451,0,-99,-99,0,0.10481406338718194,0.13197410377283006,0.07299316929077479,15.03276189622717,14.320780830709225,14.765519608182641,17.995510634800002,0.7119810655179446,-1.5026999626364619
89,161,110,J0854+1405,133.575531,14.084297,241.1,15.9,6065,92,4.39,0.03,-3.05,0.13,2.17,0.30,0.037,0.041,0,6047,4.49,LAMOST,14.977,0.038,0.047,15.340,14.876,15.012,14.757,13.843,13.531,0.00016386896789693454,608662291080670208,133.57540567131088,0.025156373,14.084188002651238,0.011018092,1.0226210299391176,0.029804338,14.81804370880127,14.358141,15.101493,0.74335194,6378.8037,6344.2085,6416.056,4.6045,4.557,4.6438,-2.9009,-2.9926,-2.3424,110,6.0866229108067E+17,133.575405671311,14.0841880026512,0.74335194,3126028243502635428,133.575542760017,14.0842800253133,0.582138762052926,GII,0.5970249,GALEX J085418.1+140503,1,796.65,796.65,-999,-999,17.89263,0.02039356,-999,-999,252.8994,4.749095,0.02954053,133.14533,13.65767,1794.098,1969.979,,7.498047,7.54531,32,-99,-99,32,0.07858815329403201,0.09877463201115912,0.054577891652580146,15.002718367988841,14.30356310834742,14.739455555507238,17.6787565628,0.6991552596414206,-1.6837963336705029
90,163,111,J0906+2924,136.536911,29.413280,89.7,16.9,4732,38,1.42,0.12,-3.02,0.17,1.73,0.16,2.576,0.121,1,5012,2.20,LAMOST,14.83,0.041,-9.900,15.498,14.719,14.987,14.429,12.984,12.368,4.06087413508721e-06,699244731901908352,136.53691396320093,0.020769287,29.413277981136467,0.0129703265,0.03583325689739976,0.02718342,14.51699447631836,13.8493805,15.008826,1.1594458,,,,,,,,,,111,6.99244731901908E+17,136.536913963201,29.4132779811365,1.1594458,3847378240269193998,136.537134658178,29.4132768119008,0.692103443360534,MIS,0.04736889,GALEX J090608.9+292447,1,1686.75,0,-999,-999,21.0116,0.06530575,-999,-999,14.30071,0.859962,0.02957314,136.48708,29.43179,1981.374,1920.005,,0.4239924,0.4100568,256,-99,-99,-999,0.07287041307007831,0.09490325483753492,0.053640981486240864,14.913922745162465,13.79573951851376,14.444124063248282,20.797490466400003,1.1181832266487053,-0.9876949831349409
91,166,112,J0908+3119,137.220306,31.328123,172.9,18.6,4674,39,2.06,0.30,-3.74,0.17,2.30,0.20,1.914,0.300,1,4815,1.12,LAMOST,14.931,0.032,0.025,15.754,14.845,15.180,14.545,12.995,12.414,2.7639879279340633e-05,700085583420082176,137.2203142625443,0.020879291,31.3280898968473,0.015573156,-0.018231651261100962,0.027252793,14.60824966430664,13.910307,15.1381445,1.2278376,,,,,,,,,,112,7.00085583420082E+17,137.220314262544,31.3280898968473,1.2278376,6378445278760931169,137.220384722394,31.3283763033813,1.05358400541683,AIS,0.5770389,GALEX J090852.8+311942,1,415,311,-999,-999,21.16002,0.2071844,-999,-999,12.47355,2.379673,0.02402693,136.55015,31.25796,1918.283,1912.794,,0.3698201,0.4003329,1,-99,-99,0,0.058417706407461446,0.07659048339662124,0.043420439566158806,15.061554016603377,13.86688656043384,14.54983195789918,20.9860650268,1.1946674561695367,-1.3875231026086308
92,167,113,J0908+3207,137.108627,32.121304,45.4,23.5,5141,34,2.64,0.19,-2.74,0.17,1.69,0.15,1.500,0.190,1,5210,1.96,LAMOST,14.463,0.025,-9.900,15.074,14.395,14.705,14.238,12.936,12.400,9.086812145557983e-05,712272535942665856,137.1086118942337,0.01964954,32.12120911104551,0.012449888,0.13806009188978308,0.023325952,14.29474925994873,13.700092,14.707236,1.007144,,,,,,,,,,113,7.12272535942666E+17,137.108611894234,32.1212091110455,1.007144,6378445270170996561,137.108469580478,32.1213473500569,0.660256745366203,AIS,0.5394135,GALEX J090826.0+320716,1,202.05,90.05,-999,-999,19.19565,0.06021941,-999,-999,76.16233,4.223251,0.02101349,137.67877,31.88245,1914.698,1904.036,,2.258087,2.342673,0,-99,-99,0,0.05319572811802394,0.06838026478969322,0.0383848260723451,14.638855735210306,13.661707173927654,14.241553531830707,19.0435123324,0.977148561282652,-1.6027025758859699
93,169,114,J0910+3854,137.551437,38.915558,23.7,31.6,4814,43,1.73,0.06,-3.50,0.14,2.14,0.09,2.295,0.061,1,5026,1.84,LAMOST,14.337,0.028,0.012,15.099,14.261,14.522,13.970,12.556,11.970,3.388206501299051e-05,719093356325125248,137.551451784241,0.016847532,38.91551949067719,0.013561211,0.06095242585092071,0.020129072,14.033158302307129,13.390243,14.501693,1.1114502,,,,,,,,,,114,7.19093356325125E+17,137.551451784241,38.9155194906772,1.1114502,6373906503351405700,137.551526548547,38.9156181839831,0.412421693030563,AIS,0.5096713,GALEX J091012.3+385456,1,96,96,-999,-999,19.971,0.1345131,-999,-999,37.29045,4.618834,0.01926965,136.98655,38.65905,1970.27,1949.522,,1.1056,1.131903,1,-99,-99,0,0.04784026148444931,0.062069034585112384,0.03502394155206269,14.439623965414887,13.355219058447938,13.98531804082268,19.831487734,1.0844049069669488,-1.2503024635922966
94,170,115,J0913+0726,138.307617,7.437215,22.1,68.6,6015,72,4.44,0.02,-2.03,0.09,1.30,0.08,-0.029,0.029,0,6000,4.42,LAMOST,12.772,0.030,0.004,13.109,12.692,13.355,12.680,11.660,11.343,0.0005217089149593892,587000468904450176,138.30765392298053,0.016009843,7.436688626260102,0.012428577,2.803469206343023,0.018897137,12.62426471710205,12.194532,12.888353,0.69382095,6268.1777,6227.735,6299.989,4.4708,4.4484,4.4974,-2.0758,-2.1416,-2.031,115,5.8700046890445E+17,138.307653922981,7.4366886262601,0.69382095,2925195847621683063,138.307554174481,7.43697961287935,1.10641470286861,MIS,0.5626259,GALEX J091313.8+072613,3,2566.1,2566.1,21.68016,0.1078528,15.70948,0.003049787,7.725694,0.7672538,1888.888,5.304516,0.06134914,138.11761,6.90685,1930.55,1944.823,,56.00239,53.86504,17,0.07176878,0.09086394,256,0.16544622204211012,0.20677662873275623,0.11362804200082238,12.681576371267244,12.080903957999178,12.45881849505994,15.265312226399999,0.6006724132680663,-1.2633231769444828
95,175,116,J0914+2351,138.637817,23.865112,-18.5,40.1,4604,37,1.29,0.09,-3.30,0.16,2.01,0.11,2.658,0.091,1,4975,1.87,LAMOST,13.205,0.050,0.031,13.986,13.072,13.403,12.829,11.228,10.588,1.1681304065271568e-05,687451026584918272,138.6378112816702,0.01527843,23.86510048564282,0.011384104,0.1156916912029688,0.020263704,12.871061325073242,12.163914,13.420377,1.256463,6099.179,6097.7095,6099.8154,2.8208,2.8134,2.829,-0.2181,-0.2197,-0.2173,116,6.87451026584918E+17,138.63781128167,23.8651004856428,1.256463,6377706395135902131,138.638000419728,23.8654059735054,1.26380151500229,AIS,0.4996718,GALEX J091433.1+235155,1,285,173,-999,-999,19.83486,0.08562226,-999,-999,42.27243,3.332837,0.0441027,138.74844,24.3548,1880.24,2048.166,,1.253307,1.316684,49,-99,-99,32,0.10693923904869003,0.14042227776475913,0.07963613588844604,13.27995472223524,12.084277864111554,12.764122086024551,19.515556452,1.1956768581236865,-1.127404450877206
96,177,117,J0918+5107,139.717010,51.122604,-35.6,40.6,5032,84,2.18,0.08,-3.24,0.13,1.81,0.15,1.922,0.084,0,4854,3.63,LAMOST,13.056,0.017,-9.900,13.706,13.009,13.294,12.900,11.442,10.914,7.607169534597417e-05,1019263054364445184,139.71694831600246,0.010830138,51.12253422833604,0.011099784,0.2658980271130994,0.015011044,12.83965015411377,12.238604,13.261131,1.0225277,5337.8394,5321.346,5355.4624,2.5929,2.5604,2.6311,-2.3609,-2.4539,-2.3098,117,1.01926305436445E+18,139.716948316002,51.122534228336,1.0225277,2502174141995561743,139.717153341092,51.1227150959941,0.799110658579912,NGS,0.5185194,GALEX J091852.1+510721,1,14387.05,10723.25,-999,-999,17.99373,0.002721231,-999,-999,230.4142,0.5773575,0.01484253,140.51064,50.98106,1805.109,1962.512,,6.831398,6.92903,393,-99,-99,256,0.037436689548186686,0.04820187703764985,0.027088562980541867,13.21292912296235,12.21151543701946,12.802213464565583,17.8862700828,1.0014136859428913,-1.4625690299425633
97,178,118,J0924+2651,141.204529,26.863159,-135.9,95.2,6299,61,3.98,0.02,-2.55,0.09,1.50,0.09,0.512,0.027,0,6287,4.26,LAMOST,12.003,0.023,0.022,12.317,11.942,12.152,11.899,11.035,10.730,0.00036096284721869845,694417115645865344,141.20422651018603,0.014077016,26.862918921310296,0.010713381,2.176995522368965,0.020031884,11.866454124450684,11.480275,12.093394,0.6131191,6548.051,6524.716,6563.202,4.1539,4.141,4.1637,-3.8309,-4.1356,-3.3536,118,6.94417115645865E+17,141.204226510186,26.8629189213103,0.6131191,6378445309901540689,141.204262449415,26.8630065570715,0.33593875257833,AIS,0.486586,GALEX J092449.0+265146,3,78,78,20.23107,0.2602088,14.8215,0.01191335,29.34765,7.031784,4279.564,46.94654,0.02764398,141.38531,26.40412,1905.98,1929.648,,126.882,125.4621,1,0.2726286,0.2848032,0,0.07529115951840605,0.09363127579511273,0.05132303826626879,11.999762724204887,11.428951961733732,11.791162964932278,14.6213575848,0.5708107624711545,-0.9553664957131875
98,181,121,J0934+3511,143.739014,35.192013,-113.0,31.0,6436,146,4.39,0.06,-3.23,0.17,1.09,0.30,0.140,0.074,0,6375,4.43,LAMOST,15.286,0.017,0.006,15.551,15.240,15.354,15.172,14.290,14.074,5.941054768060292e-05,797628620038732800,143.73894883367734,0.027702658,35.19199010246495,0.021606568,0.6990357215478138,0.03589328,15.170783996582031,14.784832,15.396018,0.611186,6712.4556,6665.998,6739.7944,4.528,4.5045,4.5489,-3.0913,-3.3422,-2.4535,121,7.97628620038733E+17,143.738948833677,35.1919901024649,0.611186,6378445235811255263,143.739099290775,35.1920295479645,0.464866589767028,AIS,0.3165786,GALEX J093457.3+351131,1,109,109,-999,-999,17.79253,0.04395869,-999,-999,277.3233,11.22539,0.01256852,144.00089,35.42566,1919.17,1943.482,,8.222178,8.505173,0,-99,-99,0,0.034169626981888114,0.04251811580584609,0.02332999649380028,15.353499884194154,14.7615020035062,15.136614369600142,17.7015339152,0.5919978806879538,-1.317236305853732
99,179,119,J0934-0108,143.536697,-1.140386,-8.2,88.5,5155,44,2.73,0.04,-2.34,0.09,1.52,0.05,1.414,0.042,0,5237,1.95,LAMOST,11.92,0.039,0.032,12.455,11.814,12.305,11.748,10.389,9.876,0.00022806717104740772,3839553874742783488,143.5364761962519,0.017580919,-1.1403712037494282,0.024221718,0.7934922019082886,0.018889235,11.71346664428711,11.136436,12.105925,0.96948814,,,,,,,,,,119,3.83955387474278E+18,143.536476196252,-1.14037120374943,0.96948814,2928221703619219391,143.536037397961,-1.14036810201416,1.57940044773854,MIS,0.3459103,GALEX J093408.6-010825,1,1661.25,1661.25,-999,-999,16.42996,0.006200692,-999,-999,972.7839,5.554266,0.03812164,143.84972,-0.99445,1993.163,1933.818,,28.84143,28.06606,0,-99,-99,256,0.09740192389146458,0.12469763614025486,0.06978601422108134,11.981227363859745,11.066649985778918,11.616064720395645,16.153959326400003,0.9145773780808266,-1.5042602754124799
100,180,120,J0934-0259,143.657944,-2.991637,164.6,75.9,6051,82,4.38,0.02,-1.85,0.08,1.35,0.07,0.043,0.032,0,6141,4.36,LAMOST,12.473,0.038,0.013,12.827,12.371,12.883,12.531,11.368,11.047,0.0003617136658121566,3825723324135587456,143.65763220653378,0.013903298,-2.9918149159459664,0.010720657,2.994438213781766,0.015506886,12.325005531311035,11.89462,12.589641,0.6950207,6250.3647,6243.286,6279.8438,4.4011,4.3961,4.4055,-1.778,-1.7936,-1.7536,120,3.82572332413559E+18,143.657632206534,-2.99181491594597,0.6950207,6378374884249045681,143.657956987957,-2.99164019623577,1.32625981893153,AIS,0.1766699,GALEX J093437.9-025929,3,215,215,21.56635,0.2546511,15.52509,0.01100516,8.579469,2.01176,2238.533,22.68455,0.04140921,143.48718,-3.03779,1938.452,1932.266,,66.3688,65.98734,136,0.07970002,0.09069106,0,0.11132889904075004,0.13929049558001602,0.07666526529149062,12.450350504419985,11.81795473470851,12.213676632270285,15.2252873196,0.6323957697114757,-1.2102907148356277
101,182,122,J0938+2900,144.677963,29.003345,87.6,28.2,6583,167,4.07,0.05,-2.51,0.26,2.05,0.30,0.499,0.071,0,6311,4.03,LAMOST,14.741,0.026,0.022,15.141,14.671,14.832,14.662,13.876,13.603,7.400986998818586e-05,696393389012826624,144.6779184167547,0.021534028,29.003279560101337,0.016200896,0.6166353440248721,0.027287534,14.694280624389648,14.317776,14.909344,0.591568,6524.3687,6491.0435,6556.612,3.9709,3.9479,4.0114,-2.8897,-3.1381,-2.639,122,6.96393389012827E+17,144.677918416755,29.0032795601013,0.591568,6378445225075937007,144.678009986859,29.0034285060215,0.608801636281105,AIS,0.3624488,GALEX J093842.7+290012,3,210,209,22.11743,0.4166309,17.35113,0.02414888,5.164524,1.981308,416.4339,9.260048,0.01805324,144.97773,28.75345,1924.783,1925.442,,12.34657,12.58847,0,0.04797648,0.02914758,0,0.049294642275738945,0.06122294704079867,0.03353789471490415,14.848121052959202,14.284238105285096,14.64498598211391,17.2204245424,0.5638829476741058,-1.1390952418713365
102,185,123,J0940-0144,145.227081,-1.748544,195.8,11.8,6198,72,3.80,0.03,-2.09,0.23,2.70,0.30,0.664,0.037,0,5800,3.79,LAMOST,14.13,0.034,0.022,14.608,14.039,14.438,14.153,13.166,12.786,8.993018778860541e-05,3827417744568523136,145.22700185088775,0.019319322,-1.7485215509334993,0.018603917,0.6386280616240684,0.0215928,14.218749046325684,13.751589,14.508953,0.7573643,6222.096,6145.558,6292.9785,3.8535,3.7754,3.9473,-1.5298,-1.7754,-1.3446,123,3.82741774456852E+18,145.227001850888,-1.7485215509335,0.7573643,2927412463061173941,145.22741988946,-1.74796416380296,2.50781800927517,MIS,0.5100763,GALEX J094054.5-014452,1,2373.5,2373.5,-999,-999,17.47393,0.005382993,-999,-999,371.9005,1.843405,0.02987571,145.5286,-1.33622,1775.484,1968.175,,11.02623,11.0339,17,-99,-99,256,0.07927994268785461,0.09975742460950576,0.05516723877795872,14.409195575390495,13.696421761222041,14.139469103637829,17.257629859599998,0.7127738141684539,-1.5941489788206358
103,187,125,J0946+1803,146.689774,18.057930,-131.4,18.3,4847,40,2.49,0.28,-3.60,0.18,1.86,0.18,1.547,0.280,1,5083,2.26,LAMOST,14.138,0.033,0.024,14.826,14.050,14.363,13.816,12.409,11.781,1.1797330289877324e-05,621148757442499712,146.68977965379096,0.016255487,18.057913059075638,0.01227783,0.041580161459894835,0.019927153,13.877704620361328,13.223338,14.355085,1.1317472,,,,,,,,,,125,6.211487574425E+17,146.689779653791,18.0579130590756,1.1317472,6377671227943684753,146.689881869499,18.0581280837303,0.849475863620055,AIS,0.2759691,GALEX J094645.5+180329,1,240,112,-999,-999,19.92782,0.08105227,-999,-999,38.8037,2.896067,0.02573529,146.9789,18.03274,2091.253,2107.198,,1.150465,1.062274,0,-99,-99,0,0.06370726096188982,0.08277809056393992,0.04673841391666927,14.272306909436061,13.17659958608333,13.813997359399439,19.7414965004,1.0957073233527304,-1.2583057217540752
104,186,124,J0946-0705,146.697113,-7.092810,112.1,43.4,6029,96,3.97,0.03,-2.06,0.13,1.43,0.11,0.446,0.042,0,6000,3.81,LAMOST,12.275,0.036,0.016,12.575,12.178,12.329,12.059,11.166,10.835,6.430988181574318e-05,3819995899346803840,146.69718367759089,0.020492671,-7.092825778128456,0.020554135,2.155173325845435,0.02453478,12.11039924621582,11.688754,12.361356,0.6726017,6479.0205,6458.364,6494.4507,4.1122,4.0763,4.144,-2.1357,-2.2858,-1.9951,124,3.8199958993468E+18,146.697183677591,-7.09282577812846,0.6726017,6381998919671352222,146.697317970104,-7.09278196608389,0.505014833790899,AIS,0.4053773,GALEX J094647.3-070534,3,172,172,21.27011,0.2832336,15.26644,0.01036497,11.27085,2.939488,2840.689,27.11203,0.03758368,147.02719,-7.33201,1942.766,1933.147,,84.22172,84.05796,0,0.104702,0.08212591,0,0.10140347219421775,0.12666169621506682,0.0696363174844267,12.234694303784934,11.619117682515572,12.008995774021603,14.994334156799999,0.6155766212693621,-1.1173131276666748
105,190,126,J0948+0000,147.039215,0.002265,92.3,110.7,6093,57,2.67,0.08,-2.79,0.08,2.90,0.13,1.765,0.082,0,6361,2.46,LAMOST,11.975,0.046,0.088,12.311,11.852,11.879,11.649,10.821,10.505,0.00014159568164928094,3834029481648387968,147.03919260764712,0.015993675,0.0021212260867012373,0.015893098,0.46998302687876625,0.018760772,11.865097999572754,11.372491,12.155403,0.78291225,6119.198,5987.6904,6178.8633,3.0864,3.0421,3.1103,-0.9141,-0.9191,-0.9103,126,3.83402948164839E+18,147.039192607647,0.00212122608670124,0.78291225,2411539199496822711,147.039274952941,0.00238552773080357,0.996596176858042,MIS,0.5082014,GALEX J094809.4+000008,3,2327,2327,20.00331,0.04451616,15.74567,0.003428331,36.19731,1.483761,1826.977,5.767478,0.09849259,147.06666,-0.50508,1907.645,1925.282,,54.16684,53.05965,17,0.3362593,0.3610481,256,0.262690991308348,0.33014801945367855,0.1819344397574357,11.82525498054632,11.190556560242564,11.602407008264406,15.032583648400001,0.6346984203037564,-0.9580540831471698
106,193,127,J0949+2707,147.417496,27.117622,-99.9,14.3,6134,212,4.12,0.09,-2.90,0.25,0.92,0.30,0.326,0.110,0,6388,4.03,LAMOST,15.95,0.018,0.022,16.336,15.901,16.009,15.814,14.963,14.586,2.1998929522169394e-05,647149286861418880,147.41749779215388,0.03026,27.117595044277536,0.0274676,0.3957247529787004,0.04003749,15.826457977294922,15.433392,16.064327,0.63093567,6359.3945,6334.4365,6392.5176,4.2581,4.2236,4.2957,-1.3444,-1.3777,-1.3119,127,6.47149286861419E+17,147.417497792154,27.1175950442775,0.63093567,6378410083651425176,147.417637809748,27.1177504369293,0.717100300972513,AIS,0.5133559,GALEX J094940.2+270703,1,207,207,-999,-999,18.5464,0.04220238,-999,-999,138.4967,5.382033,0.02367728,147.71917,26.68046,1890.673,1921.173,,4.106196,4.205022,1,-99,-99,0,0.06424211410962781,0.08002394385033143,0.04392699317866062,15.984303056149667,15.38946500682134,15.762215863185293,18.3749764928,0.5948380493283274,-1.3179288051290516
107,194,129,J1003-0358,150.991364,-3.981096,99.0,40.5,6268,93,4.04,0.03,-2.18,0.09,1.38,0.09,0.444,0.041,0,6375,4.27,LAMOST,13.618,0.041,0.025,13.866,13.508,13.574,13.392,12.638,12.292,0.00026436888098160447,3828359167040219904,150.99110851210523,0.016109785,-3.981139949650043,0.017932935,1.1363821051700158,0.018558862,13.456509590148926,13.062044,13.694615,0.6325712,6614.166,6568.537,6637.854,4.0965,4.0738,4.1161,-1.8701,-1.9457,-1.6048,129,3.82835916704022E+18,150.991108512105,-3.98113994965004,0.6325712,3153296131873578181,150.99135182964,-3.98085545980303,1.34628708847106,GII,0.1937381,GALEX J100357.9-035851,3,1597.05,1597.05,21.22907,0.1023429,16.36829,0.005915924,11.70501,1.103062,1029.632,5.608862,0.03689878,150.92224,-4.16191,1917.432,1924.449,,30.52688,30.13696,0,0.1087352,0.1153586,0,0.1002757041607005,0.1248442834991528,0.06846750394633286,13.569770716500848,12.993576496053667,13.356233885988225,16.101142832799997,0.5761942204471815,-1.1006291902556082
108,196,130,J1005-0350,151.487259,-3.845537,119.2,49.6,5262,59,3.21,0.04,-2.29,0.09,1.57,0.07,0.970,0.044,0,5274,3.23,LAMOST,12.955,0.030,0.032,13.458,12.874,12.991,12.564,11.503,11.045,0.0002543398330998519,3828376686211732736,151.4871910248585,0.014353664,-3.8457850703994323,0.013285766,0.9405876980476605,0.017473513,12.738504409790039,12.200899,13.0942135,0.89331436,6052.858,6017.0537,6094.115,3.5687,3.5298,3.6046,-1.0625,-1.1717,-0.978,130,3.82837668621173E+18,151.487191024859,-3.84578507039943,0.89331436,6381998872424614279,151.487499336919,-3.84559622895676,1.29944453406098,AIS,0.3607621,GALEX J100557.0-035044,1,215,215,-999,-999,16.99133,0.02051025,-999,-999,580.0526,10.9549,0.0301877,151.12626,-3.83016,1918.365,1910.98,,17.1976,17.41059,0,-99,-99,0,0.07813646034697426,0.09943047116975864,0.05543441721391394,12.994783028830241,12.145464582786087,12.660367949443065,16.772771052000003,0.8493184460441547,-1.4863032570770418
109,198,132,J1014+0547,153.604080,5.791098,123.8,63.3,5955,56,3.98,0.04,-1.90,0.08,1.35,0.06,0.415,0.043,0,5987,3.95,LAMOST,12.43,0.027,0.019,12.724,12.359,12.587,13.083,11.297,10.979,0.0006333076462783758,3861627567103099648,153.60390492249743,0.015223816,5.79048612670684,0.014493362,1.9098963300227905,0.018630441,12.222030639648438,11.789649,12.483468,0.69381905,6243.1665,6231.1343,6257.7427,4.1225,4.1126,4.1445,-1.8783,-1.9157,-1.8494,132,3.8616275671031E+18,153.603904922497,5.79048612670684,0.69381905,2931493850225576375,153.604095611146,5.79081998810944,1.38239739677772,MIS,0.3350926,GALEX J101424.9+054726,3,1542.85,1542.85,21.68364,0.1828447,15.45052,0.003775802,7.700998,1.296581,2397.677,8.336235,0.02258468,153.65741,6.12169,1893.283,1935.791,,71.08714,69.78179,0,0.07153936,0.06638149,0,0.060569987518717616,0.07584439931237498,0.04180066331033829,12.407623600687625,11.747848336689662,12.161460652129719,15.2870069168,0.6597752639979628,-1.2235629388351965
110,201,134,J1017+0821,154.263306,8.359246,239.1,37.7,6032,74,2.66,0.08,-2.70,0.09,2.90,0.28,1.757,0.083,0,6051,2.20,LAMOST,12.75,0.030,0.025,13.081,12.670,12.961,12.646,11.637,11.300,5.073890893808817e-05,3875684174723979904,154.26336216512627,0.017975906,8.359231810080079,0.015535201,0.2731223010302042,0.019252338,12.62982177734375,12.201297,12.887036,0.6857395,6230.183,6215.698,6235.261,2.6088,2.6025,2.6197,-2.0853,-2.1263,-1.9993,134,3.87568417472398E+18,154.263362165126,8.35923181008008,0.6857395,3852092946129097119,154.263299223501,8.35941531898581,0.697633513029284,MIS,0.2000699,GALEX J101703.1+082133,1,2270.25,0,-999,-999,16.28098,0.004811975,-999,-999,1115.858,4.944273,0.03095071,154.40155,8.50544,1911.352,1941.728,,33.08334,32.40729,17,-99,-99,-999,0.08322824735481119,0.10410541334856631,0.05731136283125681,12.782930586651434,12.143985637168743,12.54659352998894,16.0568968596,0.6389449494826902,-0.726067089381238
111,202,135,J1017+3755,154.495132,37.932514,48.6,64.7,5317,40,2.66,0.07,-2.88,0.09,1.55,0.07,1.538,0.071,0,5250,2.03,LAMOST,12.893,0.027,0.032,13.459,12.820,13.355,12.818,11.453,10.989,0.00010378478587998463,754296557549265024,154.49501872990515,0.011195606,37.932461226769654,0.013379931,0.4017893728458681,0.017709201,12.713294982910156,12.163347,13.08135,0.9180031,,,,,,,,,,135,7.54296557549265E+17,154.495018729905,37.9324612267697,0.9180031,6373941671617364513,154.49530965066,37.9324709172574,0.82679101002392,AIS,0.4031058,GALEX J101758.8+375556,1,112,112,-999,-999,17.0379,0.02751229,-999,-999,555.7005,14.0779,0.01417473,154.30964,38.30818,1907.183,1927.703,,16.4756,16.73662,0,-99,-99,0,0.03644340119964577,0.046506653464967546,0.025991515929596757,13.034843346535032,12.137355484070403,12.67685158171051,16.9352749548,0.8974878624646294,-1.611691134130247
112,203,136,J1019+3050,154.892639,30.838493,106.4,48.1,4842,26,1.78,0.09,-2.74,0.12,2.04,0.08,2.255,0.090,1,4901,1.40,LAMOST,13.499,0.021,0.021,14.256,13.442,13.774,13.273,11.800,11.201,4.178368384125395e-05,742598131786995968,154.89260496326213,0.011284185,30.838462316782582,0.011051752,0.11902279797710792,0.016172206,13.256476402282715,12.614398,13.722184,1.1077862,,,,,,,,,,136,7.42598131786996E+17,154.892604963262,30.8384623167826,1.1077862,6378410062176585071,154.892440796872,30.8385633809299,0.624395092450273,AIS,0.2726237,GALEX J101934.1+305018,1,195,195,-999,-999,19.36613,0.06847996,-999,-999,65.09477,4.104684,0.02703102,154.72666,31.07119,1928.32,1908.079,,1.929952,1.925231,0,-99,-99,0,0.0672232844271471,0.08715259476392317,0.049151252590569745,13.635031405236077,12.56524674740943,13.189253117855568,19.170425415199997,1.0697846578266468,-1.039651262955922
113,204,137,J1020+4046,155.248657,40.781990,-116.6,34.2,6082,95,4.39,0.03,-2.94,0.13,1.35,0.20,0.042,0.041,0,5902,3.55,LAMOST,14.919,0.032,0.003,15.358,14.833,15.006,14.734,13.780,13.493,0.0003683584925763484,804170782944450048,155.24892996116347,0.016196275,40.78167898350754,0.014487353,1.060474311305529,0.023595653,14.80233383178711,14.362653,15.072135,0.7094822,6020.1826,6017.338,6024.5503,4.6269,4.6087,4.6441,-1.4538,-1.4724,-1.4377,137,8.0417078294445E+17,155.248929961163,40.7816789835075,0.7094822,6373941636183883952,155.248933219316,40.7818803388264,0.724933555726048,AIS,0.5254911,GALEX J102059.7+404654,1,104,103,-999,-999,17.61731,0.03966423,-999,-999,325.8939,11.9027,0.01266674,154.96215,41.26076,1886.378,1941.918,,9.662214,9.888068,0,-99,-99,0,0.03382668588367968,0.04243152492669271,0.023425559929826128,15.029703475073307,14.339227440070173,14.76850714590343,17.525602802399998,0.6904760350031331,-1.7648252569074767
114,205,138,J1028+2625,157.131882,26.418272,-105.8,19.6,6065,86,4.54,0.04,-2.91,0.20,1.20,0.30,-0.113,0.048,0,5916,3.92,LAMOST,15.181,0.029,0.024,15.548,15.104,15.264,15.015,14.145,13.753,0.00018309968248337376,727826055629143936,157.1317743524981,0.024371898,26.41811432130821,0.022839842,1.0111731106210786,0.030960966,15.064494132995605,14.633749,15.328475,0.694726,6192.6978,6144.182,6222.0996,4.4915,4.4759,4.5111,-2.816,-2.9639,-2.6848,138,7.27826055629144E+17,157.131774352498,26.4181143213082,0.694726,6387874631424934351,157.13195564092,26.4184615259334,1.37984136794966,AIS,0.4414413,GALEX J102831.6+262506,1,201,201,-999,-999,18.00901,0.03240862,-999,-999,227.194,6.779967,0.02271449,157.21709,26.85329,1888.347,1897.019,,6.735925,6.831087,0,-99,-99,0,0.06090916448144834,0.07627430936189634,0.042039571450654,15.252200690638103,14.591709428549345,15.003584968514158,17.8445570924,0.6604912620887582,-1.513130244172535
115,206,139,J1032+4209,158.064392,42.166416,-12.8,60.0,5102,49,2.45,0.11,-2.40,0.11,1.70,0.05,1.676,0.111,1,5000,2.66,LAMOST,13.033,0.019,-9.900,13.648,12.981,13.265,12.871,11.474,10.970,5.637726092689792e-05,780658001660295424,158.0643771162567,0.013759324,42.16635671773745,0.015115243,0.3204040820135247,0.019757247,12.821526527404785,12.241705,13.224589,0.9828844,,,,,,,,,,139,7.80658001660295E+17,158.064377116257,42.1663567177375,0.9828844,6374117610657677506,158.064503717134,42.1665138014672,0.658716898799567,AIS,0.5702081,GALEX J103215.4+420959,1,109,109,-999,-999,17.7748,0.04254277,-999,-999,281.8906,11.04273,0.009083323,157.67742,42.65994,1960.474,1938.405,,8.357588,8.52724,0,-99,-99,0,0.023060583328295445,0.029598647746761613,0.016605283442232544,13.194990352253239,12.225099716557768,12.79846594407649,17.70903674148,0.9698906356954708,-1.4167789179453472
116,209,140,J1035+3158,158.801773,31.980801,-217.2,17.4,4645,65,1.03,0.30,-3.68,0.19,2.89,0.25,2.933,0.301,1,5026,1.48,LAMOST,14.663,0.027,-9.900,15.292,14.589,14.811,14.208,12.771,12.132,6.6874549931208526e-06,748193409021569792,158.80178276464065,0.016257554,31.98080093162536,0.01660964,0.01590371337925342,0.02149266,14.266865730285645,13.59698,14.765375,1.168395,6076.89,6046.345,6089.517,2.2917,2.259,2.3041,-0.3401,-0.3409,-0.339,140,7.4819340902157E+17,158.801782764641,31.9808009316254,1.168395,6374082444539201992,158.80191790452,31.9809104872816,0.570827179254095,AIS,0.223352,GALEX J103512.4+315851,1,106,106,-999,-999,20.82941,0.2263134,-999,-999,16.9135,3.524634,0.02015108,159.04487,31.895,1956.122,1908.249,,0.5014573,0.5671563,0,-99,-99,0,0.04951072754040707,0.0645671824774567,0.03652322673605854,14.700807817522543,13.560456773263942,14.217355002745238,20.683516180799998,1.1403510442586011,-0.9956313371665537
117,214,141,J1037+0655,159.379883,6.922283,199.9,23.6,4723,42,1.61,0.10,-3.36,0.15,2.24,0.12,2.382,0.101,1,4975,1.38,LAMOST,14.427,0.036,0.026,15.212,14.331,14.654,14.064,12.563,11.959,3.848573398321032e-05,3862564183506150912,159.3798520501383,0.018554378,6.922290821729693,0.016337225,0.02118365947264231,0.020659154,14.128307342529297,13.447365,14.636726,1.1893616,5955.305,5953.135,5968.5835,2.5806,2.5587,2.6063,-0.3992,-0.3998,-0.398,141,3.86256418350615E+18,159.379852050138,6.92229082172969,1.1893616,2946236102128705944,159.379914445748,6.92229432671258,0.223343518735844,MIS,0.4701345,GALEX J103731.1+065520,1,1575.1,1575.1,-999,-999,20.65311,0.06029614,-999,-999,19.8955,1.104624,0.03184497,159.10963,6.53632,1903.411,1926.457,,0.5898687,0.5711844,17,-99,-99,0,0.07805836171978806,0.101927137363576,0.057678725994397245,14.534798862636423,13.389686274005602,14.050248980809508,20.422552417200002,1.1451125886308215,-1.1489867514296348
118,215,142,J1041+0710,160.413666,7.179972,433.5,23.4,5259,88,3.35,0.06,-2.80,0.18,1.26,0.18,0.829,0.066,0,5388,3.13,LAMOST,14.92,0.028,0.033,15.460,14.844,15.049,14.661,13.497,13.006,0.00011744227364577945,3865589107497899520,160.4135914567869,0.027499834,7.179881529548952,0.023324171,0.31737858627822163,0.033259407,14.715481758117676,14.165754,15.085759,0.92000484,,,,,,,,,,142,3.8655891074979E+18,160.413591456787,7.17988152954895,0.92000484,6381893342930665719,160.41386903439,7.17972857323503,1.13409360297409,AIS,0.5551372,GALEX J104139.3+071047,1,222,110,-999,-999,18.83427,0.0488978,-999,-999,106.2411,4.783569,0.03677009,160.67155,7.67257,1927.014,1908.25,,3.149872,3.244159,0,-99,-99,0,0.09479270411845156,0.12085851431894633,0.06745534697638109,14.964900485681053,14.098298653023619,14.620689053999223,18.5680545484,0.8666018326574338,-1.7803391219909965
119,218,143,J1041+1056,160.366470,10.941111,-1.8,60.6,6038,75,2.44,0.08,-2.87,0.09,3.22,0.18,1.979,0.083,1,6063,2.09,LAMOST,13.128,0.030,0.034,13.462,13.047,13.281,12.984,11.977,11.662,9.027444505302932e-05,3870706479427128832,160.3663889795677,0.021356825,10.941076262396445,0.019694729,0.23103062623158954,0.026374515,12.969825744628906,12.539837,13.231556,0.69171906,6349.1772,6334.0225,6369.2266,2.712,2.7034,2.7168,-2.2158,-2.3402,-2.1893,143,3.87070647942713E+18,160.366388979568,10.9410762623964,0.69171906,3853500321012649301,160.366590611428,10.9411209519405,0.7306137153909,MIS,0.4057733,GALEX J104127.9+105628,1,1662.3,0,-999,-999,16.63256,0.00628253,-999,-999,807.1903,4.669611,0.03169851,160.74049,11.11423,1866.122,1824.571,,23.93185,23.99505,0,-99,-99,-999,0.08515513911768517,0.10656416778906709,0.05868361720482115,13.124991832210933,12.48115338279518,12.884670605511221,16.403062787600003,0.6438384494157532,-0.7517128782312987
120,220,145,J1044+2955,161.165283,29.918495,-9.6,34.9,6220,98,4.12,0.03,-2.11,0.09,1.45,0.11,0.351,0.042,0,6224,4.01,LAMOST,13.127,0.023,0.024,13.475,13.066,13.352,13.075,12.107,11.828,0.000158024041381077,734985285074667264,161.16529290973426,0.016977381,29.918332887122403,0.016814517,1.6754306936702592,0.023042822,12.99747371673584,12.603473,13.230346,0.626873,6450.3555,6439.225,6459.803,4.2581,4.2488,4.2673,-2.1769,-2.2427,-2.0631,145,7.34985285074667E+17,161.165292909734,29.9183328871224,0.626873,6387874646459421328,161.16560395613,29.9185487131221,1.24323814426559,AIS,0.5764123,GALEX J104439.7+295506,3,255.05,166.05,21.00099,0.2856574,15.86153,0.01100388,14.44131,3.798589,1642.052,16.63807,0.0277103,161.45415,29.39953,1905.779,1908.913,,48.6841,48.55074,0,0.1341543,0.1261602,256,0.07528383078558021,0.09372807461198784,0.05142044891749914,13.136617925388013,12.5520525510825,12.92218988595026,15.660907428,0.5845653743055124,-1.1362412217216704
121,221,146,J1044+3713,161.091461,37.222095,109.6,59.3,5609,53,3.42,0.04,-2.03,0.09,1.42,0.05,0.871,0.043,0,5553,2.81,LAMOST,12.63,0.019,0.016,13.122,12.578,12.761,12.448,11.386,10.984,0.0003523023920001874,751738058415860992,161.09104589090987,0.010376699,37.221975653249466,0.010132303,1.123897934244352,0.014375709,12.46551513671875,11.982525,12.771916,0.7893915,6040.944,5988.6704,6081.3823,3.5918,3.5699,3.6366,-1.3971,-1.5021,-1.2767,146,7.51738058415861E+17,161.09104589091,37.2219756532495,0.7893915,6374082385483402354,161.091582983772,37.2222203810216,1.77391388705918,AIS,0.3492301,GALEX J104421.9+371319,1,102,96,-999,-999,16.21665,0.0198009,-999,-999,1183.965,21.58708,0.01722402,160.98153,36.88421,1931.021,1944.556,,35.1026,35.78762,0,-99,-99,0,0.04535918172244012,0.057259925183421156,0.031756202062151094,12.714656074816578,11.95076879793785,12.42015595499631,16.091948095200003,0.7638872768787284,-1.3388343412304815
122,219,144,J1044-0358,161.045639,-3.982261,90.5,62.6,6333,105,3.99,0.04,-2.13,0.09,1.68,0.09,0.512,0.051,0,6211,3.76,LAMOST,12.941,0.052,0.013,13.214,12.800,13.048,12.796,11.923,11.622,0.0002537638065001959,3778105090444320256,161.0456094948108,0.020395366,-3.982516371187069,0.022429476,1.4737071754830984,0.024971584,12.84117603302002,12.4360695,13.084862,0.64879227,6477.609,6457.846,6500.561,4.1851,4.1722,4.2025,-1.9135,-1.9506,-1.8832,144,3.77810509044432E+18,161.045609494811,-3.98251637118707,0.64879227,6382034064314992032,161.045924737284,-3.98230349696972,1.36711826931646,AIS,0.1834559,GALEX J104411.0-035856,3,222,110,21.2146,0.3250257,15.80699,0.01191551,11.86209,3.55017,1726.646,18.94464,0.05007095,160.92119,-3.84751,1935.951,1899.65,,51.19221,51.42124,0,0.1101943,0.1009654,0,0.13592795877204725,0.169346976595284,0.09287492698821793,12.915515023404716,12.343194573011782,12.705248074247972,15.444476322,0.5723204503929331,-1.1167826385740849
123,222,147,J1049+1520,162.431091,15.336283,88.8,38.5,6139,71,3.91,0.02,-2.17,0.09,1.72,0.11,0.538,0.029,0,6184,4.08,LAMOST,13.379,0.021,0.020,13.692,13.322,13.413,13.214,12.335,12.039,0.00035956836516831876,3981471796204900480,162.43094408807076,0.0125516,15.335950606053489,0.011913241,1.1265480582100913,0.016284462,13.226465225219727,12.818907,13.471813,0.6529064,6287.681,6239.5723,6335.782,4.0873,4.0634,4.1145,-1.9564,-2.1519,-1.6768,147,3.9814717962049E+18,162.430944088071,15.3359506060535,0.6529064,6381893316087124679,162.431223715788,15.3364050513765,1.90236292588269,AIS,0.369815,GALEX J104943.4+152011,1,324,103,-999,-999,16.2412,0.01141882,-999,-999,1157.498,12.17059,0.0314739,162.61309,15.0109,1940.851,1875.334,,34.31791,34.80905,0,-99,-99,0,0.08515014941532521,0.10621937778640704,0.05835225491348038,13.365593622213591,12.76055474508652,13.141315075804402,16.013328964,0.6050388771270718,-1.145888962545694
124,223,148,J1050+2135,162.538910,21.592579,93.1,112.8,6236,51,4.31,0.01,-2.33,0.08,1.33,0.08,0.165,0.018,0,6138,3.83,LAMOST,11.37,0.015,0.010,11.750,11.331,11.733,11.170,10.403,10.095,0.0005776481488736196,3989208200536450944,162.538576301216,0.016620815,21.592090425058892,0.012103272,4.1715895814098,0.01686566,11.266852378845215,10.868093,11.50024,0.6321478,6424.8467,6418.43,6445.0957,4.3085,4.3043,4.3185,-2.2908,-2.3379,-2.2342,148,3.98920820053645E+18,162.538576301216,21.5920904250589,0.6321478,6387874706588962189,162.538903246039,21.5925765165532,2.06397133455915,AIS,0.3660875,GALEX J105009.3+213533,3,183.05,104,19.3962,0.1329442,14.21011,0.005975754,63.31736,7.751083,7515.433,41.35394,0.02308474,162.81744,21.33407,1949.104,1875.497,,222.8201,218.2924,0,0.5881943,0.5965712,0,0.06261528053018423,0.0780075201901565,0.042825339551309995,11.422232479809843,10.82526766044869,11.20423709831503,14.0429764824,0.596964819361153,-1.104147222292709
125,224,150,J1058-0138,164.676895,-1.639235,7.7,61.0,6080,74,4.18,0.03,-2.28,0.09,1.30,0.11,0.251,0.037,0,6198,4.16,LAMOST,12.936,0.059,-9.900,13.183,12.778,16.993,13.236,11.766,11.459,0.0007199137474287411,3802131760268844416,164.67691934806874,0.020439353,-1.6399585912143302,0.02119633,1.8862447064611172,0.028029602,12.781753540039062,12.337941,13.028107,0.6901655,6317.947,6309.715,6330.6333,4.2783,4.2667,4.2986,-1.4982,-1.4996,-1.493,150,3.80213176026884E+18,164.676919348069,-1.63995859121433,0.6901655,6382034020290532574,164.677122170892,-1.63946962782685,1.90558242478409,AIS,0.4564563,GALEX J105842.5-013822,2,204,96,22.21385,0.5437098,-999,-999,4.725639,2.365908,-999,-999,0.05840588,164.23006,-1.73252,1924.928,1922.755,,-99,-99,0,0.0438994,0.03238942,0,0.15754769284707834,0.19687408366757797,0.10818574607911856,12.831232916332421,12.229755253920882,12.624205847191984,-999.4228585712,0.6014776624115399,-1016.1142169169141
126,227,151,J1059+0208,164.843048,2.136974,-17.6,63.1,5207,92,3.06,0.05,-2.30,0.08,1.22,0.04,1.102,0.057,0,5613,2.73,LAMOST,12.743,0.042,-9.900,13.237,12.631,13.082,12.558,11.252,10.762,0.00017500095925992374,3808568640639712640,164.8429559836736,0.01633644,2.1368252186261802,0.012373506,0.8353084908225638,0.016213771,12.5260591506958,11.971883,12.893932,0.9220495,,,,,,,,,,151,3.80856864063971E+18,164.842955983674,2.13682521862618,0.9220495,2835194223816345450,164.843226034807,2.13686398135358,0.981478944201168,MIS,0.3636133,GALEX J105922.3+020812,1,1501.05,1501.05,-999,-999,16.91709,0.007702915,-999,-999,621.1043,4.405445,0.0420152,165.06067,2.42842,1945.384,1915.18,,18.41471,18.5284,0,-99,-99,0,0.10835143817139814,0.13813492800355623,0.07708061309942,12.755797071996444,11.89480238690058,12.417707712524402,16.612899952000003,0.8609946850958643,-1.5096246518189158
127,228,153,J1102+0102,165.649948,1.048297,-6.6,63.3,4956,45,2.40,0.07,-2.32,0.09,1.61,0.05,1.676,0.071,1,4969,1.96,LAMOST,12.619,0.030,-9.900,13.271,12.538,12.879,12.290,10.943,10.407,0.00010181667075473682,3805298933576500480,165.64991024930853,0.014039385,1.0482013711524123,0.011275195,0.30266566632806396,0.01593887,12.361827850341797,11.741763,12.79991,1.0581465,6172.645,6101.701,6192.2188,3.0557,3.0179,3.0624,-0.4301,-0.4313,-0.4298,153,3.8052989335765E+18,165.649910249309,1.04820137115241,1.0581465,2947186080376425768,165.649935023188,1.04839466310672,0.701541258586226,MIS,0.5388965,GALEX J110235.9+010254,1,6525.2,0,-999,-999,17.94262,0.005976005,-999,-999,241.5188,1.329022,0.03083341,166.11718,1.31707,1927.271,1913.47,,7.160633,7.152668,1,-99,-99,-999,0.07742501973886518,0.09991912038669504,0.05620481007861152,12.699990879613306,11.68555818992139,12.284402830602932,17.719386111600002,1.0144326896919171,-1.236254221739256
128,231,154,J1105+3305,166.363419,33.087521,-179.1,35.7,5007,51,2.21,0.06,-3.29,0.10,1.54,0.12,1.884,0.062,0,5000,1.31,LAMOST,13.797,0.030,0.014,14.414,13.718,13.961,13.462,12.160,11.599,3.580973674501747e-05,758139728645514880,166.36341126693847,0.012284278,33.087482632823814,0.01261471,0.15183145905397727,0.014650262,13.537820816040039,12.932902,13.96286,1.0299578,5950.5107,5950.1025,5951.8535,2.5611,2.5598,2.5617,-2.2117,-2.2372,-2.203,154,7.58139728645515E+17,166.363411266938,33.0874826328238,1.0299578,6374082437023009638,166.363826022945,33.0884117993199,3.57127294448741,AIS,0.2348891,GALEX J110527.3+330518,1,102.05,102.05,-999,-999,18.47679,0.06588328,-999,-999,147.6674,8.958391,0.02709488,166.58185,32.94093,1955.136,1885.133,,4.378094,4.431442,0,-99,-99,0,0.06835830258261137,0.08801814818358025,0.049449834278249186,13.874841851816418,12.883452165721751,13.469462513457428,18.2806230688,0.9913896860946672,-1.701230706855375
129,233,156,J1109+0754,167.255096,7.911607,-72.0,65.4,4537,36,1.36,0.07,-3.31,0.15,1.89,0.10,2.562,0.071,1,4901,1.47,LAMOST,12.403,0.019,0.043,13.292,12.352,12.593,11.910,10.429,9.777,3.8077024991525845e-05,3818459160048340352,167.2551096310239,0.014192123,7.911566059350302,0.011991585,0.13877093739962906,0.015116652,12.057266235351562,11.343228,12.61327,1.2700415,,,,,,,,,,156,3.81845916004834E+18,167.255109631024,7.9115660593503,1.2700415,6381963671946398280,167.255504481618,7.91168520153355,1.47181451913211,AIS,0.1863233,GALEX J110901.3+075442,1,88.2,88.2,-999,-999,19.30291,0.1031908,-999,-999,68.99802,6.556133,0.02928653,167.28449,7.72759,1945.384,1941.783,,2.045677,2.222139,0,-99,-99,0,0.0706996693764866,0.09303922216955447,0.05281677496834225,12.520230777830445,11.290411225031658,11.986566565975076,19.0908755228,1.2298195527987872,-0.9602178057436781
130,234,157,J1118-0650,169.649490,-6.845829,115.7,108.9,4601,23,1.50,0.08,-3.50,0.13,2.01,0.09,2.447,0.080,0,5012,1.95,LAMOST,11.606,0.043,-9.900,12.419,11.490,11.921,11.201,9.645,8.992,5.251762570127341e-06,3783989199935482624,169.6494992080563,0.019676168,-6.845837233392177,0.016212733,0.20297299616356185,0.020878382,11.273419380187988,10.563871,11.825454,1.2615824,,,,,,,,,,157,3.78398919993548E+18,169.649499208056,-6.84583723339218,1.2615824,6382069248684984875,169.649615606472,-6.84585032425898,0.418707393093078,AIS,0.1213615,GALEX J111835.9-065045,1,213,103,-999,-999,18.36335,0.04116777,-999,-999,163.931,6.214247,0.05544769,169.73971,-6.92788,1923.567,1909.445,,4.860282,4.974168,0,-99,-99,0,0.13451820947062804,0.1766049531938223,0.10013408523554826,11.648849046806179,10.463736914764452,11.13890117071736,17.9619087244,1.185112132041727,-1.0147395140592135
131,235,158,J1122+1223,170.642624,12.387412,-75.3,56.2,5229,47,2.68,0.06,-2.30,0.09,1.45,0.05,1.489,0.062,0,5290,2.05,LAMOST,12.458,0.025,0.025,12.973,12.392,12.580,12.859,10.992,10.510,0.0002737290999502743,3964002240066886400,170.64247567087648,0.025268933,12.387179640986064,0.025729638,0.9575409771835082,0.02969643,12.222617149353027,11.677929,12.584005,0.90607643,6098.9653,6089.38,6100.6865,3.4268,3.4236,3.4283,-0.8801,-0.8803,-0.8799,158,3.96400224006689E+18,170.642475670876,12.3871796409861,0.90607643,2487678180694950867,170.642851542482,12.3872628216461,1.35513641705708,NGS,0.5801249,GALEX J112234.2+122314,1,3072,1680,-999,-999,16.40852,0.004500277,-999,-999,992.1786,4.11149,0.03570472,170.38626,12.91058,1894.166,1921.895,,29.41645,27.68206,256,-99,-99,0,0.09226929609928648,0.11750971123673291,0.06553839689114076,12.466495288763266,11.61239060310886,12.13034785325374,16.1500178272,0.8541046856544057,-1.624279778906665
132,238,159,J1123+0937,170.977737,9.628229,154.5,75.7,6061,75,4.44,0.02,-2.45,0.10,1.10,0.12,-0.014,0.030,0,6211,4.42,LAMOST,12.707,0.024,0.011,13.097,12.642,12.725,12.849,11.628,11.306,0.0008607156838909457,3914953713546666368,170.97796973193053,0.0131915,9.627394587658957,0.01155206,2.925208557771581,0.014653644,12.528743743896484,12.110383,12.777343,0.66695976,6348.0723,6324.447,6367.3105,4.4731,4.4628,4.4834,-2.5683,-2.6496,-2.4942,159,3.91495371354667E+18,170.977969731931,9.62739458765896,0.66695976,3115824775598968915,170.97809924077,9.62789580747858,1.86202046318081,GII,0.4647776,GALEX J112354.7+093740,3,1463.5,1463.5,21.51671,0.1205244,15.45778,0.003580384,8.98085,0.9966954,2381.694,7.8521,0.03362634,171.42706,9.76992,1921.063,1915.516,,70.61329,69.25112,0,0.0834287,0.09045506,0,0.09076840078461718,0.11334689307351908,0.06231270834221293,12.663996106926481,12.048070291657787,12.437975343111868,15.2143252984,0.6159258152686942,-1.317936244742996
133,240,160,J1123+3217,170.951157,32.286118,68.8,87.8,6226,72,4.37,0.03,-1.95,0.09,1.35,0.09,0.102,0.037,0,6088,4.01,LAMOST,11.86,0.026,0.002,12.243,11.790,12.126,11.601,10.849,10.560,0.00036216795251874106,757312307490467456,170.95081604813802,0.013763586,32.28589891286005,0.019016635,3.5617213450160703,0.020817608,11.748916625976562,11.342948,11.988189,0.6452408,6318.148,6303.424,6330.755,4.4178,4.4118,4.425,-1.9518,-1.974,-1.9189,160,7.57312307490467E+17,170.950816048138,32.28589891286,0.6452408,6374821235824526714,170.951161619064,32.2861206808497,1.3204129166953,AIS,0.356266,GALEX J112348.2+321710,3,90.05,90.05,20.49169,0.2175657,14.72573,0.01088211,23.08482,4.624738,4674.209,46.83726,0.02430649,170.53826,32.35808,1958.843,1939.869,,138.5826,136.8458,0,0.2144492,0.1778175,0,0.06578370557452876,0.08203815269698464,0.04507103593682958,11.906150847303016,11.297876964063171,11.683132920402034,14.5497510124,0.6082738832398444,-1.1529458546355515
134,241,161,J1125+1011,171.359344,10.198061,203.8,32.0,6285,136,3.97,0.07,-3.06,0.21,1.20,0.27,0.519,0.081,0,6388,4.36,LAMOST,14.95,0.034,-9.900,15.286,14.859,14.951,14.762,13.972,13.615,2.898788265204096e-05,3915401249138734464,171.35932542047274,0.028035345,10.198074438014558,0.037924875,0.6213365011284883,0.047888868,14.815752983093262,14.415178,15.055361,0.6401825,6517.91,6460.9204,6560.821,4.2099,4.1599,4.2491,-2.1669,-2.3816,-1.9196,161,3.91540124913873E+18,171.359325420473,10.1980744380146,0.6401825,3115824775598973618,171.359662658108,10.1982866884088,1.4183007500371,GII,0.4334756,GALEX J112526.3+101153,3,1463.5,1463.5,22.34444,0.2087256,17.67583,0.01094286,4.190124,0.8053279,308.7928,3.111487,0.04031248,171.42706,9.76992,1921.063,1915.516,,9.155194,9.33683,0,0.03892467,0.04212628,0,0.10945457039391292,0.13633450327827465,0.07478535817134305,14.919026496721726,14.340392641828656,14.706298412699349,17.383967644800002,0.5786338548930701,-1.1929053950982151
135,243,163,J1131+1329,172.904465,13.490932,88.1,17.1,5740,123,3.70,0.06,-2.33,0.19,0.65,0.30,0.631,0.070,0,5750,3.62,LAMOST,15.306,0.029,-9.900,15.774,15.227,15.393,15.097,14.075,13.707,8.254175131971455e-05,3965990500687434880,172.9043935493295,0.026289197,13.490893183370932,0.020253474,0.39860189982189176,0.027190533,15.15827465057373,14.6740885,15.460891,0.7868023,6069.942,6001.3345,6129.6377,3.8428,3.7838,3.9013,-1.5304,-1.6403,-1.4666,163,3.96599050068743E+18,172.90439354933,13.4908931833709,0.7868023,6379078569541241936,172.904583986269,13.4908472290734,0.68687638352388,AIS,0.4410359,GALEX J113137.1+132927,1,203,203,-999,-999,18.60688,0.044964,-999,-999,130.9923,5.423515,0.03864181,173.32504,13.32581,1945.816,1948.475,,3.883704,3.987237,1,-99,-99,0,0.10211576386111623,0.12875014664637946,0.07128410392618861,15.332140853353621,14.602804396073811,15.056158886712614,18.3271132956,0.7293364572798104,-1.5718483272924981
136,244,164,J1135+3100,173.825165,31.006306,-36.7,70.2,6368,75,4.19,0.03,-2.84,0.09,1.62,0.16,0.321,0.038,0,6320,4.24,LAMOST,12.402,0.018,0.004,12.729,12.353,12.593,12.335,11.458,11.167,0.00036454202606208124,4024258569645322112,173.8247826721153,0.011773543,31.006148983630187,0.012550495,2.3365700252563846,0.015393687,12.27720832824707,11.900658,12.494624,0.5939665,6519.8643,6506.406,6529.786,4.2383,4.231,4.2491,-3.4064,-3.8142,-2.8528,164,4.02425856964532E+18,173.824782672115,31.0061489836302,0.5939665,6374821272331750762,173.825165622348,31.0063048740668,1.3081302550516,AIS,0.4252124,GALEX J113518.0+310022,3,95,95,19.56411,0.1762327,14.97673,0.01172447,54.24482,8.802682,3709.446,40.04721,0.02228341,173.83953,30.58127,1918.319,1912.51,,109.9789,107.9075,0,0.5039139,0.4689851,0,0.06085576087072301,0.07558046765420298,0.04139570771152723,12.419043532345796,11.859262292288474,12.216352567376347,14.8153981116,0.5597812400573225,-1.1003882770196665
137,245,165,J1137+4413,174.316238,44.222752,94.1,68.2,6321,160,4.08,0.04,-2.13,0.08,1.55,0.07,0.419,0.063,0,6224,3.91,LAMOST,12.303,0.018,0.010,12.700,12.254,12.906,12.314,11.352,11.068,0.0007114358004810635,773587832656376832,174.31670121179522,0.012526577,44.222119221873584,0.013367104,2.0549266348831985,0.017447008,12.210283279418945,11.820801,12.439646,0.618845,6482.1055,6429.9277,6542.733,4.1957,4.1574,4.2189,-1.6284,-1.9208,-1.478,165,7.73587832656377E+17,174.316701211795,44.2221192218736,0.618845,6374504663448817202,174.316235643481,44.222751735595,2.5744197657059,AIS,0.5116475,GALEX J113715.9+441321,3,107,107,20.18863,0.2308,15.06194,0.01189336,30.51757,6.485688,3429.453,37.55775,0.02885042,174.61382,43.75805,1906.043,1936.616,,101.6776,99.66637,1,0.2834967,0.3649801,0,0.07850882408795344,0.09767295140413092,0.05355282898434575,12.341973048595868,11.767248171015654,12.131774455330993,14.853062959199999,0.5747248775802145,-1.0929320244903407
138,246,166,J1142+3311,175.512375,33.186653,74.7,50.2,6166,98,3.91,0.03,-2.12,0.09,1.43,0.09,0.545,0.042,0,6184,4.08,LAMOST,13.373,0.021,-9.900,13.755,13.316,13.456,13.284,12.357,12.048,0.00026906512691695386,4024975176348745472,175.51226860474563,0.011463596,33.186397002616395,0.010448089,1.1193891126992597,0.013162487,13.253822326660156,12.846498,13.496415,0.6499176,6412.4395,6356.777,6464.6353,3.9882,3.9439,4.0529,-2.3907,-2.4809,-2.1724,166,4.02497517634875E+18,175.512268604746,33.1863970026164,0.6499176,6374821230455820505,175.512230007871,33.1867204514441,1.1702078259816,AIS,0.5784849,GALEX J114202.9+331112,3,108,108,21.68043,0.4585292,16.2097,0.02012062,7.723778,3.261122,1191.565,22.07646,0.02164416,175.77618,32.65235,1979.054,1963.013,,35.32794,35.15298,17,0.07175098,0.06770366,0,0.058506182234537525,0.07299999356317531,0.040125464237165655,13.423415006436825,12.806372535762835,13.195316144425618,16.052996281600002,0.6170424706739901,-1.2116021044410896
139,248,167,J1144+4032,176.073242,40.538326,-14.6,81.8,5501,98,4.37,0.03,-2.69,0.08,0.95,0.14,-0.113,0.042,0,5857,4.79,LAMOST,12.102,0.012,-9.900,12.590,12.071,12.124,12.093,10.744,10.395,0.0012144096002118798,768250047300748288,176.07262430545038,0.010173829,40.537203661662076,0.012025267,4.319516851059311,0.014712039,11.830408096313477,11.353999,12.127371,0.7733717,5966.153,5920.52,6076.61,4.454,4.4481,4.4622,-1.8862,-1.9609,-1.5613,167,7.68250047300748E+17,176.07262430545,40.5372036616621,0.7733717,6374645328994374154,176.073241730856,40.5381960643579,3.95187516978151,AIS,0.3605247,GALEX J114417.5+403217,1,224,112,-999,-999,15.15265,0.008162113,-999,-999,3154.575,23.70902,0.01311361,176.26035,40.20705,1945.151,1911.814,,93.52792,91.33846,0,-99,-99,0,0.034616054026054,0.043648985479744135,0.024191247625772638,12.083722014520257,11.329807752374228,11.795792042287422,15.0577074636,0.7539142621460293,-1.6731433366626671
140,249,168,J1144+4425,176.123932,44.430592,82.3,15.9,5861,219,4.64,0.06,-2.44,0.18,0.50,0.30,-0.273,0.089,0,5948,4.72,LAMOST,16.237,0.025,-9.900,16.716,16.171,16.251,15.992,15.064,14.722,0.00012921790374220967,772892975667148544,176.1238326811871,0.031979837,44.430481620275984,0.030822843,0.6128054264381056,0.04068581,16.019533157348633,15.570431,16.287395,0.7169647,6012.395,5963.4546,6134.576,4.5657,4.5368,4.6038,-2.2016,-2.3295,-2.0665,168,7.72892975667149E+17,176.123832681187,44.430481620276,0.7169647,6374504652709299116,176.12337102599,44.430976220413,2.13983424076586,AIS,0.4251356,GALEX J114429.6+442551,1,112,112,-999,-999,19.24146,0.08667538,-999,-999,73.0156,5.827491,0.02244613,176.56533,44.71667,1908.564,1924.664,,2.164792,2.210095,0,-99,-99,0,0.05994339552673195,0.0752029707125067,0.041507259158565124,16.212192029287493,15.528923740841433,15.959589761821901,19.0789500188,0.6832682884460599,-1.3818270134480217
141,250,169,J1145+0359,176.348663,3.996096,11.0,56.7,4951,27,2.04,0.07,-2.43,0.11,1.76,0.05,2.034,0.070,0,4946,1.51,LAMOST,12.359,0.051,0.017,13.038,12.222,12.726,12.099,10.684,10.082,8.257657605811107e-05,3896026716090781056,176.34859098280887,0.012439379,3.996065488567677,0.009904302,0.3257922772527863,0.014971117,12.117274284362793,11.486045,12.571467,1.0854225,5941.097,5936.106,5946.256,2.9219,2.9203,2.9234,-0.5499,-0.55,-0.5496,169,3.89602671609078E+18,176.348590982809,3.99606548856768,1.0854225,2426738848438426444,176.349132876865,3.9963671641931,2.22860401470578,MIS,0.4230265,GALEX J114523.7+035946,1,1714,1353,-999,-999,17.80138,0.01308296,-999,-999,275.0723,3.313776,0.02200329,175.93665,3.89833,1936.434,1925.485,,8.155437,6.947482,0,-99,-99,0,0.05490994761107042,0.07106566913288401,0.04004641747754238,12.500401330867117,11.445998582522458,12.062364336751722,17.6420761804,1.0544027483446587,-1.3288159682030747
142,253,170,J1147+4458,176.902222,44.981712,-105.4,64.2,5892,91,4.59,0.03,-2.40,0.09,0.60,0.15,-0.214,0.041,0,5933,4.48,LAMOST,13.173,0.024,0.002,13.445,13.108,13.200,12.944,12.054,11.678,0.0010019385137747942,773680672669522304,176.90132341522235,0.010389678,44.98093522158101,0.012739077,2.842081653834481,0.016709996,12.970589637756348,12.534835,13.238386,0.7035513,6256.094,6215.688,6306.1235,4.6556,4.645,4.6705,-2.2857,-2.3463,-2.154,170,7.73680672669522E+17,176.901323415222,44.980935221581,0.7035513,6374504652709301352,176.902432113888,44.9817267884425,4.01135156511847,AIS,0.3568886,GALEX J114736.5+445854,1,112,112,-999,-999,16.07347,0.01758527,-999,-999,1350.864,21.87414,0.02000174,176.56533,44.71667,1908.564,1924.664,,40.05089,40.47449,0,-99,-99,0,0.05352803799796641,0.06708845071808538,0.037004455386643854,13.171297549281915,12.497830544613356,12.917061599758382,15.9286574024,0.6734670046685594,-1.4194677657019827
143,257,172,J1151+1228,177.934875,12.480843,103.7,34.2,5254,67,3.12,0.07,-3.51,0.15,1.34,0.13,1.057,0.073,0,5370,2.01,LAMOST,14.42,0.020,0.018,14.919,14.367,14.537,14.157,12.965,12.514,6.917473061836785e-05,3919674398001109632,177.93488740758286,0.017935617,12.480771462977582,0.017165665,0.355740947508369,0.023103418,14.188522338867188,13.653315,14.53958,0.88626575,6035.948,5981.0674,6102.371,3.6381,3.5811,3.6975,-1.4695,-1.5659,-1.1987,172,3.91967439800111E+18,177.934887407583,12.4807714629776,0.88626575,3185947229169916062,177.935011199277,12.4809095131325,0.66054364427975,GII,0.5882928,GALEX J115144.4+122851,1,1623.15,0,-999,-999,18.09179,0.01380817,-999,-999,210.5153,2.676641,0.03166806,178.53585,12.43745,1957.586,1926.379,,6.24143,6.240255,1,-99,-99,-999,0.08209121302577171,0.10439415179943182,0.05817229530511688,14.435185848200568,13.595142704694883,14.106431125841416,17.8625132456,0.8400431435056852,-1.7862895260541425
144,254,171,J1151-0054,177.812393,-0.903151,-33.0,39.3,6010,100,3.61,0.04,-3.05,0.27,0.00,0.30,0.801,0.050,0,6088,3.08,LAMOST,13.71,0.021,0.009,14.061,13.654,13.769,13.510,12.595,12.265,0.00031864267359314063,3794549287566172160,177.81215819035802,0.016409963,-0.9033619267822297,0.011454944,0.6999593131595556,0.017879043,13.545676231384277,13.120917,13.800921,0.6800041,6426.201,6339.568,6538.8906,3.8253,3.7294,3.9882,-1.5498,-1.8137,-1.2656,171,3.79454928756617E+18,177.812158190358,-0.90336192678223,0.6800041,2413650261822156669,177.812318113244,-0.903511801002907,0.788977212027665,MIS,0.3177903,GALEX J115114.9-005412,3,4481.65,3025.45,22.14624,0.1074802,16.48061,0.003566686,5.029262,0.4977406,928.4474,3.049245,0.01926156,177.94681,-1.19145,1930.025,1918.675,,27.52693,26.7642,0,0.04671995,0.04299626,0,0.05176362438118458,0.06475420890790193,0.03566658009153878,13.7361667910921,13.085250419908462,13.493912607003093,16.3411563056,0.6509163711836372,-1.4354763384779208
145,258,173,J1152+1202,178.196045,12.042473,-60.9,20.3,5536,71,4.69,0.02,-2.00,0.12,1.15,0.16,-0.422,0.029,0,5584,5.02,LAMOST,13.167,0.020,0.006,13.655,13.113,13.288,12.905,11.851,11.475,0.0004483151612276085,3919595057069426176,178.19559740716517,0.015510183,12.042400370852485,0.014491691,3.7990259173979597,0.018287487,12.939238548278809,12.434486,13.265365,0.83087826,5654.512,5645.855,5662.7974,4.64,4.6373,4.6427,-1.9673,-1.9864,-1.9459,173,3.91959505706943E+18,178.195597407165,12.0424003708525,0.83087826,3185947229169911266,178.195876959471,12.0423715724007,0.989686422254036,GII,0.5162074,GALEX J115247.0+120232,1,1623.15,0,-999,-999,16.87937,0.007397889,-999,-999,643.058,4.380545,0.0323954,178.53585,12.43745,1957.586,1926.379,,19.06561,19.01777,1,-99,-99,-999,0.08484473922392197,0.10739631853696181,0.059646878052271896,13.157968681463037,12.374839121947728,12.854393809054887,16.644827304000003,0.7831295595153094,-1.3847533811283164
146,261,175,J1158+0531,179.717239,5.533084,46.5,70.7,5634,69,3.61,0.03,-2.29,0.09,1.47,0.07,0.689,0.036,0,5597,3.51,LAMOST,11.484,0.022,0.024,11.936,11.425,12.058,11.255,10.200,9.843,0.0005495048168288543,3897965777861625088,179.7175145516182,0.027578466,5.532601986536509,0.019692713,2.2596079519034618,0.031538155,11.311280250549316,10.829197,11.612149,0.7829523,,,,,,,,,,175,3.89796577786162E+18,179.717514551618,5.53260198653651,0.7829523,6379113773240681799,179.717407559347,5.53291095079958,1.17648886531569,AIS,0.2936332,GALEX J115852.1+053158,1,109.05,0,-999,-999,14.89813,0.01065615,-999,-999,3987.939,39.13084,0.01713392,179.99648,5.62817,1928.863,1937.387,,118.2358,117.7617,0,-99,-99,-999,0.045174547742047336,0.056996853576739295,0.031598224601160435,11.55515214642326,10.797598775398841,11.26610570280727,14.7740804192,0.7575533710244198,-1.4612967430080444
147,262,177,J1205+1309,181.254959,13.159757,135.9,57.2,5683,68,3.68,0.03,-1.67,0.08,1.10,0.06,0.634,0.036,0,5836,4.49,LAMOST,14.142,0.017,0.005,14.647,14.097,14.250,13.941,12.883,12.557,0.00032812406792178143,3920006072555870336,181.25462863518706,0.017038569,13.159723133810946,0.011164825,0.6786837109371276,0.019025946,13.964437484741211,13.493678,14.258667,0.7649889,5725.3306,5715.8027,5746.9897,3.5314,3.5127,3.5504,-1.7588,-1.822,-1.7206,177,3.92000607255587E+18,181.254628635187,13.1597231338109,0.7649889,6378902644459570212,181.254973666939,13.1598988668232,1.36495784377125,AIS,0.378785,GALEX J120501.1+130935,1,136,136,-999,-999,17.62642,0.03388467,-999,-999,323.1691,10.08331,0.02393725,181.54768,13.40955,1899.521,1923.324,,9.581428,9.763707,0,-99,-99,0,0.06337988029797362,0.07982291041249306,0.044182858856097,14.178844089587507,13.449495141143903,13.901057604443237,17.45311431,0.7293489484436044,-1.2520913396246396
148,264,178,J1206+4528,181.558060,45.473759,34.2,27.2,4933,38,1.78,0.24,-3.23,0.09,2.15,0.13,2.288,0.240,1,5088,1.93,LAMOST,14.749,0.024,-9.900,15.239,14.684,14.949,14.418,13.075,12.507,1.7102980666240135e-05,1539377031199595136,181.5580549200678,0.0111897895,45.47374000312429,0.013620487,0.023964078530613296,0.019398317,14.473565101623535,13.853244,14.912877,1.0596333,,,,,,,,,,178,1.5393770311996E+18,181.558054920068,45.4737400031243,1.0596333,3860079798593261452,181.558213267174,45.4737880441817,0.435548329539471,MIS,0.1949664,GALEX J120613.9+452825,1,1627.05,0,-999,-999,19.96729,0.03340441,-999,-999,37.41845,1.150959,0.01123684,181.40643,45.63724,1919.101,1910.037,,1.109395,1.154777,0,-99,-99,-999,0.028135592342417793,0.03635084820623541,0.020470001058563485,14.876526151793765,13.832773998941436,14.445429509281118,19.885935278399998,1.0437521528523295,-1.3720188167636787
149,265,179,J1207+1524,181.796112,15.402541,303.7,28.8,6321,69,4.18,0.02,-3.13,0.22,0.94,0.30,0.319,0.029,0,6388,4.31,LAMOST,14.145,0.021,0.006,14.436,14.088,14.167,13.974,13.168,12.863,8.009199949184709e-05,3922377203740904832,181.79608687647791,0.018420862,15.40246393714381,0.0126839075,1.0458856706761221,0.020235686,13.990656852722168,13.605603,14.211361,0.6057577,6489.1406,6479.0063,6505.7197,4.219,4.201,4.2474,-3.9317,-4.0603,-3.6635,179,3.9223772037409E+18,181.796086876478,15.4024639371438,0.6057577,6378902631576768384,181.796274891307,15.4026715408578,0.992159039819676,AIS,0.3556696,GALEX J120711.1+152409,3,218,106,21.24556,0.4072946,16.6668,0.0168777,11.52865,4.323717,782.1284,12.15518,0.03004461,181.54586,15.14163,1915.07,1904.24,,23.18881,23.61139,0,0.1070968,0.1292489,0,0.08196753970601095,0.10185970683502199,0.05579709028753946,14.109501293164978,13.549805909712461,13.908689313016158,16.449277023599997,0.5596953834525173,-1.1793998215635337
150,266,180,J1207+2244,181.779633,22.746382,53.6,62.5,4826,55,1.87,0.08,-2.76,0.12,1.95,0.07,2.160,0.082,1,4720,1.18,LAMOST,12.92,0.034,0.032,13.642,12.830,13.333,12.675,11.151,10.574,1.552840935179078e-05,4000244033104204800,181.77964110726057,0.0130660115,22.746394707174733,0.012519464,0.19582724487567174,0.01597543,12.684697151184082,12.029721,13.166151,1.1364298,5432.237,5395.543,5502.4307,2.5947,2.5643,2.6764,-1.3837,-1.4438,-1.3049,180,4.0002440331042E+18,181.779641107261,22.7463947071747,1.1364298,6378867507332124545,181.779961653047,22.7464094738511,1.06554241363103,AIS,0.5485492,GALEX J120707.1+224447,1,93,93,-999,-999,18.95453,0.08343308,-999,-999,95.10132,7.306258,0.02768286,181.54204,22.24383,1931.878,1914.4,,2.819597,2.801833,0,-99,-99,0,0.06848663850108243,0.08901658645191951,0.050266868565474694,13.07713441354808,11.979454131434526,12.616210512682999,18.754106093599997,1.0976802821135543,-1.0655128913221876
151,268,181,J1208+3954,182.128098,39.902340,89.0,53.6,4774,36,2.02,0.14,-2.64,0.13,1.98,0.07,1.991,0.140,1,4992,1.21,LAMOST,12.984,0.034,0.022,13.460,12.894,13.332,12.663,11.202,10.591,3.5584691126433444e-05,1536035581002935424,182.12813185456034,0.008941448,39.902312058429445,0.011579467,0.1590308381356516,0.015569299,12.745601654052734,12.073129,13.248685,1.1755562,,,,,,,,,,181,1.53603558100294E+18,182.12813185456,39.9023120584294,1.1755562,6374680542357488131,182.12813183616,39.9023221521048,0.0363372670945546,AIS,0.4472247,GALEX J120830.7+395408,1,109,109,-999,-999,19.47735,0.1063642,-999,-999,58.7569,5.754726,0.02847999,182.48375,40.25725,1922.122,1951.244,,1.742045,1.781774,0,-99,-99,0,0.06995798748116264,0.0912505324143343,0.05161445126396492,13.157434467585666,12.021514548736034,12.675643666571572,19.2711548724,1.1359199188496323,-0.8579262541753438
152,270,182,J1210+0023,182.732407,0.398417,99.0,132.8,6034,128,4.42,0.05,-2.15,0.08,1.12,0.08,-0.002,0.063,0,6172,4.64,LAMOST,11.11,0.013,0.013,11.493,11.076,11.220,10.910,10.023,9.736,0.001942145419919911,3699174968913157376,182.73215094427647,0.017642006,0.3964903971319008,0.014281967,5.619439589054052,0.020408152,10.934357643127441,10.515417,11.18136,0.66594315,6405.0796,6351.6104,6528.052,4.4214,4.397,4.4559,-2.0607,-2.2395,-1.6947,182,3.69917496891316E+18,182.732150944276,0.396490397131901,0.66594315,3196819200147461168,182.732296465541,0.397732113256437,4.50076940596922,GII,0.3474824,GALEX J121055.7+002351,3,1690.25,1690.25,19.85616,0.04701447,14.06794,0.001820927,41.45111,1.794477,8566.857,14.36429,0.02565639,183.06287,0.50485,1917.869,1915.173,,253.9931,246.4617,8,0.3850652,0.3883825,0,0.06918898202237768,0.0864260482391945,0.04753862788358663,11.094933951760805,10.467878372116413,10.865168661105063,13.8821877364,0.6270555796443915,-1.1280311744159857
153,271,183,J1213+2506,183.301270,25.116631,-66.1,31.8,4934,26,1.81,0.11,-2.83,0.13,1.83,0.10,2.258,0.110,1,4875,1.16,LAMOST,13.815,0.021,-9.900,14.549,13.757,14.060,13.710,12.154,11.595,9.626778635512593e-05,4003175262384231424,183.3012451618886,0.014538973,25.11653606112516,0.012688011,0.06618676232796927,0.017372897,13.564305305480957,12.940334,14.008008,1.0676737,,,,,,,,,,183,4.00317526238423E+18,183.301245161889,25.1165360611252,1.0676737,6378726687165647540,183.301400668058,25.1167148655157,0.819316994216619,AIS,0.2335115,GALEX J121312.3+250700,1,137,137,-999,-999,19.37333,0.08342148,-999,-999,64.66453,4.967229,0.02437869,183.094,24.97806,1911.216,1928.287,,1.917196,2.031662,0,-99,-99,0,0.06105673304140525,0.07888730229021527,0.0444104838257193,13.929120697709784,12.89592351617428,13.503248572439551,19.1968282844,1.0331971815355043,-1.0832587010617365
154,274,185,J1214+0453,183.666306,4.896659,202.0,42.9,6371,153,4.17,0.05,-3.01,0.09,1.29,0.24,0.342,0.068,0,6250,3.64,LAMOST,14.905,0.018,0.014,15.293,14.856,14.985,14.787,13.916,13.661,9.15278459095075e-05,3894267707940217856,183.6663373871693,0.024543164,4.89656890362528,0.019788321,0.7501515227461105,0.030864406,14.803046226501465,14.408402,15.030665,0.62226295,6419.671,6391.3843,6438.076,4.3223,4.3014,4.365,-3.6019,-4.047,-2.9763,185,3.89426770794022E+18,183.666337387169,4.89656890362528,0.62226295,3074131294673710026,183.666406493507,4.89673462842294,0.646053058281681,GII,0.4149053,GALEX J121439.9+045348,3,3902.5,1639.15,22.95947,0.2496289,17.45247,0.00593527,2.378008,0.546611,379.3232,2.073099,0.01873066,184.00169,4.65075,1920.135,1919.967,,11.24631,11.24266,0,0.0220908,0.01959256,0,0.05086492419762237,0.06333080914396995,0.03475791427412058,14.96733419085603,14.37364408572588,14.752181302303843,17.3168600216,0.5936901051301504,-1.3451718882474424
155,273,184,J1214-0036,183.581512,-0.613410,69.1,31.7,5339,42,2.84,0.06,-2.91,0.13,1.25,0.09,1.365,0.061,0,5361,3.01,LAMOST,13.995,0.024,0.020,14.542,13.929,14.156,13.767,12.561,12.112,0.0001429937929876295,3698111844248492160,183.581407567724,0.017540457,-0.6135025102024345,0.013502969,0.34736158373010717,0.022683114,13.79836368560791,13.2541895,14.159772,0.9055824,,,,,,,,,,184,3.69811184424849E+18,183.581407567724,-0.613502510202435,0.9055824,3196924753261628268,183.581440266328,-0.61337491351534,0.474189708209484,GII,0.2762212,GALEX J121419.5-003648,1,1696.15,1696.15,-999,-999,17.99062,0.01333179,-999,-999,231.0744,2.836681,0.02089405,183.56342,-0.33774,1973.867,1908.855,,6.850973,6.856791,0,-99,-99,0,0.05389082342906857,0.06867809764792548,0.03833946927069853,14.091093902352075,13.215850030729301,13.744472862178842,17.839347078,0.8752438716227733,-1.648101773155937
156,277,186,J1216+0231,184.050064,2.518156,109.3,109.3,6027,72,3.51,0.03,-2.84,0.13,0.84,0.22,0.906,0.037,0,5711,3.08,LAMOST,12.131,0.029,0.017,12.499,12.053,12.540,12.167,11.033,10.676,0.0001897919120557255,3701167142247594752,184.0499036641688,0.015924493,2.518062381364244,0.011971031,1.374737442488446,0.017768022,11.9905366897583,11.552617,12.258813,0.70619583,6330.244,6255.112,6393.609,3.7017,3.6441,3.7651,-1.4872,-1.5523,-1.3089,186,3.70116714224759E+18,184.049903664169,2.51806238136424,0.70619583,3787635176462361020,184.050268990156,2.51837417842009,1.72808562950629,MIS,0.3271529,GALEX J121612.0+023106,1,1687,0,-999,-999,15.08035,0.002145901,-999,-999,3371.784,6.662537,0.02034165,184.0748,2.19214,1792.722,1939.274,,99.96781,98.3047,8,-99,-99,-999,0.05441403971827704,0.06821259085727636,0.03762973525955826,12.190600409142723,11.51498726474044,11.936122650040025,14.933076454,0.6756131444022824,-1.4489456743731361
157,278,187,J1216-0244,184.249405,-2.739860,58.5,60.3,6109,63,4.41,0.02,-2.02,0.10,1.10,0.10,0.029,0.028,0,6184,4.39,LAMOST,13.608,0.021,-9.900,13.968,13.552,13.696,13.499,12.553,12.256,0.0005941412359520892,3694190779625424384,184.2488354596452,0.015801094,-2.7400097108640953,0.012769575,1.7462808140698736,0.021363387,13.476452827453613,13.057639,13.729954,0.67231464,6355.9883,6329.622,6428.544,4.4603,4.4478,4.4748,-1.905,-2.083,-1.6277,187,3.69419077962542E+18,184.248835459645,-2.7400097108641,0.67231464,6382597032519927604,184.249246181505,-2.73984919415489,1.58593211746406,AIS,0.2889194,GALEX J121659.8-024423,1,79,79,-999,-999,16.4752,0.02643248,-999,-999,933.0816,22.71055,0.03235942,183.96041,-2.75532,2370.955,2106.197,,27.66432,28.01893,4,-99,-99,0,0.08724743210651653,0.10900487545930426,0.05995163465810236,13.620949124540696,12.997687365341898,13.389205395347096,16.240917799200002,0.6232617591987974,-1.286736463045795
158,279,188,J1218+2838,184.583481,28.642040,53.4,25.9,4947,28,2.65,0.06,-2.13,0.11,1.24,0.07,1.423,0.061,0,4798,1.50,LAMOST,14.45,0.020,-9.900,15.089,14.395,14.571,14.081,12.852,12.294,2.476115790921788e-05,4010259037845143552,184.58349463606388,0.015842577,28.642014902689205,0.014177567,0.19925920721656834,0.019930504,14.137469291687012,13.554941,14.540673,0.9857321,5776.1997,5730.45,5799.8276,3.427,3.4032,3.4407,-0.8886,-0.912,-0.8665,188,4.01025903784514E+18,184.583494636064,28.6420149026892,0.9857321,6374856491061479144,184.583801363469,28.6424972251198,1.98849036852215,AIS,0.4936944,GALEX J121820.1+283832,1,94,94,-999,-999,19.17933,0.09407417,-999,-999,77.31603,6.69746,0.023099,185.14511,28.67617,1905.327,1890.501,,2.292292,2.428534,0,-99,-99,0,0.05872286502610783,0.07533843861506358,0.042237953815809,14.465334561384937,13.51270304618419,14.078746426660905,19.01209324,0.9526315152007463,-1.317480900491864
159,284,189,J1220+1637,185.191864,16.618187,-38.9,23.3,6376,198,3.79,0.08,-2.72,0.18,0.65,0.30,0.724,0.100,0,6347,4.28,LAMOST,15.207,0.027,-9.900,15.514,15.135,15.189,14.999,14.162,13.947,6.682274524792101e-05,3946431322701069568,185.191840700121,0.024509868,16.61812376198652,0.022660878,0.408247973584639,0.03648294,15.03890323638916,14.644923,15.26463,0.6197071,6544.2847,6505.2056,6593.165,4.1253,4.0675,4.1745,-2.3572,-2.4629,-2.1899,189,3.94643132270107E+18,185.191840700121,16.6181237619865,0.6197071,3221976026390203768,185.191980446232,16.6182962847241,0.786216901075957,GII,0.5333545,GALEX J122046.0+163705,1,1886.9,0,-999,-999,17.766,0.007431294,-999,-999,284.1848,1.944623,0.0252235,185.70703,16.82113,1822.885,1930.291,,8.425608,8.477102,0,-99,-99,-999,0.06859256460007747,0.0853576419447329,0.04681609230881235,15.179272358055268,14.598106907691188,14.970310671789083,17.58338186,0.5811654503640806,-1.2330968037556849
160,287,190,J1220+4231,185.222763,42.531551,-161.9,54.1,4814,45,1.88,0.05,-2.80,0.13,1.85,0.06,2.145,0.052,1,4960,1.99,LAMOST,13.634,0.013,0.031,14.340,13.598,13.973,13.375,11.948,11.329,3.378677385212266e-05,1538033771587523200,185.22273378967168,0.009616061,42.531523635370604,0.0112902485,0.11599938287115433,0.01613585,13.420097351074219,12.769871,13.897383,1.127512,,,,,,,,,,190,1.53803377158752E+18,185.222733789672,42.5315236353706,1.127512,6374680517661429769,185.222717034204,42.5316666095655,0.516622870514802,AIS,0.5596861,GALEX J122053.4+423154,1,122,122,-999,-999,19.66545,0.09910004,-999,-999,49.41037,4.508811,0.0224478,185.17845,41.97294,1919.53,1929.669,,1.464935,1.579557,0,-99,-99,256,0.05558866323844854,0.07221425934193976,0.04077226671546491,13.825168740658059,12.729098733284536,13.36450868783577,19.502927928,1.0960700073735232,-1.0416244710021214
161,288,191,J1221+0907,185.389404,9.121344,82.0,76.7,5207,45,2.64,0.04,-2.34,0.11,1.73,0.06,1.522,0.042,0,5072,2.50,LAMOST,11.923,0.025,0.004,12.568,11.858,12.009,11.548,10.424,9.960,0.00023494843174775987,3902327918445568640,185.38950041216629,0.015455073,9.121124901929273,0.013578363,0.7094045471565166,0.018468315,11.730741500854492,11.162748,12.117166,0.9544172,6122.8945,6094.637,6132.098,3.2174,3.2056,3.2203,-0.6995,-0.7,-0.6978,191,3.90232791844557E+18,185.389500412166,9.12112490192927,0.9544172,3190415644425205135,185.3898847706,9.1214555027853,1.81189762122801,GII,0.5150323,GALEX J122133.5+090717,1,6337.45,6337.45,-999,-999,16.47012,0.002997847,-999,-999,937.4575,2.587803,0.02458856,185.79053,8.79186,1923.992,1925.631,,27.79406,27.45531,1,-99,-99,256,0.06288399476920771,0.08045586962219013,0.04502657797314936,12.03671013037781,11.11772142202685,11.667857506085284,16.2920988256,0.9189887083509589,-1.412069279535725
162,291,192,J1225-0452,186.373611,-4.870966,241.0,69.4,4860,29,1.96,0.09,-2.52,0.12,1.75,0.05,2.082,0.090,0,4980,2.21,LAMOST,12.117,0.035,0.028,12.809,12.024,12.486,11.841,10.390,9.804,7.976945705368348e-05,3680881912925709952,186.37354387789276,0.015953628,-4.870998398965549,0.011621976,0.3436757247632044,0.018924529,11.862192153930664,11.221214,12.328669,1.1074543,,,,,,,,,,192,3.68088191292571E+18,186.373543877893,-4.87099839896555,1.1074543,6382597063658438977,186.373866272512,-4.87105040562926,1.17148649302075,AIS,0.4213688,GALEX J122529.7-045215,1,127,127,-999,-999,17.82618,0.04193682,-999,-999,268.8611,10.3823,0.05474489,186.29648,-4.4568,1956.461,1938.785,,7.971287,8.11126,0,-99,-99,0,0.13665364015011608,0.1769067406426873,0.09962805950887778,12.151762259357312,11.121585940491123,11.725538513780547,17.4298269964,1.0301763188661894,-1.1285112301608962
163,292,193,J1226+2323,186.578995,23.388212,141.8,77.6,4964,27,1.75,0.07,-2.47,0.11,2.01,0.06,2.329,0.070,0,4991,1.02,LAMOST,11.808,0.019,0.028,12.533,11.756,11.955,11.415,10.186,9.627,0.00011380642748348364,3953798325484981120,186.57893633103382,0.022406476,23.388111846867066,0.019109495,0.24574181264359052,0.023646764,11.602560043334961,10.983894,12.042124,1.0582294,,,,,,,,,,193,3.95379832548498E+18,186.578936331034,23.3881118468671,1.0582294,6378726715082932281,186.578975241484,23.3882104366048,0.377491990733565,AIS,0.5589337,GALEX J122618.9+232317,1,96,96,-999,-999,17.50183,0.03946206,-999,-999,362.4644,13.1709,0.02087214,186.71615,23.93284,1897.919,1913.801,,10.74647,11.01074,0,-99,-99,0,0.05234140147618482,0.06758271079928997,0.038035775706862035,11.97454128920071,10.945858224293138,11.550218641858777,17.350715706400003,1.0286830649075718,-0.9382842588341749
164,294,196,J1231+1232,187.750168,12.544040,32.3,87.0,6303,92,3.87,0.03,-2.44,0.08,1.12,0.10,0.624,0.041,0,6224,4.12,LAMOST,11.816,0.046,0.013,12.067,11.693,11.910,11.672,10.753,10.489,6.516108554129045e-05,3907715353623288192,187.75021190189509,0.021989375,12.543985241444156,0.020055491,2.0201607967517328,0.027402978,11.662775039672852,11.258245,11.903792,0.6455469,6268.925,6226.696,6314.296,3.925,3.8223,3.9703,-1.4004,-1.5825,-1.2303,196,3.90771535362329E+18,187.750211901895,12.5439852414442,0.6455469,2499394576602638691,187.750361839572,12.5440269063822,0.547824941975502,NGS,0.09689521,GALEX J123100.0+123238,3,4685.95,1576.1,20.00738,0.03902227,14.6035,0.001180966,36.06203,1.295785,5231.159,5.688602,0.02021949,187.72136,12.45136,1882.209,2104.052,GR6/pipe/01-vsn/21581-GI1_085026_NGC4486/g/01-main/0001-img/07-try/qa/spjpeg/GI1_085026_NGC4486_id010595-ng-prc_int.jpeg,155.0952,150.5496,2,0.3350027,0.3338082,0,0.054687553596457765,0.06821563846957333,0.03748944438362123,11.835576361530427,11.22075555561638,11.608087486076395,14.457110892400001,0.6148208059140465,-1.2019993857141529
165,304,197,J1231+5243,187.989731,52.729076,-133.7,68.5,5824,74,3.66,0.03,-1.99,0.09,1.43,0.07,0.696,0.037,0,5918,4.12,LAMOST,11.464,0.018,0.004,11.984,11.416,11.628,11.291,10.323,9.955,6.956003971120217e-05,1569303190791937408,187.9896296748428,0.0130521525,52.72910845553414,0.01509236,2.260298582912322,0.020260215,11.324097633361816,10.872086,11.604485,0.732399,,,,,,,,,,197,1.56930319079194E+18,187.989629674843,52.7291084555341,0.732399,6374539768364012389,187.989829580539,52.7292340017638,0.627859729399043,AIS,0.4022267,GALEX J123157.5+524345,3,266.05,193.05,21.89825,0.3303873,14.76854,0.006266977,6.319795,1.922634,4493.476,25.93049,0.01799818,188.20178,52.34823,1925.709,1906.55,,133.2241,131.1734,0,0.05870851,0.01566576,0,0.047899635665020326,0.06018212897619033,0.033259272276421614,11.54430287102381,10.838826727723578,11.276197997696796,14.6382331768,0.7054761433002312,-1.2714593880133194
166,308,198,J1233+1952,188.424728,19.871553,67.3,46.9,4386,30,0.87,0.09,-3.13,0.15,2.55,0.11,2.994,0.090,1,4970,1.33,LAMOST,13.016,0.029,0.018,14.030,12.938,13.363,12.681,10.873,10.184,2.075578996568256e-05,3949121587136124160,188.42472693269073,0.013706267,19.871531165208214,0.012994596,0.040454005758116834,0.016885761,12.630878448486328,11.866457,13.25729,1.3908329,,,,,,,,,,198,3.94912158713612E+18,188.424726932691,19.8715311652082,1.3908329,6378726762327573088,188.424923667674,19.8718289711206,1.26216328809965,AIS,0.4984007,GALEX J123341.9+195218,1,96,96,-999,-999,20.66289,0.2156787,-999,-999,19.71705,3.91579,0.02959688,188.79809,20.22611,1913.875,1912.557,,0.584578,0.5432613,0,-99,-99,0,0.0698723143552392,0.0930672479621642,0.05301901381943671,13.164222752037835,11.813437986180563,12.56100613413109,20.4486085888,1.3507847658572718,-0.9623708377585949
167,311,199,J1234+1420,188.686325,14.346022,141.4,43.4,6158,61,4.21,0.02,-2.14,0.09,1.54,0.11,0.243,0.027,0,6184,4.08,LAMOST,13.208,0.020,0.028,13.579,13.154,13.299,13.070,12.201,11.881,0.0001826528462989656,3932563388697714432,188.68623318466538,0.012616536,14.345863528370908,0.010764432,1.669111384827095,0.015021657,13.076364517211914,12.6680155,13.321267,0.65325165,6452.502,6445.9097,6458.9663,4.2657,4.2578,4.2957,-2.5559,-2.6557,-2.461,199,3.93256338869771E+18,188.686233184665,14.3458635283709,0.65325165,2490281824231626433,188.686130650231,14.3462134461882,1.30948156803775,NGS,0.5522583,GALEX J123444.6+142046,3,1836.5,1836.5,21.42523,0.1195058,16.03518,0.004463249,9.770313,1.075147,1399.348,5.751048,0.03223825,189.25611,14.33892,1910.96,1928.784,,41.48834,40.75237,1,0.09076252,0.08205188,256,0.08722209660434835,0.10880299540643533,0.059769393786354805,13.212464004593565,12.608246106213645,12.989142420607566,15.80177507,0.60421789837992,-1.2020057866813945
168,318,201,J1235+0956,188.908966,9.937829,-7.2,31.3,6217,180,4.26,0.24,-2.26,0.25,2.40,0.30,0.210,0.246,1,6198,4.34,LAMOST,15.434,0.023,-9.900,15.840,15.373,15.536,15.320,14.417,14.129,0.00013322619923994452,3903342870757308544,188.90896081897537,0.035708077,9.937694535915421,0.030352918,0.3363772639246766,0.045203544,15.380072593688965,14.952201,15.602554,0.65035343,6234.5903,6204.162,6274.613,3.8582,3.8129,3.8819,-2.2433,-2.9154,-2.0536,201,3.90334287075731E+18,188.908960818975,9.93769453591542,0.65035343,3222820451320335677,188.908843789794,9.93762083624059,0.492550167171219,GII,0.3752888,GALEX J123538.1+095615,1,1623.75,0,-999,-999,18.20039,0.0138248,-999,-999,190.4776,2.424784,0.02186092,188.5969,10.15325,1927.82,1928.292,,5.647346,5.606072,0,-99,-99,-999,0.05908924294547959,0.07372935437457002,0.040526809575507125,15.528824645625429,14.911674190424494,15.320983350743486,18.0421169392,0.6171504552009353,-1.3494336132950444
169,320,202,J1235+3712,188.983292,37.206848,43.0,93.2,6105,55,2.60,0.06,-3.52,0.16,2.95,0.26,1.838,0.062,0,6212,2.91,LAMOST,12.883,0.016,0.014,13.290,12.839,13.065,12.751,11.798,11.466,0.00011908298359908403,1519628565414140160,188.98326253216382,0.010896424,37.20672993631299,0.011088292,0.3420349758650262,0.015410228,12.631632804870605,12.245359,12.863962,0.61860275,6119.0034,6107.1772,6138.747,2.681,2.6648,2.7127,-2.1602,-2.3317,-2.0382,202,1.51962856541414E+18,188.983262532164,37.206729936313,0.61860275,6374680570276875013,188.983508623956,37.2066984004606,0.714682140482942,AIS,0.1837973,GALEX J123556.0+371224,3,199,110,20.79718,0.2637292,16.23461,0.01495499,17.42322,4.231133,1164.545,16.03661,0.01790251,188.75584,37.1769,1899.094,1928.782,,34.52684,34.59717,0,0.1618551,0.1627263,0,0.048642586504476705,0.0605480895511211,0.03322512249398048,12.80341391044888,12.21213387750602,12.58299021836613,16.1049958276,0.5912800329428602,-0.36995719139919725
170,322,204,J1237+1922,189.444473,19.380432,-53.1,94.3,4989,50,2.05,0.09,-3.09,0.12,1.93,0.08,2.037,0.091,0,5065,2.00,LAMOST,12.131,0.030,0.022,12.788,12.050,12.375,11.802,10.445,9.926,5.6610781056259805e-05,3948292486649393920,189.4445033886183,0.021257767,19.38037943341106,0.019595174,0.26863477818956166,0.028628537,11.895554542541504,11.278393,12.332395,1.0540018,,,,,,,,,,204,3.94829248664939E+18,189.444503388618,19.3803794334111,1.0540018,3230033247598549002,189.444686247142,19.3804778390605,0.714932270810178,GII,0.1357379,GALEX J123746.7+192249,1,1512.25,0,-999,-999,17.4946,0.01025304,-999,-999,364.887,3.444936,0.02370651,189.31733,19.31735,1920.894,1919.188,,10.81829,11.01205,0,-99,-99,-999,0.05951798802677881,0.07680944141139946,0.04321309002303294,12.255585558588601,11.235179909976967,11.836036554514726,17.3229648676,1.020405648611634,-1.205226390917125
171,323,205,J1240+5216,190.094681,52.273758,-148.0,49.0,5204,35,2.73,0.03,-2.75,0.10,1.60,0.08,1.431,0.032,0,5422,2.81,LAMOST,12.814,0.026,0.034,13.418,12.745,12.993,12.504,11.316,10.836,0.00016703655303490855,1569100949371226496,190.0945139655024,0.007204298,52.27362377647166,0.007504574,0.5182819798106295,0.010868811,12.593700408935547,12.0378475,12.96859,0.93074226,,,,,,,,,,205,1.56910094937123E+18,190.094513965502,52.2736237764717,0.93074226,6374539767288170757,190.094694041344,52.2737239398277,0.536071393770159,AIS,0.1629851,GALEX J124022.7+521625,1,109,109,-999,-999,17.07115,0.03001441,-999,-999,538.9407,14.89501,0.01588145,189.82991,52.25628,1920.61,1955.716,,15.9787,16.19606,0,-99,-99,0,0.040745319514177515,0.05204818960993325,0.029106047054024902,12.916541810390067,12.008741452945975,12.552955089421369,16.956168302,0.907800357444092,-1.538234430322147
172,325,206,J1250-0307,192.666153,-3.130169,397.9,51.8,5344,66,3.11,0.04,-2.07,0.09,1.38,0.05,1.097,0.045,0,5679,3.02,LAMOST,12.829,0.030,0.012,13.359,12.748,13.237,12.723,11.482,10.976,0.00027102894651283337,3682285675740566656,192.66595777113633,0.013330736,-3.130351385358945,0.0068944492,0.7881072598289008,0.014590955,12.648920059204102,12.124481,12.994606,0.8701248,6099.799,6094.8115,6100.5156,3.4672,3.4516,3.4686,-0.8801,-0.8819,-0.8799,206,3.68228567574057E+18,192.665957771136,-3.13035138535894,0.8701248,2414952083587338102,192.666325538311,-3.13020280597286,1.42609638256822,MIS,0.08515043,GALEX J125039.9-030748,1,1048.05,1048.05,-999,-999,16.83194,0.008937675,-999,-999,671.7757,5.528649,0.02267959,192.63796,-3.0499,1981.547,1951.382,,19.91704,20.01006,0,-99,-99,0,0.05889296209791567,0.07482418957721347,0.041680662990716384,12.919781810422785,12.082800337009283,12.590027097106185,16.6677397684,0.8369814734135019,-1.4215598679918635
173,327,207,J1253+0753,193.442032,7.895300,91.6,149.7,6227,75,3.71,0.02,-3.83,0.09,1.09,0.30,0.762,0.030,0,6077,3.47,LAMOST,12.418,0.038,0.015,12.718,12.316,12.596,12.307,11.310,11.012,0.0003036525134497175,3733768078624022016,193.4419866128419,0.013335273,7.894999392324952,0.007322048,1.464231948819047,0.014162182,12.282818794250488,11.86441,12.535175,0.6707649,,,,,,,,,,207,3.73376807862402E+18,193.441986612842,7.89499939232495,0.6707649,6484271006265380698,193.441986488062,7.8953233549537,1.16626554838564,GII,0.4724802,GALEX J125346.0+075343,1,859,0,-999,-999,15.2118,0.004512494,-999,-999,2987.316,12.41275,0.02945866,193.90898,7.99187,1920.541,1920.418,,88.56897,86.34562,1,-99,-99,-999,0.07941598524935789,0.09922184638257277,0.05457775362363869,12.435953153617428,11.809832246376361,12.20340280900113,14.9985193016,0.6261209072410665,-1.3540853897174205
174,329,208,J1256+2321,194.107544,23.361076,56.3,30.7,4663,58,1.56,0.12,-3.07,0.14,2.64,0.12,2.410,0.121,1,4911,2.16,LAMOST,14.188,0.026,0.022,15.016,14.119,14.450,13.842,12.346,11.699,3.8817246308386066e-05,3956835039161438336,194.1075092186491,0.01632579,23.361058969695073,0.014523889,0.05717827296757057,0.020592842,13.88318157196045,13.204951,14.397798,1.1928463,,,,,,,,,,208,3.95683503916144E+18,194.107509218649,23.3610589696951,1.1928463,6378621143713057238,194.107815181036,23.3611747808118,1.09374988326936,AIS,0.1490265,GALEX J125625.8+232140,1,310,198,-999,-999,20.761,0.1219671,-999,-999,18.01356,2.023076,0.02318167,193.97879,23.45167,1926.607,1933.29,,0.534072,0.4956299,0,-99,-99,0,0.05672230272453924,0.07412708265930264,0.041967890115044044,14.323670917340698,13.162983109884955,13.82645926923591,20.5931647092,1.1606878074557425,-0.8344876112227757
175,330,210,J1258+1755,194.572418,17.925171,39.9,28.9,5483,84,3.57,0.03,-2.68,0.12,1.07,0.14,0.681,0.039,0,5652,3.86,LAMOST,13.332,0.034,0.034,13.720,13.240,13.426,13.176,11.929,11.552,0.00015107160677361453,3940814879867401600,194.57244426798536,0.013146523,17.925020309122278,0.009669401,0.9528515560329704,0.018537499,13.103243827819824,12.593611,13.431232,0.8376217,6094.935,6028.282,6162.6465,3.7485,3.7089,3.7898,-1.2171,-1.2934,-1.152,210,3.9408148798674E+18,194.572444267985,17.9250203091223,0.8376217,6378761898381280204,194.572509102109,17.9249259494495,0.405843855295074,AIS,0.5660962,GALEX J125817.4+175529,1,96,96,-999,-999,16.82837,0.02758807,-999,-999,673.9902,17.12163,0.03884552,194.02574,18.14891,1931.812,1921.64,,19.98269,20.30023,1,-99,-99,0,0.10170287037111396,0.12876818602098056,0.07151332759991766,13.302463813979019,12.522097672400081,13.00154095744871,16.5471284352,0.7803661415789378,-1.6284953128829187
176,332,211,J1300+0633,195.149231,6.565671,353.4,22.4,5122,42,2.60,0.04,-2.61,0.13,1.59,0.09,1.533,0.042,0,5262,2.16,LAMOST,12.366,0.022,0.007,12.911,12.308,12.308,11.876,10.801,10.342,0.00012403509550856174,3730191126780515456,195.14925263242918,0.0150734065,6.56554698731818,0.01005123,0.7175941150883558,0.017441925,12.115257263183594,11.552349,12.49794,0.945591,,,,,,,,,,211,3.73019112678052E+18,195.149252632429,6.56554698731818,0.945591,6378797070944308276,195.149196563313,6.56578062391486,0.864665020901224,AIS,0.124186,GALEX J130035.8+063356,3,291.7,108,22.13231,0.4829366,16.68328,0.01547711,5.094233,2.26537,770.3511,10.97865,0.03019941,195.27324,6.58117,1926.752,1919.195,,22.83963,23.24545,0,0.0473235,0.0235166,0,0.07741798714057967,0.09895037206299918,0.055330648850362256,12.398989627937,11.497018351149638,12.037839276043014,16.4646362716,0.9019712767873624,-1.5134342907014497
177,333,213,J1301+2338,195.496368,23.644657,-127.5,44.9,4797,36,1.85,0.08,-2.55,0.11,1.85,0.05,2.169,0.081,0,4957,1.59,LAMOST,12.526,0.019,0.014,13.392,12.475,12.677,12.080,10.767,10.198,8.047112505295213e-05,3956989829783692288,195.4963258794464,0.015205997,23.644587402594567,0.010040961,0.23863492267506503,0.020990118,12.306135177612305,11.656738,12.7830925,1.1263542,,,,,,,,,,213,3.95698982978369E+18,195.496325879446,23.6445874025946,1.1263542,6378621151229247603,195.496587453577,23.6447406892266,1.0240223722166,AIS,0.5440611,GALEX J130159.1+233841,1,201,201,-999,-999,18.54654,0.04459355,-999,-999,138.4796,5.686276,0.01746242,195.54187,24.18722,1909.667,1891.806,,4.10569,4.177058,1,-99,-99,0,0.04322409181882239,0.056160827336406045,0.03171410437690579,12.726931672663595,11.625023895623094,12.262911085793482,18.4201120792,1.1019077770405001,-1.0484236491755565
178,335,214,J1305+1200,196.322281,12.004824,20.9,31.2,5123,35,2.76,0.03,-2.32,0.09,1.35,0.07,1.373,0.032,0,5061,2.77,LAMOST,12.402,0.029,0.031,12.963,12.324,12.736,12.201,10.845,10.363,0.00012547723007442629,3737060291315313280,196.32218747059034,0.013458145,12.00474287171289,0.010346455,0.7437350740207779,0.016365102,12.157236099243164,11.588913,12.548218,0.9593048,,,,,,,,,,214,3.73706029131531E+18,196.32218747059,12.0047428717129,0.9593048,6378761968174502267,196.322454892009,12.004868521994,1.04467263622899,AIS,0.376572,GALEX J130517.3+120017,1,259,110,-999,-999,16.92143,0.01744533,-999,-999,618.6257,9.937507,0.03089645,196.26878,11.63198,1914.022,1911.331,,18.34123,18.732,256,-99,-99,0,0.07901239228545363,0.10110233642523905,0.05657451344166666,12.447115663574762,11.532338486558332,12.07822370695771,16.697739702,0.914777177016429,-1.405548047849953
179,336,215,J1305+2137,196.467972,21.621534,62.0,37.5,5152,109,3.01,0.05,-2.38,0.09,1.40,0.06,1.133,0.060,0,5250,2.81,LAMOST,13.361,0.036,0.024,13.914,13.265,13.446,13.110,11.826,11.357,0.0001473082231008812,3943428453366064384,196.46788405479646,0.012451823,21.62141315367559,0.010055131,0.5652541349429403,0.018138327,13.11329174041748,12.552309,13.492113,0.9398041,5997.606,5969.77,6031.4004,3.4418,3.4195,3.4702,-1.2118,-1.2985,-1.1097,215,3.94342845336606E+18,196.467884054796,21.6214131536756,0.9398041,6378621174851570107,196.467986970562,21.6216141730047,0.801453849462706,AIS,0.3683957,GALEX J130552.3+213717,1,104,104,-999,-999,17.65278,0.03919204,-999,-999,315.4179,11.38294,0.03502562,196.11697,21.45102,1909.783,1897.694,,9.351617,9.587132,0,-99,-99,0,0.0899450924368751,0.11487890664838525,0.06419717155731938,13.377234093351614,12.48811182844268,13.023346647980606,17.3991945112,0.8891222649089343,-1.4933919511255525
180,338,216,J1305+2815,196.395020,28.252928,56.4,77.2,6218,61,3.87,0.03,-2.86,0.09,1.46,0.11,0.600,0.035,0,6000,3.91,LAMOST,12.945,0.023,0.004,13.322,12.884,12.978,12.729,11.918,11.618,0.00017537573518287998,1461148703029523072,196.39483842163813,0.012823252,28.252861676716666,0.012390638,1.268218213516404,0.01953873,12.799212455749512,12.4020815,13.037497,0.6354151,6462.4565,6419.3325,6489.707,4.0213,3.9703,4.0641,-2.6047,-3.2848,-2.1451,216,1.46114870302952E+18,196.394838421638,28.2528616767167,0.6354151,3054216940071425462,196.395112599446,28.2529266870565,0.900398950395674,GII,0.06758086,GALEX J130534.8+281510,3,1391.55,1391.55,20.98401,0.07428592,15.63857,0.004338567,14.66886,1.003397,2016.384,8.055447,0.009532372,196.3357,28.29569,1908.46,1910.168,,59.78243,58.96273,8,0.1362681,0.1277093,0,0.02579038826133397,0.0321602171326672,0.01767747262964665,13.005336782867333,12.384404027370353,12.773422067488177,15.56955562672,0.6209327554969803,-1.2657197397598843
181,339,217,J1306+0846,196.532288,8.771643,-100.2,34.3,6421,126,3.94,0.03,-3.25,0.09,1.71,0.30,0.586,0.048,0,6429,4.03,LAMOST,14.207,0.031,0.009,14.443,14.125,14.170,14.007,13.193,12.952,0.00023844966949701212,3731163576095929984,196.53207288973744,0.017025322,8.771545452927114,0.010725988,0.7345806495952059,0.019741971,14.036175727844238,13.656876,14.257049,0.600173,6623.948,6608.091,6644.7554,4.1018,4.0765,4.1606,-4.0117,-4.1278,-3.1313,217,3.73116357609593E+18,196.532072889737,8.77154545292711,0.600173,6378797067723081753,196.532372274297,8.77175118346582,1.29735815288726,AIS,0.2817434,GALEX J130607.7+084618,3,287.1,107,21.37893,0.4138442,16.78701,0.01523272,10.19603,3.88542,700.1593,9.820745,0.03116006,196.75696,8.94535,1933.195,1906.89,,20.75856,21.13754,0,0.09471723,0.09763656,256,0.0851108219151691,0.10571101854474031,0.05788135307238554,14.15133798145526,13.598994646927615,13.95106490592907,16.5614111656,0.5523433345276452,-1.0649962366739327
182,340,218,J1313-0552,198.379898,-5.870120,124.8,38.0,4712,15,2.83,0.18,-4.37,0.15,1.67,0.30,1.158,0.180,1,5075,1.60,LAMOST,14.381,0.022,-9.900,15.295,14.322,14.706,14.067,12.518,11.889,3.726001699697418e-05,3635533208672382592,198.37991767964382,0.018980535,-5.870155709717161,0.014357902,0.011797181977611077,0.023233362,14.110624313354492,13.425042,14.6331,1.2080574,,,,,,,,,,218,3.63553320867238E+18,198.379917679644,-5.87015570971716,1.2080574,6379008162142360264,198.380641494695,-5.87017617164388,2.59311673726172,AIS,0.5066427,GALEX J131331.3-055212,1,291.55,96,-999,-999,20.05047,0.1158327,-999,-999,34.65866,3.696691,0.04311482,198.66088,-6.2933,1940.367,1937.363,,1.027572,0.9447374,1,-99,-99,0,0.10547247399833692,0.1378757292477925,0.07804559888845969,14.495224270752209,13.34699640111154,14.005151839356156,19.7383187032,1.1482278696406691,-1.8357867628188407
183,341,220,J1314+5232,198.626129,52.540363,-61.7,55.1,6130,60,3.83,0.02,-2.17,0.10,1.65,0.09,0.615,0.027,0,6184,4.17,LAMOST,12.554,0.021,0.012,12.905,12.497,12.881,12.570,11.499,11.209,0.0002672413851574003,1563102671061815296,198.62571624614046,0.007893072,52.540268221903105,0.00834053,1.597179557110419,0.010798951,12.425820350646973,12.01591,12.673409,0.6574993,6355.3076,6307.865,6373.802,4.0901,4.0818,4.1336,-1.9695,-2.1352,-1.7448,220,1.56310267106182E+18,198.62571624614,52.5402682219031,0.6574993,3866342616825070347,198.625826643348,52.5402755274388,0.243144905558942,MIS,0.5506502,GALEX J131430.2+523224,1,2902.15,0,-999,-999,15.44809,0.002728044,-999,-999,2403.052,6.036494,0.01095828,198.59236,53.09055,1933.667,1917.271,,71.24652,69.10345,1,-99,-99,-999,0.029535463296804523,0.03689437546452898,0.020305529611738145,12.63651462453547,11.995604470388262,12.396284887350168,15.3687520528,0.6409101541472086,-1.2229842998038292
184,344,221,J1315+2045,198.822250,20.750195,-94.3,30.1,5068,46,1.84,0.20,-3.30,0.16,1.58,0.12,2.275,0.200,1,4902,1.74,LAMOST,14.571,0.036,0.027,15.154,14.475,14.704,14.250,12.924,12.407,2.051925564870814e-05,3940451044597502208,198.8222534589675,0.020321893,20.750173879540057,0.014185423,0.1066066981529625,0.02424063,14.316150665283203,13.713319,14.733064,1.0197449,,,,,,,,,,221,3.9404510445975E+18,198.822253458968,20.7501738795401,1.0197449,6378621208137564752,198.822502446415,20.7507264268953,2.15856339957048,AIS,0.5716148,GALEX J131517.4+204502,1,104,104,-999,-999,19.03467,0.08416767,-999,-999,88.33482,6.846165,0.02903522,199.30188,21.10606,1909.083,1896.257,,2.618981,2.62147,0,-99,-99,0,0.0734108961821274,0.09443111614165199,0.053018926493937246,14.63863288385835,13.660300073506063,14.242739769101076,18.824455007199997,0.9783328103522866,-1.8508589253730685
185,348,222,J1317+5245,199.318710,52.765163,-98.4,59.5,6000,54,3.94,0.02,-1.78,0.09,1.15,0.07,0.468,0.026,0,6000,3.83,LAMOST,12.522,0.015,0.016,12.898,12.482,12.867,12.516,11.455,11.130,0.00014357897462528922,1563086075308139648,199.3186609489268,0.007244143,52.765021764004516,0.009118165,1.7220050235950193,0.010553288,12.380724906921387,11.958554,12.638591,0.68003654,6277.9893,6262.802,6291.003,4.1118,4.1058,4.1254,-1.7249,-1.7588,-1.5392,222,1.56308607530814E+18,199.318660948927,52.7650217640045,0.68003654,3866342616825072431,199.318313491847,52.7652568938433,1.135497002959,MIS,0.5452719,GALEX J131716.4+524554,1,2902.15,0,-999,-999,15.59843,0.002807148,-999,-999,2092.321,5.408339,0.01723036,198.59236,53.09055,1933.667,1917.271,,62.03386,60.66304,1,-99,-99,-999,0.04629136147566941,0.05791444104600735,0.031904159820524934,12.580676558953993,11.926649840179474,12.334433545445718,15.4736821936,0.654026718774519,-1.15821638535576
186,349,223,J1320+1609,200.014404,16.158224,211.3,41.5,6216,102,4.14,0.03,-2.52,0.09,1.04,0.17,0.329,0.043,0,6037,3.84,LAMOST,12.471,0.021,0.005,12.855,12.413,12.639,12.655,11.548,11.157,0.0006330171723931143,3744642523500213248,200.01391202387947,0.015072908,16.15780732633681,0.012287063,2.149476218691279,0.019032918,12.379629135131836,11.966267,12.629835,0.6635685,6313.0513,6284.3755,6326.2524,4.2504,4.2437,4.2575,-2.2705,-2.3026,-2.2388,223,3.74464252350021E+18,200.013912023879,16.1578073263368,0.6635685,6378656327013501265,200.014366533025,16.1579226257691,1.62548899229771,AIS,0.452317,GALEX J132003.4+160928,3,326,105,21.18631,0.3680215,15.33685,0.006730343,12.1753,4.125939,2662.322,16.49939,0.02059738,200.45666,16.31368,1906.419,1905.567,,78.93343,77.65324,0,0.1131039,0.1075773,0,0.05553009171582276,0.0693678485938829,0.038164688000766694,12.560467151406117,11.928102311999233,12.324099043416012,15.1877249688,0.6323648394068844,-1.3022756224765848
187,351,224,J1321+3205,200.476074,32.083759,33.9,19.6,5476,69,3.33,0.05,-2.98,0.19,1.67,0.30,0.919,0.054,0,5338,1.74,LAMOST,15.05,0.031,0.017,15.465,14.966,15.142,14.794,13.702,13.264,5.20952025772172e-05,1469392257099691904,200.47607712136784,0.016888285,32.083706472604334,0.014515313,0.30011620092260183,0.022697804,14.845464706420898,14.329284,15.177041,0.84775734,,,,,,,,,,224,1.46939225709969E+18,200.476077121368,32.0837064726043,0.84775734,3064103748626299127,200.476224760416,32.0837323322525,0.459847971467025,GII,0.5519641,GALEX J132154.2+320501,1,3393.35,2507.3,-999,-999,18.522,0.01102371,-999,-999,141.6449,1.437801,0.01531153,200.3204,31.54789,1944.821,1910.162,,4.199538,4.215611,0,-99,-99,0,0.039883235116853336,0.05059542102257773,0.02816124402305734,15.126445578977421,14.301122755976943,14.805581471304045,18.411144522799997,0.8253228230004783,-1.7989185331240103
188,353,225,J1324+0211,201.062286,2.186695,65.8,49.1,6030,64,3.89,0.03,-2.23,0.14,1.30,0.18,0.527,0.036,0,6170,4.21,LAMOST,12.582,0.021,-9.900,12.957,12.525,12.516,12.289,11.488,11.180,0.00045377774487732046,3712225484739473536,201.0622346191499,0.013109903,2.186244503684349,0.009363874,1.6844961718422387,0.015526237,12.433679580688477,12.017185,12.687739,0.67055416,6309.971,6265.8486,6325.1343,4.1156,4.0959,4.1249,-1.8293,-1.8608,-1.695,225,3.71222548473947E+18,201.06223461915,2.18624450368435,0.67055416,2950845255073661598,201.062586258761,2.18667872114507,2.01089967591383,MIS,0.5402849,GALEX J132415.0+021112,1,1689.1,0,-999,-999,15.63185,0.00386207,-999,-999,2028.901,7.215248,0.02540353,201.03959,2.72647,1897.519,1912.04,,60.15356,58.21461,8,-99,-99,-999,0.06844703780578167,0.08553270561157145,0.047061753951478054,12.602206294388429,11.970123246048521,12.365232542882694,15.4479284428,0.6320830483399078,-1.094290952097877
189,357,226,J1324+0339,201.224640,3.655267,-0.7,48.8,6221,106,4.43,0.05,-1.88,0.09,1.40,0.08,0.041,0.059,0,6197,4.24,LAMOST,13.177,0.025,-9.900,13.528,13.111,13.219,12.994,12.175,11.880,0.0006675654517129615,3713032182676749312,201.22397749119966,0.04673314,3.655290963146844,0.028611528,2.421917283105168,0.05573392,13.02331829071045,12.625726,13.262675,0.63694954,6561.1704,6535.998,6586.096,4.5441,4.5117,4.5692,-2.1187,-2.2676,-1.9144,226,3.71303218267675E+18,201.2239774912,3.65529096314684,0.63694954,3828097204364512167,201.224332758338,3.65526962488328,1.27866943091544,MIS,0.5224946,GALEX J132453.8+033918,1,2126.15,0,-999,-999,15.91686,0.00388241,-999,-999,1560.473,5.578634,0.02236466,201.63083,3.98465,1920.183,1907.903,,46.26545,45.06276,0,-99,-99,-999,0.06060289164153259,0.0755329351331349,0.041481630296758464,13.187142064866865,12.584244369703242,12.962715399068916,15.7549398616,0.6028976951636231,-1.187213447673999
190,359,227,J1326+3937,201.546280,39.619942,44.3,30.7,5031,29,2.20,0.04,-2.48,0.12,1.64,0.07,1.902,0.041,0,5176,2.07,LAMOST,13.551,0.020,0.012,13.987,13.496,13.756,13.408,11.956,11.425,3.16471467829933e-05,1476541212983385472,201.54624034217792,0.0068594194,39.6199395775091,0.0083399415,0.19812192562549502,0.012976608,13.330571174621582,12.734899,13.744263,1.0093641,,,,,,,,,,227,1.47654121298339E+18,201.546240342178,39.6199395775091,1.0093641,3867609254220269531,201.54626836762,39.6199493831583,0.0853573504197573,MIS,0.4218202,GALEX J132611.1+393711,1,1606.05,0,-999,-999,18.51187,0.01663951,-999,-999,142.972,2.190593,0.009958245,201.82613,39.98286,1957.043,1947.05,,4.238883,4.265557,8,-99,-99,-999,0.025161858580363534,0.03236820973354831,0.018183041292263474,13.711894790266452,12.716715958707736,13.305409316041219,18.4397723062,0.9951788315587162,-1.3594612735532392
191,362,228,J1327+0710,201.871094,7.181103,-18.6,33.2,6101,118,4.33,0.04,-3.25,0.13,1.07,0.30,0.107,0.053,0,6250,4.04,LAMOST,14.784,0.027,-9.900,15.135,14.711,14.802,14.602,13.732,13.381,0.00015406416210284897,3719046580000212224,201.8709547013837,0.021039173,7.181047311683061,0.012561595,1.0173848865587483,0.025573632,14.63701343536377,14.22613,14.879536,0.65340614,6449.9873,6408.8286,6473.8726,4.3395,4.2876,4.3678,-2.2494,-2.4794,-2.1057,228,3.71904658000021E+18,201.870954701384,7.18104731168306,0.65340614,6378797124629301430,201.871261425797,7.1812598457554,1.33627634409753,AIS,0.512535,GALEX J132729.1+071052,1,219.05,219.05,-999,-999,17.3076,0.02212556,-999,-999,433.469,8.831257,0.0299729,201.3686,7.29975,1928.938,1946.871,,12.85164,13.00548,0,-99,-99,0,0.08106449870974056,0.10113442076989924,0.055566913738356774,14.778401579230101,14.170563086261643,14.55594893665403,17.090596204,0.6078384929684582,-1.497367435658747
192,363,229,J1333+4937,203.437988,49.623810,-53.6,26.9,5906,68,2.58,0.05,-2.96,0.09,3.09,0.22,1.801,0.054,0,5813,2.23,LAMOST,14.068,0.017,0.013,14.612,14.022,14.192,13.914,12.896,12.579,1.1203061986803461e-05,1552614773241880320,203.43797282373043,0.010888392,49.62380366646957,0.010733268,0.14852127821285885,0.013807163,13.933496475219727,13.4732895,14.217948,0.74465847,5819.893,5818.0083,5820.765,2.4652,2.4644,2.4672,-3.5139,-3.5601,-3.4553,229,1.55261477324188E+18,203.43797282373,49.6238036664696,0.74465847,6374574984946255749,203.438140990009,49.6238703029948,0.459730715350659,AIS,0.4515634,GALEX J133345.1+493725,1,269.05,169.05,-999,-999,17.71291,0.02388214,-999,-999,298.4264,6.562672,0.00754933,202.80809,49.81878,1887.778,1877.358,,8.847848,9.066138,1,-99,-99,0,0.020017270871985564,0.02518783332933553,0.013940901763474041,14.192760166670665,13.459348598236526,13.913479204347741,17.6582528508,0.7334115684341391,-1.0424188192416306
193,366,231,J1339-0439,204.775726,-4.660622,-2.5,56.7,4785,37,1.87,0.07,-2.85,0.13,1.85,0.06,2.145,0.071,1,5012,1.37,LAMOST,12.896,0.041,0.010,13.634,12.786,13.338,12.667,11.076,10.491,3.1315985432149225e-05,3633481073298252672,204.77573848015302,0.014273582,-4.660652788914973,0.009059119,0.19627380534052213,0.015261013,12.619963645935059,11.962413,13.108365,1.1459522,,,,,,,,,,231,3.63348107329825E+18,204.775738480153,-4.66065278891497,1.1459522,6378832303632680133,204.775876587803,-4.66064095344002,0.497371924208744,AIS,0.5525093,GALEX J133906.2-043938,1,118,112,-999,-999,18.9449,0.07306647,-999,-999,95.94841,6.455444,0.03152883,205.29441,-4.46547,1911.465,1966.242,,2.844711,2.699955,0,-99,-99,0,0.07790350600882796,0.101322767818702,0.05723033871350372,13.007042232181297,11.905182661286496,12.54206013992623,18.7166312708,1.101859570894801,-1.0654195859512638
194,367,232,J1340+1606,205.014664,16.113693,71.8,16.8,6400,143,3.85,0.05,-3.14,0.10,2.04,0.30,0.670,0.066,0,6416,3.53,LAMOST,14.068,0.017,-9.900,14.612,14.023,14.192,13.914,12.896,12.579,0.0001399549620704075,3742421922328916736,205.01455621944484,0.01710731,16.113603997460668,0.014628955,0.5084009170476108,0.024790583,14.812905311584473,14.430381,15.036611,0.6062298,6567.2964,6527.055,6598.4336,4.1261,4.0896,4.1861,-3.1481,-3.8313,-2.2512,232,3.74242192232892E+18,205.014556219445,16.1136039974607,0.6062298,6378656366741948493,205.014778865917,16.1136816249979,0.819179821157534,AIS,0.165262,GALEX J134003.5+160649,3,218,107,21.92628,0.5031826,17.55047,0.02698871,6.158739,2.853564,346.585,8.613152,0.01998703,204.91049,16.24513,1908.102,1940.182,,10.27567,10.50966,4,0.05721236,0.01997553,0,0.05444491317372769,0.06769461444530815,0.03711183833914682,14.968916385554692,14.393269161660854,14.758460398410746,17.4057639028,0.5756472238938386,-1.1488483640944231
195,368,233,J1341+3255,205.387344,32.928051,-244.5,34.8,4780,25,1.94,0.12,-2.81,0.14,2.19,0.09,2.073,0.120,1,4992,1.43,LAMOST,13.14,0.032,0.006,13.916,13.055,13.293,12.681,11.328,10.756,2.809749243215077e-05,1470427790894451712,205.38734309369374,0.0092888195,32.92802312827292,0.007878292,0.10939082562567691,0.013150311,12.874500274658203,12.213205,13.366106,1.1529007,,,,,,,,,,233,1.47042779089445E+18,205.387343093694,32.9280231282729,1.1529007,6379324850482186226,205.387443384148,32.9280208221665,0.303158833349925,AIS,0.1797814,GALEX J134132.9+325540,1,96,96,-999,-999,19.60628,0.1150921,-999,-999,52.17792,5.529713,0.01249382,205.17447,32.94736,1914.162,1920.214,,1.546989,1.424978,0,-99,-99,0,0.030754304636590065,0.040066696732964195,0.022656763326336,13.326039303267036,12.190548236673663,12.843745970021613,19.515824743200003,1.1354910665933726,-0.739367464315122
196,369,234,J1341+5135,205.491547,51.592804,45.0,28.0,6560,160,4.32,0.04,-3.02,0.27,0.27,0.30,0.243,0.063,0,6175,2.93,LAMOST,15.373,0.019,0.000,15.800,15.323,15.427,15.251,14.467,14.220,0.00016842434837515107,1559252834176753280,205.49138688559714,0.016801221,51.59266759469821,0.019732675,0.5982674143441115,0.023530532,15.265053749084473,14.883752,15.485836,0.60208416,6544.0117,6511.7373,6624.341,4.2315,4.1836,4.2786,-1.9996,-2.2172,-1.5881,234,1.55925283417675E+18,205.491386885597,51.5926675946982,0.60208416,6374574963471420519,205.491585667281,51.5927545884095,0.54380657594445,AIS,0.3972618,GALEX J134157.9+513533,1,87.05,87.05,-999,-999,17.79573,0.04732902,-999,-999,276.5078,12.0505,0.01071094,205.32528,51.20928,1915.185,1935.739,,8.197996,8.408194,0,-99,-99,0,0.02915986743099931,0.03626058133207617,0.019887886118215,15.449575418667925,14.863864113881785,15.235893881653473,17.7181827944,0.5857113047861393,-1.3539944357943776
197,371,235,J1342+1748,205.502640,17.811344,-90.0,30.0,5310,59,2.58,0.07,-3.71,0.20,1.38,0.29,1.616,0.072,0,5388,2.83,LAMOST,14.131,0.025,0.003,14.580,14.063,14.241,13.847,12.662,12.190,9.01105637273504e-05,1247612343640067840,205.50255091591455,0.012842799,17.81135813019563,0.010607795,0.26066271030202803,0.019579163,13.88708209991455,13.33993,14.249533,0.9096031,,,,,,,,,,235,1.24761234364007E+18,205.502550915915,17.8113581301956,0.9096031,6378656353854948139,205.502524422076,17.8114644036919,0.393213345211625,AIS,0.5095456,GALEX J134200.6+174841,1,96,96,-999,-999,17.98253,0.04891291,-999,-999,232.8032,10.48534,0.01769849,205.05337,18.08906,1874.765,1941.485,,6.902229,6.915986,0,-99,-99,0,0.045595137544602767,0.0581345929251348,0.032467582710243824,14.191398407074864,13.307462417289758,13.841486962369949,17.8543929324,0.8839359897851065,-1.778273101117743
198,373,236,J1343+0545,205.782547,5.758317,-102.8,14.1,5052,48,2.84,0.17,-2.88,0.18,1.51,0.15,1.269,0.171,1,5338,1.93,LAMOST,15.055,0.032,0.010,15.559,14.969,15.153,14.740,13.575,12.942,2.8779374390585943e-05,3715073082416261504,205.7825387119602,0.020850407,5.758291964404857,0.017338064,0.17803684870001268,0.026364915,14.803359985351562,14.236101,15.184999,0.9488983,6025.698,5970.632,6085.6772,3.556,3.5217,3.5795,-1.1639,-1.1976,-1.0572,236,3.71507308241626E+18,205.78253871196,5.75829196440486,0.9488983,6378691551111942065,205.782747009159,5.75835103008523,0.775795486913667,AIS,0.4356266,GALEX J134307.8+054530,1,111,111,-999,-999,19.29412,0.08950312,-999,-999,69.55878,5.732715,0.02620759,205.88654,5.33515,1871.584,1926.218,,2.062303,2.073678,0,-99,-99,0,0.0671074561422606,0.08581262286467549,0.048005062093182074,15.099186377135323,14.188095937906818,14.736252529209303,19.1043770484,0.9110904392285057,-1.6210707919368499
199,374,237,J1344+2157,206.202667,21.954025,-186.4,17.2,4566,73,0.67,0.26,-3.61,0.18,2.92,0.24,3.264,0.261,1,4710,3.69,LAMOST,15.705,0.027,-9.900,16.363,15.633,15.928,15.398,13.756,13.078,6.296321716070351e-05,1251209980045773952,206.2027043948512,0.023098147,21.953970400839513,0.020944877,0.012709328542068528,0.037374903,15.508492469787598,14.657227,15.869742,1.2125158,5922.47,5763.359,6097.5454,3.0478,3.0062,3.1128,-3.8722,-3.9842,-3.7212,237,1.25120998004577E+18,206.202704394851,21.9539704008395,1.2125158,3869509210313073790,206.203159836529,21.9548329479235,3.45753885396957,MIS,0.4231319,GALEX J134448.7+215717,1,1513.95,0,-999,-999,20.96416,0.08226346,-999,-999,14.93956,1.131657,0.01734708,206.40485,21.57542,1898.527,1910.941,,0.4429332,0.4235373,0,-99,-99,-999,0.04225983285946464,0.055347492521464293,0.031366808120006466,15.814394507478536,14.625860191879994,15.466232636928133,20.8385671408,1.1885343155985417,-2.3953983803781203
200,377,238,J1345+0024,206.447739,0.407423,194.5,18.4,5972,171,4.47,0.08,-3.20,0.20,2.01,0.30,-0.070,0.095,0,6000,4.04,LAMOST,15.692,0.023,-9.900,16.276,15.630,15.819,15.573,14.596,14.223,9.682239198612738e-05,3662484540771380736,206.4476727951482,0.045649547,0.4073590482182948,0.029101629,0.8174073736662192,0.04907932,15.604634284973145,15.166414,15.872851,0.7064371,6091.082,6051.14,6138.774,4.3366,4.2382,4.4387,-2.1609,-2.3037,-1.9373,238,3.66248454077138E+18,206.447672795148,0.407359048218295,0.7064371,3869403657196802983,206.447842218322,0.407476929211409,0.743020195963483,MIS,0.2992555,GALEX J134547.4+002426,1,1687,0,-999,-999,18.58995,0.0160248,-999,-999,133.0514,1.96328,0.02895879,206.15387,0.46348,1930.183,1927.172,,3.944753,3.986069,0,-99,-99,-999,0.07755602582773553,0.09718484459015675,0.05357880701148846,15.775666155409844,15.112835192988511,15.527078259145409,18.3802883604,0.6628309624213333,-1.5327471803118096
201,379,239,J1345+0513,206.460266,5.218417,28.4,81.1,4686,32,1.43,0.07,-2.69,0.09,2.04,0.07,2.549,0.071,1,4957,1.59,LAMOST,11.768,0.027,0.014,12.528,11.695,11.876,11.258,9.919,9.308,4.032415123242262e-05,3714276142644562432,206.46024472902482,0.014877081,5.218387217997236,0.012201447,0.1468374731429494,0.017474748,11.452003479003906,10.783112,11.949542,1.1664305,,,,,,,,,,239,3.71427614264456E+18,206.460244729025,5.21838721799724,1.1664305,6378691551111939687,206.460424049207,5.21858424062737,0.957272647462934,AIS,0.5832156,GALEX J134550.5+051306,1,111,111,-999,-999,18.13666,0.04902677,-999,-999,201.9935,9.118868,0.02494394,205.88654,5.33515,1871.584,1926.218,,5.988773,6.008897,0,-99,-99,256,0.06134725885118323,0.07996751636735867,0.045221704694232374,11.86957448363264,10.737890295305768,11.390656220152723,17.9560658744,1.1316841883268722,-0.8518848287285756
202,382,240,J1346+1024,206.732498,10.413896,250.6,59.0,6199,77,4.27,0.02,-2.22,0.10,1.52,0.12,0.195,0.031,0,6210,4.12,LAMOST,13.304,0.033,0.015,13.609,13.215,13.226,13.013,12.215,11.964,0.00043212395091529434,3725574655412143360,206.7320675744652,0.012911326,10.413840335120495,0.009310743,1.737349716864834,0.018077247,13.136962890625,12.730903,13.379438,0.6485357,6674.5264,6614.874,6697.7354,4.3085,4.2937,4.3237,-2.4094,-2.4884,-2.1694,240,3.72557465541214E+18,206.732067574465,10.4138403351205,0.6485357,6378656418281558506,206.732543447174,10.413976584883,1.75486533334299,AIS,0.4075491,GALEX J134655.8+102450,3,254,136,22.53894,0.5283024,16.09473,0.01190012,3.502871,1.704028,1324.669,14.51539,0.03561968,206.57422,10.03739,1947.434,1913.628,,39.27424,39.66375,0,0.03254035,0.01271902,0,0.0965004463352975,0.12031014712271519,0.06605394776972495,13.259127852877285,12.664849052230275,13.040462444289702,15.836843516799998,0.5942788006470092,-1.1629315780305616
203,383,242,J1349+2800,207.373550,28.010332,-93.4,37.0,5255,49,3.07,0.03,-3.38,0.13,1.25,0.10,1.108,0.033,0,5325,2.09,LAMOST,14.1,0.015,0.006,14.619,14.061,14.160,13.797,12.624,12.213,9.090264820895506e-05,1452130508657824128,207.3734502003492,0.012763237,28.010334569336518,0.01031944,0.43633676199892346,0.016690996,13.808944702148438,13.289347,14.151245,0.8618984,,,,,,,,,,242,1.45213050865782E+18,207.373450200349,28.0103345693365,0.8618984,6379324921349148544,207.373873784253,28.0103251042463,1.34671064847797,AIS,0.402642,GALEX J134929.7+280037,1,317,111,-999,-999,17.68398,0.02225892,-999,-999,306.4824,6.281738,0.01594442,206.93172,27.91236,1949.174,1900.341,,9.086696,9.105601,0,-99,-99,0,0.04142778484435717,0.052615100297975725,0.02930827694476662,14.098629899702024,13.260038723055233,13.76751691730408,17.5685423992,0.8385911766467906,-1.6912449511525782
204,384,243,J1350+0819,207.564835,8.321019,-25.6,84.6,6247,73,4.02,0.02,-2.41,0.09,1.65,0.09,0.458,0.030,0,6125,3.80,LAMOST,11.89,0.026,-9.900,12.193,11.821,12.013,12.491,10.906,10.587,0.0005251913061660074,3721997944087167872,207.56447152311654,0.016183032,8.320641755933362,0.011558883,2.3761630267829874,0.019369865,11.748536109924316,11.357111,11.979159,0.6220484,6512.309,6498.274,6526.5107,4.0546,4.0418,4.0926,-3.0751,-3.2019,-2.9129,243,3.72199794408717E+18,207.564471523117,8.32064175593336,0.6220484,6378691511385588951,207.564841308206,8.32102050264253,1.89582424092267,AIS,0.3076153,GALEX J135015.5+081915,3,106,106,20.06083,0.2270046,14.6491,0.01000721,34.3297,7.175875,5016.009,46.22121,0.02577971,207.83128,8.47961,1929.522,1936.827,,148.7164,147.3206,0,0.31891,0.2892075,0,0.07008085958152387,0.08722410400027776,0.04784481245886517,11.891934895999722,11.309266187541134,11.678455250342793,14.4624548996,0.5826687084585878,-1.073427815305136
205,386,244,J1352+2646,208.003876,26.778688,-106.8,74.1,4717,57,1.69,0.08,-3.06,0.12,1.93,0.07,2.300,0.082,1,4975,1.86,LAMOST,12.825,0.016,0.002,13.629,12.782,13.252,12.560,11.018,10.416,4.891210841033263e-05,1450692553606957696,208.0038276871256,0.010051586,26.778671952419295,0.009387866,0.22306914434556452,0.015553873,12.496476173400879,11.844604,12.978331,1.1337271,6019.2114,5993.554,6032.0327,2.3454,2.3302,2.3571,-0.4272,-0.4279,-0.4268,244,1.45069255360696E+18,208.003827687126,26.7786719524193,1.1337271,6378550786780040934,208.003924648025,26.7787712456755,0.474219312671211,AIS,0.5345856,GALEX J135200.9+264643,1,235.1,70.05,-999,-999,18.72745,0.04322005,-999,-999,117.2245,4.66524,0.01381887,208.58468,26.64967,1954.299,1918.047,,3.475513,3.557576,0,-99,-99,0,0.03414252646289732,0.04439967381124092,0.02508484444359943,12.933931326188759,11.819519155556401,12.462333646937982,18.627401381200002,1.1144121706323578,-1.1127539013112022
206,390,245,J1353+2021,208.311493,20.365349,-234.3,62.6,6081,186,4.25,0.05,-2.79,0.09,1.43,0.11,0.181,0.075,0,6199,4.25,LAMOST,13.223,0.017,0.008,13.725,13.176,13.401,13.090,12.190,11.839,0.00025607085518903933,1249864933727562496,208.31132575483278,0.01008004,20.36514998254612,0.008872281,1.8121076456621499,0.014917383,13.115523338317871,12.695485,13.367248,0.67176247,6434.207,6413.844,6446.4155,4.3081,4.2958,4.3276,-2.8401,-3.1977,-2.163,245,1.24986493372756E+18,208.311325754833,20.3651499825461,0.67176247,3870388819615295908,208.311457404352,20.36540989157,1.03580779150162,MIS,0.5295733,GALEX J135314.7+202155,1,2597.9,0,-999,-999,15.96401,0.003752893,-999,-999,1494.152,5.163344,0.0218565,208.63493,19.93156,1912.077,1920.161,,44.29912,42.93023,0,-99,-99,-999,0.05884726924048536,0.07355659982713561,0.04048616907975519,13.293691400172865,12.654998830920244,13.056676069077385,15.80576894,0.6386925692526209,-1.4612560984599066
207,391,246,J1358+1257,209.693069,12.951794,163.1,45.3,6540,32,2.59,0.05,-2.38,0.17,2.26,0.29,1.968,0.051,0,6175,2.91,LAMOST,10.959,0.021,0.020,11.277,10.901,11.654,11.544,10.029,9.824,0.0002082892301063083,3727833391597367424,209.69308079142908,0.01929198,12.951586359270129,0.015208336,0.7722731001961485,0.023121158,10.996891975402832,10.577158,11.218989,0.6418314,6092.436,6089.724,6094.0786,3.1693,3.157,3.1809,-1.0322,-1.0335,-1.0308,246,3.72783339159737E+18,209.693080791429,12.9515863592701,0.6418314,6378586000145253467,209.693155984101,12.9517864390252,0.767077357092481,AIS,0.2434015,GALEX J135846.3+125706,3,240,128,16.81707,0.0350307,13.71284,0.004124132,681.0416,21.96811,11881.32,45.1198,0.03696225,209.76885,13.18375,1904.579,1890.094,,352.2613,343.2261,0,6.326619,6.33823,0,0.10027961486283984,0.1249442740289146,0.06856212580159861,11.094044725971086,10.508595874198402,10.896612360539992,13.445233309999999,0.5854488517726839,-1.3570762019252784
208,392,248,J1400+1215,210.191483,12.256552,-11.9,59.9,4925,28,2.33,0.06,-2.42,0.10,1.70,0.07,1.735,0.061,0,4980,2.54,LAMOST,12.761,0.027,-9.900,13.382,12.688,12.911,12.349,11.056,10.529,0.0001273264086661917,3727546045400955136,210.19143277260332,0.012587525,12.2564372934466,0.009934316,0.32672769844417315,0.015721941,12.446752548217773,11.83873,12.879506,1.0407763,,,,,,,,,,248,3.72754604540095E+18,210.191432772603,12.2564372934466,1.0407763,6378586008733091731,210.191663358142,12.2565906530203,0.981240586744943,AIS,0.2690665,GALEX J140046.0+121523,1,219,108,-999,-999,17.90783,0.03040621,-999,-999,249.3832,6.982319,0.02097837,210.39168,12.44158,1905.657,1905.569,,7.393798,7.503278,0,-99,-99,0,0.05277821937966103,0.06804218228400506,0.03826091861933921,12.811463817715994,11.80046908138066,12.393974328838112,17.7559466012,1.0109947363353342,-1.2622717331974442
209,393,249,J1400+4926,210.230042,49.433708,-0.8,58.8,5166,59,2.49,0.03,-2.58,0.10,1.65,0.06,1.658,0.035,0,5262,1.80,LAMOST,11.912,0.023,0.022,12.642,11.849,12.348,11.775,10.386,9.880,0.0001440110520865772,1509813568711438592,210.2299194758944,0.0091596,49.43382886115103,0.009497745,0.6020713534296764,0.012279658,11.720147132873535,11.140674,12.116569,0.9758949,,,,,,,,,,249,1.50981356871144E+18,210.229919475894,49.433828861151,0.9758949,3070894332439438572,210.230038455316,49.4339456769481,0.504422399054196,GII,0.4030516,GALEX J140055.2+492602,1,1686.15,1686.15,-999,-999,16.5604,0.005790707,-999,-999,862.6603,4.599827,0.01512849,210.71055,49.18038,1917.41,1939.067,,25.57645,25.60653,256,-99,-99,0,0.038488548917241155,0.04935644884637947,0.027669787124433427,12.06721255115362,11.113004212875568,11.681658583956294,16.4508697324,0.9542083382780522,-1.4716315992808733
210,395,250,J1401+2659,210.328186,26.997553,-35.8,66.8,6125,63,3.87,0.02,-2.99,0.09,1.54,0.13,0.574,0.028,0,6125,2.96,LAMOST,13.432,0.019,0.004,13.733,13.382,13.465,13.377,12.390,12.062,0.00016897129473477765,1450878027474744064,210.3280434402797,0.008325619,26.997445604460125,0.00886942,1.057955851352015,0.014677853,13.251740455627441,12.85836,13.483183,0.6248226,6362.363,6342.9165,6405.0444,4.0531,4.0313,4.0731,-2.2031,-2.8169,-2.0474,250,1.45087802747474E+18,210.32804344028,26.9974456044601,0.6248226,6379289729462961267,210.328314062048,26.9975022578808,0.891709570788257,AIS,0.2626028,GALEX J140118.8+265951,3,75,75,21.73775,0.5095962,16.05558,0.02340154,7.326565,3.437928,1373.311,29.59263,0.02288586,210.12393,27.18685,1959.649,1871.618,,40.71639,41.17913,0,0.06806102,0.04928861,0,0.062156855170602675,0.07739051878657974,0.04246766322184545,13.405792481213421,12.815892336778154,13.189583600456839,15.8898863736,0.5899001444352674,-1.19620502085668
211,397,251,J1404+3222,211.127502,32.378613,-73.0,68.9,6056,99,4.00,0.03,-2.13,0.08,1.27,0.08,0.424,0.042,0,6050,3.44,LAMOST,12.134,0.013,0.001,12.488,12.099,12.573,12.212,11.090,10.770,0.0001780985470406123,1454637979284843008,211.1272938200848,0.010092726,32.378606473762446,0.010544314,2.2326464830625556,0.016271133,11.969834327697754,11.56849,12.207693,0.6392031,6459.3774,6443.6064,6474.85,4.0875,4.0586,4.142,-1.985,-2.1443,-1.6848,251,1.45463797928484E+18,211.127293820085,32.3786064737624,0.6392031,6379289661817226473,211.127576003625,32.378515867118,0.917838864104254,AIS,0.2832182,GALEX J140430.6+322242,3,90,90,20.82251,0.2995929,14.94649,0.01175487,17.02157,4.695711,3814.21,41.28502,0.01628309,210.81431,32.47999,1945.973,1908.283,,113.085,112.6849,0,0.158124,0.1338104,0,0.04406689587889361,0.054949708875297494,0.030195858234853008,12.152743291124704,11.538294141765148,11.92576743181886,14.828600428400001,0.6144491493595563,-1.1351533701348684
212,398,252,J1404+4111,211.038742,41.192013,-122.8,65.2,6195,83,4.06,0.02,-1.92,0.09,1.43,0.08,0.404,0.032,0,6197,4.01,LAMOST,12.41,0.021,0.003,12.801,12.354,12.708,12.413,11.393,11.109,0.00018583713961378242,1497977291678057472,211.03873535564162,0.0073259478,41.19182793804748,0.011407716,2.024584021753206,0.012046387,12.300127983093262,11.901286,12.540145,0.6388588,6385.373,6352.2485,6446.306,4.2229,4.2153,4.2676,-1.8518,-1.933,-1.5316,252,1.49797729167806E+18,211.038735355642,41.1918279380475,0.6388588,6374750888555186809,211.038928417606,41.1921493360649,1.26974966815805,AIS,0.1309113,GALEX J140409.3+411131,3,112,112,21.00826,0.2807297,15.29073,0.01270764,14.34492,3.708143,2777.846,32.5045,0.01786106,211.05446,41.06176,1941.07,1889.909,,82.35854,82.53989,0,0.1332589,0.1083,0,0.04835126734666935,0.060285796273550026,0.03312344670842958,12.47985920372645,11.86816255329157,12.251776715746592,15.1614159256,0.6116966504348795,-1.1147402853199786
213,399,253,J1406+3219,211.733337,32.317108,25.5,49.4,6123,97,3.87,0.03,-2.12,0.09,1.54,0.08,0.573,0.042,0,6000,3.70,LAMOST,12.909,0.025,-9.900,13.289,12.841,12.965,13.395,11.872,11.550,0.0003879627110089058,1478592317567623296,211.73340504439352,0.009116833,32.31672476389968,0.009637367,1.320570928887072,0.014469224,12.777700424194336,12.362524,13.027863,0.6653385,6363.984,6321.097,6411.0493,3.9604,3.9176,4.0187,-2.1349,-2.329,-1.9353,253,1.47859231756762E+18,211.733405044394,32.3167247638997,0.6653385,6379289660741388182,211.733568484353,32.3169477673162,0.944331073588239,AIS,0.107104,GALEX J140656.0+321901,1,90,90,-999,-999,15.84635,0.01873632,-999,-999,1665.172,28.72855,0.01442829,211.85786,32.29607,1922.866,1914.714,,49.36959,49.94043,0,-99,-99,0,0.03885174777919935,0.04855489694224133,0.026729231298018106,12.97930810305776,12.335794768701982,12.738848676415136,15.7418891804,0.6435133343557773,-1.218647917106889
214,402,254,J1409+0126,212.285553,1.437854,-91.1,19.0,4444,34,0.79,0.29,-3.17,0.16,2.60,0.21,3.096,0.290,1,4815,0.97,LAMOST,13.724,0.021,0.023,14.721,13.669,14.081,13.386,11.682,10.988,2.4680092516286618e-05,3667064178499757568,212.2855531434238,0.014461466,1.437830892256622,0.011237349,0.0016026354527688726,0.015951294,13.361653327941895,12.6114855,13.970953,1.3594675,,,,,,,,,,254,3.66706417849976E+18,212.285553143424,1.43783089225662,1.3594675,2938038143633331907,212.285854607205,1.43765176710039,1.26210177722477,MIS,0.4791765,GALEX J140908.6+012615,1,902.55,0,-999,-999,21.30672,0.1037743,-999,-999,10.8971,1.041288,0.03820411,211.88223,1.17923,1810.069,1977.705,,0.3230809,0.2796685,1,-99,-99,-999,0.09081664502634636,0.12050587209391839,0.06858393789700884,13.850447127906081,12.542901562102992,13.270836682915547,21.030122243599997,1.307545565803089,-0.8305772620619756
215,403,255,J1410-0555,212.511810,-5.931057,100.7,82.4,6308,80,4.24,0.02,-3.13,0.14,1.25,0.20,0.255,0.031,0,6250,4.23,LAMOST,12.483,0.027,0.007,12.802,12.411,12.521,12.257,11.461,11.180,0.0003810823438063793,3640973794069231616,212.51153697501195,0.016433224,-5.931316265420901,0.01219377,2.3440530768484416,0.018422307,12.35151481628418,11.951719,12.585834,0.63411427,6520.795,6497.8,6534.2363,4.2559,4.2431,4.2728,-2.5048,-3.0589,-2.2195,255,3.64097379406923E+18,212.511536975012,-5.9313162654209,0.63411427,6379219343538913736,212.511416490184,-5.93118791363969,0.632164133388879,AIS,0.5480978,GALEX J141002.7-055552,3,109,109,20.84698,0.3623717,15.13498,0.01236548,16.64219,5.553094,3206.314,36.50792,0.03285504,212.95702,-5.60892,1938.716,1940.134,,95.06189,94.0102,1,0.1545997,0.1236291,256,0.08920943433644608,0.1111032565680403,0.060956491541049505,12.47473074343196,11.890762508458952,12.262305381947733,14.8971095104,0.5839682349730086,-1.250198833208736
216,407,258,J1414+0016,213.551132,0.271865,-78.1,30.8,4944,40,2.15,0.11,-2.52,0.10,1.82,0.06,1.922,0.111,1,5000,1.50,LAMOST,13.058,0.032,0.002,13.729,12.972,13.260,12.798,11.398,10.826,8.690479248266148e-05,3665949720385847040,213.55105259301845,0.015791625,0.2718517594326893,0.013495539,0.20764869870439617,0.018244615,12.821763038635254,12.199627,13.264216,1.0645895,,,,,,,,,,258,3.66594972038585E+18,213.551052593018,0.271851759432689,1.0645895,3083349600159940444,213.551113024125,0.273089335472925,4.46058201788209,GII,0.4306746,GALEX J141412.2+001623,2,3411.5,1732.25,22.12012,0.1650179,-999,-999,5.15174,0.7828078,-999,-999,0.04088236,213.68806,-0.13523,1919.145,1915.946,,-99,-99,256,0.04785772,0.04574824,0,0.10267385762191035,0.13251092563882744,0.07452141708020847,13.131705074361172,12.12510558291979,12.719089181013343,-999.2959882864,1.0065994914413814,-1018.6606480194042
217,409,259,J1414+1457,213.634415,14.963419,-130.8,89.7,4835,43,1.66,0.05,-2.58,0.12,2.08,0.06,2.373,0.052,0,4995,1.24,LAMOST,11.011,0.019,0.004,11.724,10.960,11.294,10.668,9.300,8.716,0.0001446852341137804,1231766834895266048,213.6343134622754,0.01120597,14.963318033056218,0.009546397,0.4278310459823416,0.01359843,10.754450798034668,10.115904,11.213361,1.0974569,,,,,,,,,,259,1.23176683489527E+18,213.634313462275,14.9633180330562,1.0974569,6378585977594579180,213.634484006894,14.963522821077,0.946221618928912,AIS,0.4779112,GALEX J141432.2+145748,1,109,109,-999,-999,17.0084,0.02770071,-999,-999,571.0027,14.56463,0.01843545,213.13987,14.95606,1918.967,1915.996,,16.92929,17.36433,2,-99,-99,0,0.04588258401838834,0.05945707178492786,0.03352974968576625,11.153903928215072,10.082374250314235,10.70856821401628,16.874927342000003,1.0715296779008376,-0.8444663623901096
218,411,261,J1415-0435,213.941879,-4.588898,190.3,41.4,6266,80,4.41,0.02,-2.84,0.08,1.49,0.14,0.073,0.031,0,5815,2.47,LAMOST,13.617,0.035,0.005,13.947,13.524,13.652,13.381,12.580,12.285,0.0003322602132195433,3645672904903805312,213.9421317433332,0.015302107,-4.589121324407988,0.012799552,1.7695220854852332,0.017515795,13.496691703796387,13.089614,13.738741,0.649127,6453.0547,6424.1484,6491.842,4.4655,4.4473,4.4937,-3.4535,-3.5452,-3.3144,261,3.64567290490381E+18,213.942131743333,-4.58912132440799,0.649127,6379219332801498456,213.942146732448,-4.58886451445106,0.926079196630994,AIS,0.5049904,GALEX J141546.1-043519,3,185,185,21.96,0.4009631,16.27369,0.01545123,5.970378,2.204329,1123.378,15.98303,0.03566234,213.46534,-4.75969,1934.35,1927.852,,33.30628,33.51554,17,0.05546256,0.008432122,256,0.09660619024675765,0.12044760047183774,0.06613166603095805,13.618293399528161,13.02348233396904,13.400085513549628,16.015494658399998,0.5948110655591208,-1.3474689715306738
219,413,262,J1420+2305,215.032974,23.091900,-44.7,20.5,6449,122,4.10,0.03,-2.51,0.23,2.03,0.30,0.433,0.047,0,6375,4.21,LAMOST,13.8,0.030,-9.900,14.149,13.719,13.852,13.680,12.859,12.585,0.0003332518196326086,1253116601927780992,215.03295128758114,0.010581636,23.091568746030212,0.010646975,1.0284375532930368,0.015546324,13.708137512207031,13.326311,13.9308,0.6044893,6604.7974,6574.06,6627.04,4.1337,4.1097,4.1827,-3.0405,-3.7528,-2.457,262,1.25311660192778E+18,215.032951287581,23.0915687460302,0.6044893,6378515614219109044,215.033156675751,23.0917216840285,0.875069649643184,AIS,0.4772823,GALEX J142007.9+230530,1,251,78,-999,-999,16.44665,0.01450732,-999,-999,957.9438,12.79668,0.02828208,214.7033,23.46048,1949.646,1918.462,,28.40145,28.75034,0,-99,-99,0,0.07715719584761087,0.0958804572973656,0.05252468725050708,13.834919542702634,13.273786312749493,13.63098031635942,16.241887740800003,0.5611332299531409,-1.113615766102444
220,414,263,J1420+3439,215.213867,34.655945,69.5,17.3,5323,78,3.24,0.07,-3.17,0.13,1.51,0.20,0.960,0.074,0,5500,1.94,LAMOST,15.529,0.019,-9.900,16.098,15.477,15.631,15.283,14.140,13.673,3.529996320317869e-05,1480585354189401984,215.2138309653931,0.012022651,34.655930144494484,0.018156227,0.21676244566482708,0.026013093,15.31198787689209,14.793125,15.646594,0.8534689,6143.4536,6077.0703,6198.024,3.7203,3.6808,3.7425,-1.7911,-1.9189,-1.5962,263,1.4805853541894E+18,215.213830965393,34.6559301444945,0.8534689,6379289639266552735,215.21387425331,34.6560194654281,0.346164786813445,AIS,0.2633544,GALEX J142051.3+343921,1,235.05,75.05,-999,-999,19.13555,0.05411205,-999,-999,80.49672,4.010905,0.01625143,214.8945,34.67487,1931.97,1928.698,,2.386594,2.348089,0,-99,-99,0,0.042292609174510325,0.053675028024639714,0.02988342119147818,15.59291897197536,14.763241578808522,15.26969526771758,19.017889646799997,0.829677393166838,-1.6870012856765397
221,415,264,J1421+2401,215.460571,24.033077,-47.7,39.0,6590,104,4.25,0.03,-2.68,0.14,1.91,0.30,0.321,0.043,0,6388,4.33,LAMOST,14.74,0.020,-9.900,15.106,14.687,14.812,14.633,13.791,13.626,0.0001464473797176528,1255441141307548800,215.46041583419262,0.0152232945,24.033058279258878,0.016198436,0.6958863389611335,0.023224818,14.648063659667969,14.263723,14.872608,0.6088848,6570.8594,6545.589,6591.992,4.1226,4.0994,4.1469,-3.6275,-3.9478,-3.3479,264,1.25544114130755E+18,215.460415834193,24.0330582792589,0.6088848,6378515610997884065,215.46068692457,24.0331106041718,0.911010158601271,AIS,0.273291,GALEX J142150.5+240159,1,171,94,-999,-999,17.41318,0.02763825,-999,-999,393.3043,10.00943,0.02150926,215.35406,24.2885,1912.831,1923.741,,11.66082,12.02532,0,-99,-99,0,0.05857603842939725,0.07284147441641266,0.03993548655093399,14.799766525583587,14.223787513449066,14.589487621238572,17.2574529576,0.5759790121345212,-1.1344742809423547
222,416,265,J1423+0322,215.859329,3.378907,-90.3,81.3,4748,33,1.80,0.10,-2.61,0.09,1.99,0.05,2.201,0.100,1,4970,1.18,LAMOST,12.212,0.032,0.010,12.951,12.126,12.392,11.777,10.379,9.802,5.076599676836554e-05,3668491512095798528,215.85929579860323,0.012317523,3.378875862141525,0.011873427,0.23917628440379746,0.015511225,11.918375968933105,11.252349,12.41312,1.1607714,,,,,,,,,,265,3.6684915120958E+18,215.859295798603,3.37887586214153,1.1607714,2429623966750476053,215.859542406842,3.37909367838349,1.1833450717193,MIS,0.5271515,GALEX J142326.2+032244,3,2504.1,2504.1,23.72121,0.2999315,18.45144,0.01185294,1.179012,0.3256195,151.1554,1.649757,0.02684401,215.48706,3.75283,1912.103,1915.32,,4.481507,4.563275,1,0.01095257,0.0009450208,256,0.06610582631096967,0.08611666847675156,0.0486832677069745,12.327003331523247,11.203665732293025,11.852270142622135,18.257089367600003,1.1233375992302221,-0.9629809963295468
223,423,266,J1424+3343,216.124832,33.718842,-40.6,63.2,6057,65,4.39,0.02,-1.88,0.09,1.30,0.07,0.034,0.028,0,5908,4.10,LAMOST,12.588,0.014,0.001,13.068,12.550,12.715,13.142,11.523,11.230,0.0006628301619241722,1479535389306190976,216.12452787173837,0.012733475,33.718231380810096,0.020167494,2.8764590363386855,0.028855717,12.46340560913086,12.042827,12.722011,0.67918396,6245.4355,6233.7827,6258.8184,4.4259,4.4048,4.4381,-1.8834,-1.9131,-1.8657,266,1.47953538930619E+18,216.124527871738,33.7182313808101,0.67918396,3151431360152867082,216.124710446442,33.7184774103683,1.04084463365321,GII,0.5017117,GALEX J142429.9+334306,3,2696.3,2696.3,21.92479,0.1168798,15.54943,0.002621204,6.167174,0.6637369,2188.901,5.2832,0.01448289,216.63904,33.98165,1902.51,1905.066,,64.89728,62.94551,17,0.05729072,0.05874244,256,0.03890086976172936,0.04867132759019805,0.02681635979700581,12.673339672409803,12.016010640202994,12.42450473936913,15.4445738764,0.6573290322068086,-1.2914704420751155
224,424,267,J1427+4618,216.804779,46.305058,60.9,35.8,5680,88,4.62,0.03,-2.23,0.11,1.14,0.16,-0.308,0.040,0,5684,5.00,LAMOST,13.427,0.008,0.011,13.974,13.405,13.558,13.245,12.210,11.852,0.00047897935346588567,1506634502638214912,216.8040858945501,0.008207684,46.30505110657911,0.009417767,2.856391957535327,0.011133609,13.24970531463623,12.779147,13.54821,0.769063,5881.687,5844.986,5986.274,4.5923,4.5472,4.6062,-1.9585,-2.0389,-1.7433,267,1.50663450263821E+18,216.80408589455,46.3050511065791,0.769063,6374610213341759246,216.804727758139,46.30508835824,1.60190364587502,AIS,0.5485684,GALEX J142713.1+461818,1,109,109,-999,-999,16.78933,0.02450077,-999,-999,698.6615,15.76219,0.01388904,216.01879,46.38623,1889.92,1861.929,,20.71416,21.19551,0,-99,-99,0,0.03669581259591908,0.04625337546384761,0.02562656044502241,13.501956624536152,12.753520439554977,13.213009502040311,16.688773350399998,0.7484361849811751,-1.4257671666138707
225,430,268,J1428+3430,217.007736,34.513107,-90.9,44.5,6303,66,3.96,0.02,-2.41,0.13,1.60,0.14,0.534,0.028,0,6250,4.03,LAMOST,13.212,0.015,0.005,13.561,13.171,13.337,13.169,12.274,11.966,0.000245334194424191,1479700762725464832,217.00751978007082,0.00595582,34.51294165527035,0.008975063,1.1890538920570777,0.012446817,13.1259183883667,12.734047,13.356491,0.62244415,6414.2036,6372.745,6479.5293,4.1067,4.086,4.1246,-2.2491,-2.8505,-2.0892,268,1.47970076272546E+18,217.007519780071,34.5129416552704,0.62244415,3151431360151832808,217.007679290819,34.5127695990369,0.77945575423273,GII,0.6123269,GALEX J142801.8+343045,2,2696.3,2696.3,21.54714,0.1775906,-999,-999,8.732631,1.428023,-999,-999,0.01420682,216.63904,33.98165,1902.51,1905.066,,-99,-99,169,0.08112284,0.07801088,32,0.03855376380920101,0.04801387527966476,0.026360908210870133,13.308477124720335,12.70768609178913,13.087364624557498,-999.1028573768,0.6007910329312054,-1016.1339174792196
226,431,269,J1430+2842,217.744598,28.709578,-107.3,44.9,4833,34,1.76,0.19,-3.45,0.13,1.94,0.09,2.272,0.190,1,5051,1.87,LAMOST,14.004,0.012,0.002,14.736,13.971,14.286,13.730,12.258,11.699,3.772534082609225e-05,1283718415710351872,217.7445627164998,0.008892776,28.709562393128696,0.01140665,0.09090079812711083,0.016068697,13.753597259521484,13.110948,14.218448,1.1075001,,,,,,,,,,269,1.28371841571035E+18,217.7445627165,28.7095623931287,1.1075001,6379289714428479306,217.744719534404,28.7096973618975,0.693723830590005,AIS,0.2636566,GALEX J143058.7+284234,1,301.15,138.1,-999,-999,19.70475,0.06274063,-999,-999,47.65392,2.753073,0.01658102,217.94648,28.90529,1940.126,1911.584,,1.41286,1.369755,0,-99,-99,256,0.04118075136590558,0.05341749401617893,0.03014049590754609,14.165030505983822,13.080807504092455,13.712416508155579,19.5847034152,1.0842230018913668,-1.2163433566153685
227,433,271,J1434+3540,218.682159,35.672359,-201.4,85.2,5927,45,4.38,0.01,-1.91,0.11,1.57,0.12,0.007,0.017,0,5959,4.15,LAMOST,11.987,0.013,0.000,12.437,11.951,12.535,11.465,10.891,10.555,0.0011760843906204802,1480171250622660480,218.68102712871146,0.009570181,35.67162937563491,0.012819761,3.797727080747627,0.016413301,11.815122604370117,11.38131,12.079134,0.6978235,6122.505,6118.55,6126.237,4.4229,4.4201,4.4257,-1.3707,-1.3791,-1.3628,271,1.48017125062266E+18,218.681027128711,35.6716293756349,0.6978235,6374786115876948130,218.682207287198,35.6719030677602,3.58929911001187,AIS,0.4008682,GALEX J143443.7+354018,3,271,159,21.3121,0.3254836,15.0243,0.007246315,10.84329,3.249827,3550.431,23.69019,0.01045108,218.22884,35.83102,1943.298,1889.426,,105.2644,103.9105,0,0.1007301,0.07606522,0,0.027960391610200343,0.03504318357353608,0.019335831590260057,12.044090816426463,11.36197416840974,11.787162212759917,14.948634180800001,0.6821166480167236,-1.3002466356788194
228,434,272,J1435+1213,218.803040,12.221971,-46.4,46.7,5752,393,4.55,0.12,-2.61,0.09,1.30,0.13,-0.215,0.168,0,5833,4.68,LAMOST,12.029,0.009,0.006,12.437,12.003,12.174,12.365,10.820,10.486,0.0013826614821021439,1179073388673657472,218.80213397518452,0.014311214,12.22091474548576,0.014470477,4.995622058305112,0.020010434,11.830419540405273,11.377239,12.107637,0.7303982,6133.6133,6073.058,6193.075,4.6303,4.6145,4.655,-2.102,-2.1455,-2.0626,272,1.17907338867366E+18,218.802133975185,12.2209147454858,0.7303982,6383511803645660778,218.80287961429,12.2216999480847,3.85655008131443,AIS,0.3958605,GALEX J143512.6+121318,1,107,107,-999,-999,15.10049,0.01169689,-999,-999,3309.821,35.6488,0.02864969,218.76029,11.82804,1928.239,1939.478,,98.13069,97.60271,0,-99,-99,0,0.07638947918993386,0.09591309514032668,0.0529577481218739,12.011723904859673,11.324281251878126,11.754030061215339,14.8930662444,0.6874426529815469,-1.4057305403853286
229,435,273,J1437+0741,219.417648,7.687787,-153.6,21.0,5241,52,3.01,0.04,-2.14,0.12,1.48,0.09,1.163,0.043,0,5237,2.90,LAMOST,13.363,0.025,0.008,13.915,13.296,13.506,13.190,11.881,11.427,0.00022188999344604387,1172658361096406912,219.41756512587298,0.014873442,7.687584711292744,0.01302013,0.5400870028478295,0.017015345,13.147831916809082,12.597078,13.51846,0.92138195,,,,,,,,,,273,1.17265836109641E+18,219.417565125873,7.68758471129274,0.92138195,6383546948289299991,219.417772731764,7.68781931291545,1.12333172926907,AIS,0.2381152,GALEX J143740.2+074116,1,103,103,-999,-999,17.56529,0.0385315,-999,-999,341.8871,12.13023,0.02753722,219.2011,7.79079,1927.717,1947.729,,10.13639,10.45693,0,-99,-99,0,0.07088313313474762,0.0904245095715125,0.050503049919053855,13.428035490428487,12.546574950080945,13.076948783674334,17.3659205272,0.8814605403475415,-1.5114049018681017
230,436,275,J1437+5044,219.430145,50.742157,-107.6,26.8,5089,42,2.25,0.04,-2.37,0.13,1.75,0.06,1.872,0.042,0,5193,2.21,LAMOST,12.878,0.017,-9.900,13.394,12.832,13.411,12.793,11.366,10.809,3.517934093024207e-05,1603948256723126656,219.4301092111816,0.008967032,50.742131206598714,0.008888219,0.318179455593641,0.010842042,12.68188762664795,12.091055,13.092057,1.0010023,,,,,,,,,,275,1.60394825672313E+18,219.430109211182,50.7421312065987,1.0010023,6374610141401057881,219.430195026379,50.7422707436978,0.539034467855889,AIS,0.2571649,GALEX J143743.2+504432,1,125,125,-999,-999,17.89707,0.03964081,-999,-999,251.8676,9.193585,0.01283523,219.05505,50.64398,1944.488,1933.635,,7.467455,7.568079,0,-99,-99,0,0.032493675554884034,0.041763633383590446,0.023447129156057334,13.05029336661641,12.067607870843943,12.649393951093066,17.804142934799998,0.9826854957724667,-1.2652004143689846
231,438,276,J1442-0014,220.653351,-0.246346,-102.7,50.5,5313,44,2.85,0.05,-2.36,0.11,1.62,0.07,1.347,0.052,0,5276,2.78,LAMOST,12.862,0.062,0.014,13.306,12.696,12.933,12.492,11.307,10.876,0.00022912238896254978,3651423694314288384,220.6532377075662,0.013368754,-0.24653969907575102,0.013484065,0.6155682162028547,0.014868724,12.640115737915039,12.071264,13.024029,0.9527645,,,,,,,,,,276,3.65142369431429E+18,220.653237707566,-0.246539699075751,0.9527645,2492568808415302328,220.653392245377,-0.246137304852968,1.55177374317447,NGS,0.5924683,GALEX J144236.8-001446,1,848,848,-999,-999,17.0417,0.01216534,-999,-999,553.7593,6.203194,0.04209431,220.06205,-0.28271,1898.404,1923.601,,16.41805,16.2682,9,-99,-99,0,0.10794303171990483,0.137970572411715,0.07712303491928008,12.886058427588285,11.99414096508072,12.532172706195134,16.7369371956,0.8919174625075659,-1.7006420486142177
232,441,277,J1446+3712,221.655106,37.207775,-175.0,33.4,6242,68,4.53,0.02,-3.03,0.13,2.90,0.30,-0.053,0.029,0,5902,2.83,LAMOST,13.907,0.014,-9.900,14.293,13.869,14.033,13.791,12.910,12.613,0.00046415929499212845,1294562898895771776,221.65452539929908,0.007916768,37.20776356699593,0.009979571,1.7085176754982943,0.0129014645,13.79508113861084,13.377623,14.047368,0.66974545,6277.369,6232.766,6333.07,4.5066,4.4855,4.5329,-2.8125,-2.9102,-2.6965,277,1.29456289889577E+18,221.654525399299,37.2077635669959,0.66974545,6374786100842464559,221.654946071547,37.207900936053,1.3035989444285,AIS,0.2544065,GALEX J144637.1+371228,1,179,179,-999,-999,16.6624,0.01897343,-999,-999,785.3049,13.72001,0.008060381,221.71082,37.4584,1912.931,1930.07,,23.28299,23.73124,0,-99,-99,0,0.02166762154463626,0.027097132835315688,0.014928055507104814,14.020270867164685,13.362694944492896,13.773413517066203,16.604042841560002,0.6575759226717892,-1.4652817944174679
233,444,278,J1449+3104,222.296219,31.077362,-108.0,42.9,6204,71,4.06,0.02,-1.73,0.10,1.20,0.09,0.406,0.029,0,6168,4.18,LAMOST,13.091,0.013,0.010,13.618,13.056,13.279,13.196,12.147,11.819,0.00016446444627118178,1283083482105602560,222.2960303218606,0.016271535,31.077375423082767,0.024065366,1.3653900937245735,0.03492207,13.040034294128418,12.6285,13.288008,0.65950775,6297.167,6253.3984,6331.61,4.089,4.056,4.1262,-1.9014,-1.9419,-1.764,278,1.2830834821056E+18,222.296030321861,31.0773754230828,0.65950775,6456299430454759140,222.296234689078,31.07718039153,0.943409364186789,DIS,0.4823381,GALEX J144911.1+310437,1,1677.05,0,-999,-999,16.0545,0.004451691,-999,-999,1374.673,5.635007,0.01626954,222.78173,31.32253,1921.054,1920.581,,40.75677,40.12044,0,-99,-99,-999,0.043867766366692706,0.05479259145225769,0.0301478813672472,13.233215408547743,12.598352118632754,12.996166527761725,15.9367085304,0.6348632899149891,-1.2299371481758463
234,445,279,J1451+3426,222.988342,34.444447,-33.6,27.6,4950,84,2.52,0.22,-3.85,0.09,1.82,0.12,1.554,0.221,1,5138,2.67,LAMOST,14.613,0.020,0.012,15.295,14.559,14.833,14.325,12.948,12.368,1.627377335853553e-05,1292783339326342912,222.9883280828531,0.009936539,34.4444397748228,0.013861515,0.06711411047185639,0.01750095,14.367877006530762,13.7477255,14.807694,1.059969,,,,,,,,,,279,1.29278333932634E+18,222.988328082853,34.4444397748228,1.059969,6374786131980977844,222.9883621485,34.4445573000126,0.435010372758975,AIS,0.4953048,GALEX J145157.2+342640,1,266,158,-999,-999,19.76397,0.07159218,-999,-999,45.12431,2.974721,0.02026715,222.45043,34.66603,1934.525,1850.628,,1.337861,1.385883,1,-99,-99,0,0.050803870295922995,0.06560953318034504,0.03692959321754241,14.742084466819655,13.710795906782458,14.31707313623484,19.617235834,1.031288560037197,-1.4540168127725437
235,447,280,J1455+1251,223.750168,12.851722,31.6,51.7,4696,40,1.48,0.08,-2.63,0.10,1.98,0.05,2.502,0.081,1,4957,1.65,LAMOST,13.439,0.022,-9.900,14.188,13.378,13.682,13.270,11.610,11.003,3.866942182840376e-05,1181606805198585472,223.7501350013309,0.01174604,12.85171308092177,0.011582349,0.13515822965616422,0.01404428,13.145174980163574,12.482018,13.638363,1.1563444,,,,,,,,,,280,1.18160680519859E+18,223.750135001331,12.8517130809218,1.1563444,6383511784318305059,223.750350095788,12.8517320076288,0.758010546165925,AIS,0.4672128,GALEX J145500.0+125106,1,80,80,-999,-999,19.43442,0.102992,-999,-999,61.12677,5.797022,0.0300938,223.3793,13.14766,1952.471,1903.747,,1.812307,1.778833,0,-99,-99,0,0.0742009688506671,0.09660600130505491,0.05459475803879607,13.541756998694945,12.427423241961204,13.070974011312908,19.216540888,1.1143337567337408,-1.1718035109328886
236,449,281,J1455+4123,223.993515,41.384251,-42.1,44.4,6208,118,4.07,0.03,-2.32,0.08,1.54,0.09,0.397,0.046,0,6422,4.44,LAMOST,13.293,0.017,0.016,13.733,13.246,13.408,13.308,12.315,11.994,0.00024904623891224573,1489166492687691776,223.9931879078309,0.012129498,41.384289245120435,0.014954607,1.281984049444848,0.017471906,13.207165718078613,12.809469,13.444659,0.63519,6505.645,6489.4614,6522.198,4.1133,4.0854,4.1453,-2.4569,-3.1886,-2.1483,281,1.48916649268769E+18,223.993187907831,41.3842892451204,0.63519,6374786053599921983,223.993386692047,41.3843441071678,0.572099229805606,AIS,0.4462318,GALEX J145558.4+412303,3,153,153,21.2191,0.3071226,16.07894,0.01543375,11.81308,3.340758,1344.074,19.10139,0.01389183,223.43369,41.53663,1885.596,1898.231,,39.84958,40.38473,17,0.109739,0.06412366,0,0.03761004656274858,0.04688831454384188,0.025764168439593053,13.397770685456157,12.783704831560406,13.169555671515864,15.9783631508,0.6140658538957506,-1.2202306176009925
237,450,282,J1456+1830,224.095108,18.507233,-92.2,34.9,4482,72,1.18,0.08,-2.63,0.12,2.11,0.06,2.721,0.083,1,4811,0.97,LAMOST,12.961,0.022,0.015,13.857,12.902,13.256,12.771,10.931,10.284,3.518602719349685e-05,1188796954113478784,224.09508551980485,0.010839009,18.507210819274967,0.011508325,0.1465104578166418,0.014194527,12.576425552368164,11.859592,13.141938,1.2823458,5981.1,5967.3384,5998.7617,2.5444,2.5308,2.5608,-0.0981,-0.0998,-0.0962,282,1.18879695411348E+18,224.095085519805,18.507210819275,1.2823458,3045244925186673886,224.095021102633,18.5071488649144,0.313216834301107,GII,0.4719985,GALEX J145622.8+183025,1,950.3,0,-999,-999,20.2468,0.05606819,-999,-999,28.92551,1.493371,0.02398527,223.61047,18.61571,1963.958,1862.214,,0.8575935,0.8552029,17,-99,-99,-999,0.057731042143595604,0.07608844357576595,0.04321918056759964,13.065849556424233,11.8163728194324,12.518694510224568,20.0731466452,1.2494767369918325,-0.624877697615073
238,453,283,J1456+3122,224.150467,31.377337,-107.5,65.1,5062,92,2.01,0.07,-2.70,0.12,1.99,0.07,2.103,0.075,0,4886,2.62,LAMOST,12.33,0.028,0.008,13.039,12.255,12.695,12.103,10.761,10.202,7.060225357427835e-05,1288393710955172864,224.15044719436253,0.006304794,31.37727114010025,0.009455679,0.31203375710359077,0.013049838,12.16273021697998,11.552309,12.594432,1.0421228,6101.6846,6093.1753,6115.0205,2.6048,2.5932,2.6222,-0.4873,-0.4877,-0.4867,283,1.28839371095517E+18,224.150447194363,31.3772711401003,1.0421228,6379254479590527451,224.150520277511,31.377406829589,0.537652529200741,AIS,0.5996645,GALEX J145636.1+312238,1,317,189,-999,-999,17.47442,0.03157122,-999,-999,371.7316,10.80665,0.01684688,223.4711,31.22709,1879.095,1838.716,,11.02123,11.25443,33,-99,-99,32,0.042350264810248055,0.05461619880286142,0.03072021873513568,12.539815801197138,11.521588781264864,12.120379952169733,17.352448588799998,1.018227019932274,-1.4287572577397638
239,455,284,J1457+0556,224.467133,5.939711,-68.1,26.0,5705,122,3.77,0.08,-1.86,0.12,1.16,0.10,0.550,0.088,0,5901,4.29,LAMOST,15.579,0.034,-9.900,15.990,15.488,15.668,15.404,14.362,13.956,8.127356643441048e-05,1160013118383606016,224.4670627275286,0.028915433,5.939683312755722,0.026684133,0.3515729532168731,0.03459413,15.46557331085205,15.010267,15.753597,0.74333,6338.1235,6315.107,6359.489,4.2577,4.22,4.2921,-1.5375,-1.5969,-1.4878,284,1.16001311838361E+18,224.467062727529,5.93968331275572,0.74333,2932760487618678164,224.46727735953,5.93989996411233,1.09496463409562,MIS,0.194313,GALEX J145752.1+055623,1,1681.25,1681.25,-999,-999,18.92391,0.01897511,-999,-999,97.82204,1.709193,0.04204936,224.56795,6.10644,1883.945,1950.349,,2.900261,2.9386,0,-99,-99,0,0.11206425122270428,0.1407653004289087,0.07770790206422228,15.61283169957109,14.932559097935778,15.353509059629346,18.6194726336,0.6802726016353127,-1.2678725878815822
240,456,285,J1458+1128,224.592896,11.470640,-8.8,23.5,5004,64,3.15,0.30,-3.59,0.21,1.37,0.29,0.943,0.301,1,5402,3.22,LAMOST,14.81,0.030,0.012,15.142,14.729,14.763,14.383,13.156,12.653,3.427504047197914e-05,1180463244386260864,224.59287836551854,0.020860435,11.470616121447923,0.020856658,0.22980773102104063,0.023624431,14.425471305847168,13.868783,14.797071,0.92828846,6060.745,5914.049,6173.6177,3.4725,3.3829,3.5257,-1.2746,-1.4851,-1.1941,285,1.18046324438626E+18,224.592878365519,11.4706161214479,0.92828846,6383511798276949476,224.593182906669,11.4706779208172,1.09724206184648,AIS,0.2224151,GALEX J145822.3+112814,1,87,87,-999,-999,18.67675,0.07525823,-999,-999,122.8282,8.511816,0.03275876,224.39795,11.58414,1957.173,1900.383,,3.641653,3.70649,0,-99,-99,0,0.0842765621579674,0.1075461149213936,0.06006905682881268,14.689524885078606,13.808713943171188,14.3411947436892,18.439576577599997,0.8808109419074182,-1.711165850645389
241,459,286,J1459+0444,224.957291,4.737969,-392.8,63.5,4681,29,1.81,0.08,-2.76,0.11,1.77,0.05,2.167,0.080,0,5000,1.64,LAMOST,12.454,0.031,0.032,13.104,12.371,12.667,12.021,10.560,9.978,3.431397220566813e-05,1155172720304980224,224.95726614596506,0.012156805,4.737955664872294,0.011117945,0.25008309436001347,0.013785919,12.083381652832031,11.43096,12.559961,1.1290016,,,,,,,,,,286,1.15517272030498E+18,224.957266145965,4.73795566487229,1.1290016,6382772918946889768,224.957279334038,4.73796307845233,0.0543230138487585,AIS,0.5696977,GALEX J145949.7+044416,1,204.05,204.05,-999,-999,18.20633,0.03517332,-999,-999,189.4382,6.135517,0.04168016,225.04606,5.30075,1918.368,1915.494,,5.61653,5.744204,1,-99,-99,0,0.1034477607065999,0.1342678893848267,0.07574371583742003,12.425693110615173,11.35521628416258,11.979933892125432,17.9045656416,1.0704768264525928,-1.136915383173883
242,462,287,J1459+2907,224.978546,29.126501,74.1,53.4,4883,68,1.94,0.06,-2.79,0.13,1.83,0.08,2.110,0.063,0,5012,1.83,LAMOST,13.405,0.011,0.013,14.166,13.376,13.675,13.169,11.728,11.170,4.477676590380472e-05,1269905835247977344,224.9785337485067,0.0056953165,29.12646042159184,0.009331999,0.17893401491637623,0.013744673,13.161559104919434,12.537619,13.603025,1.0654068,,,,,,,,,,287,1.26990583524798E+18,224.978533748507,29.1264604215918,1.0654068,6379254552604971377,224.978526519795,29.1266194336853,0.572894732956987,AIS,0.5179793,GALEX J145954.8+290735,1,177.05,96,-999,-999,18.77304,0.05082837,-999,-999,112.4041,5.26088,0.01894446,224.57667,28.74633,1915.769,1916.217,,3.332594,3.250839,128,-99,-99,0,0.047432332737935255,0.06128895403284311,0.03450920981232241,13.541736045967157,12.503109790187677,13.114126772181498,18.6358821096,1.03862625577948,-1.2767476578860535
243,463,288,J1459+4100,224.797897,41.014297,-38.8,40.8,4461,37,1.19,0.10,-3.11,0.13,2.24,0.07,2.703,0.101,1,4834,2.07,LAMOST,12.795,0.018,0.008,13.788,12.746,13.072,12.603,10.779,10.088,1.7922435620152234e-05,1296980278288450816,224.79787645945058,0.008974238,41.01429223632911,0.0094340155,0.1127290796695463,0.011735904,12.422694206237793,11.69522,12.998258,1.3030376,5666.361,5652.7153,5713.842,2.15,2.1411,2.1568,-0.1603,-0.161,-0.1588,288,1.29698027828845E+18,224.797876459451,41.0142922363291,1.3030376,6374786063261502794,224.797990362844,41.0144510292718,0.65001468947524,AIS,0.3149534,GALEX J145911.5+410052,1,157,157,-999,-999,20.08363,0.1162554,-999,-999,33.61611,3.598576,0.01306495,224.47871,40.81202,1937.855,1924.017,,0.9966618,0.9542556,0,-99,-99,0,0.031282647922900884,0.04134272458145172,0.023505509772444054,12.956915275418549,11.671714490227556,12.391411558314893,19.989039762,1.2852007851909928,-0.7874595479792461
244,467,289,J1501+3445,225.379105,34.752811,-142.4,35.9,5042,33,2.07,0.05,-2.61,0.13,2.06,0.09,2.036,0.051,0,5012,1.51,LAMOST,13.814,0.016,0.005,14.529,13.770,14.100,13.607,12.261,11.703,5.048786231993689e-05,1290179111676313472,225.3790459698967,0.0074603236,34.75281327739773,0.009804535,0.1469020229379487,0.014095103,13.63745403289795,13.033644,14.060301,1.0266571,,,,,,,,,,289,1.29017911167631E+18,225.379045969897,34.7528132773977,1.0266571,6374786137349690755,225.379236277187,34.7529173118774,0.676106601926734,AIS,0.4369748,GALEX J150131.0+344510,1,417,306,-999,-999,18.926,0.03015183,-999,-999,97.63381,2.710716,0.01221043,225.81239,34.50012,1932.648,1806.663,,2.894681,2.898761,1,-99,-99,0,0.03076365626871611,0.03962945302808043,0.022278861578681856,14.02067154697192,13.011365138421318,13.606690376629233,18.8375964868,1.0093064085506018,-1.3603492016768621
245,468,290,J1503-0007,225.921494,-0.131365,111.5,20.7,5694,148,4.53,0.05,-3.47,0.16,0.70,0.30,-0.213,0.067,0,5526,2.59,LAMOST,15.581,0.049,-9.900,15.945,15.451,15.525,15.252,14.257,13.863,9.02776742742038e-05,4419479776596340224,225.92145912504895,0.031684995,-0.13144309042130195,0.026630947,1.0529616487800035,0.036566723,15.343830108642578,14.859513,15.642893,0.78337955,5816.715,5754.2666,5894.5913,4.516,4.4674,4.5546,-3.7266,-4.0825,-2.9616,290,4.41947977659634E+18,225.921459125049,-0.131443090421302,0.78337955,6382772966191529986,225.921513578578,-0.131603414139591,0.609547784737275,AIS,0.5928959,GALEX J150341.1-000753,1,263,165,-999,-999,18.4885,0.04594891,-999,-999,146.0824,6.180778,0.0581405,225.83971,0.45562,1926.868,1908.409,,4.3311,4.350209,32,-99,-99,32,0.15416313476870766,0.19413786415236003,0.10731111182656655,15.448755135847641,14.752201888173433,15.189666973873871,18.06756278,0.696553247674208,-1.8038634385249308
246,471,291,J1516+0442,229.204330,4.706850,-36.3,53.8,4869,29,2.24,0.05,-2.33,0.09,1.71,0.04,1.805,0.051,0,4887,2.14,LAMOST,12.646,0.025,0.044,13.326,12.578,13.046,12.409,10.931,10.371,0.00011177289001363271,1155876064149373312,229.20425395199982,0.011830485,4.706776231741963,0.011194598,0.33501222328296093,0.013921064,12.377009391784668,11.744845,12.829577,1.084732,,,,,,,,,,291,1.15587606414937E+18,229.204253952,4.70677623174196,1.084732,2430398022934337449,229.204401780485,4.70708821580237,1.24207910162755,MIS,0.3981534,GALEX J151649.0+044225,1,1696,1696,-999,-999,18.16448,0.01255529,-999,-999,196.8825,2.276166,0.0482933,228.80658,4.67073,1909.208,1930.071,,5.837241,5.931904,0,-99,-99,0,0.12095406756581062,0.156320739912097,0.0879654798111107,12.673256260087904,11.65687952018889,12.256055324218858,17.814836508000003,1.0163767398990142,-1.1686216931282578
247,475,292,J1516+1103,229.211456,11.060338,161.2,58.6,5820,69,2.28,0.08,-2.97,0.08,2.77,0.11,2.075,0.083,0,5699,1.27,LAMOST,12.696,0.022,0.021,13.067,12.636,13.092,12.666,11.495,11.101,3.5858770991405194e-05,1169818356921681024,229.21144674749246,0.01261498,11.060307634073391,0.013281305,0.2381170411658344,0.016066067,12.530689239501953,12.063788,12.8193245,0.7555361,6435.1436,6298.768,6520.308,3.1021,3.066,3.1293,-0.9475,-0.9538,-0.9452,292,1.16981835692168E+18,229.211446747492,11.0603076340734,0.7555361,3763357959519734750,229.211075477907,11.0601720345677,1.39963338268408,MIS,0.2702248,GALEX J151650.6+110336,1,1692.2,0,-999,-999,16.33349,0.005683521,-999,-999,1063.175,5.564068,0.03845399,229.19137,11.3297,1959.385,1944.967,,31.52138,30.51754,2,-99,-99,-999,0.10220131334918732,0.12852752963934583,0.07102484720326067,12.690796970360655,11.99276315279674,12.428487926152766,16.055083112400002,0.698033817563914,-1.0128259412673923
248,476,293,J1518+2544,229.589813,25.742584,-66.1,81.4,5530,96,2.37,0.04,-2.15,0.10,2.17,0.07,1.896,0.049,0,5487,1.66,LAMOST,11.377,0.048,0.028,11.847,11.249,11.566,11.228,9.978,9.563,0.0001434631826931757,1270368832720082432,229.58973027445606,0.009081355,25.742466068839597,0.012072883,0.6148743095700259,0.017326519,11.229243278503418,10.6930685,11.582845,0.88977623,,,,,,,,,,293,1.27036883272008E+18,229.589730274456,25.7424660688396,0.88977623,6387909822239474699,229.589808063355,25.7426814233092,0.815280157057151,AIS,0.2992365,GALEX J151821.5+254433,1,261.05,191,-999,-999,15.84068,0.01085938,-999,-999,1673.886,16.73791,0.04912541,229.6941,26.02683,1920.063,1914.689,,49.62794,49.95319,0,-99,-99,0,0.12756895203315088,0.16214141582789263,0.09026373797554813,11.420703584172108,10.602804762024453,11.101674326470267,15.4850120316,0.8178988221476544,-1.0605735908631715
249,477,294,J1520+5500,230.068359,55.007545,-139.6,47.9,5500,80,2.04,0.05,-2.18,0.10,2.25,0.08,2.217,0.055,0,5309,1.12,LAMOST,13.096,0.021,0.016,13.719,13.038,13.239,13.013,11.760,11.331,4.0913679048483295e-05,1599851648196735744,230.06831203260947,0.010825066,55.00751609850775,0.011364637,0.1530125341232468,0.011961764,12.910346984863281,12.399179,13.242588,0.8434086,5851.1245,5820.0845,5874.172,2.7843,2.7277,2.8083,-1.5219,-1.56,-1.4725,294,1.59985164819674E+18,230.068312032609,55.0075160985078,0.8434086,6374997173789001742,230.068403517575,55.0076256733407,0.437353119185629,AIS,0.397296,GALEX J152016.4+550027,1,207,207,-999,-999,17.27504,0.02297476,-999,-999,446.6664,9.449406,0.01154213,229.43702,55.17281,1925.106,1934.54,,13.24292,13.51806,0,-99,-99,0,0.030073168628812073,0.038143456999978446,0.02123050909294854,13.20444454300002,12.377948490907052,12.88027381623447,17.191474978800002,0.8264960520929687,-1.0910963446675757
250,478,295,J1522+4107,230.614563,41.131371,-56.3,36.6,5134,31,2.53,0.03,-2.23,0.11,1.60,0.05,1.607,0.031,0,5086,2.27,LAMOST,12.867,0.024,0.004,13.568,12.802,13.306,12.733,11.337,10.851,3.3553694004673495e-05,1389327022955151360,230.61456580704754,0.009169868,41.131340127226146,0.0102125015,0.4413798148839613,0.012025471,12.680038452148438,12.102949,13.077496,0.97454643,,,,,,,,,,295,1.38932702295515E+18,230.614565807048,41.1313401272261,0.97454643,6374962055988907940,230.614645984859,41.1314797082981,0.547505998333219,AIS,0.2709934,GALEX J152227.5+410753,1,229,136,-999,-999,17.66168,0.02660237,-999,-999,312.8447,7.663362,0.01855798,230.39645,40.91622,1884.37,1943.194,,9.275326,9.565269,0,-99,-99,0,0.04724703660047119,0.06057091757264528,0.03394744778943351,13.016925082427354,12.069001552210567,12.632791415547967,17.5273202248,0.9479235302167872,-1.314221173757554
251,479,296,J1523+0714,230.911789,7.248231,-209.9,74.0,4675,27,1.40,0.08,-2.63,0.12,2.14,0.06,2.575,0.080,0,4940,1.08,LAMOST,11.993,0.032,0.014,12.785,11.906,12.049,11.436,10.092,9.510,0.000125119921522738,1162871264500396928,230.91166896314033,0.013779198,7.248223462001396,0.012479308,0.16703099929671084,0.016054805,11.68759822845459,11.001712,12.206584,1.2048721,,,,,,,,,,296,1.1628712645004E+18,230.91166896314,7.2482234620014,1.2048721,6382772891029604103,230.911864825921,7.24827603904061,0.72462825898103,AIS,0.2890938,GALEX J152338.8+071453,1,108,108,-999,-999,18.75195,0.06672809,-999,-999,114.6097,7.042071,0.03596198,230.62521,7.30043,1926.218,1948.512,,3.397989,3.521501,0,-99,-99,0,0.08794434797702853,0.1149749036912705,0.06509283635360286,12.091609096308728,10.936619163646396,11.599653880477561,18.4915852648,1.1549899326623319,-0.7034475259597457
252,481,297,J1524+5348,231.186829,53.805412,-223.8,44.2,5749,119,3.73,0.04,-2.03,0.10,1.30,0.07,0.604,0.054,0,5597,3.44,LAMOST,13.053,0.020,0.008,13.448,13.001,13.275,12.906,11.843,11.495,0.0002751867019966287,1599405658792521344,231.18646986701268,0.010008964,53.80523860730938,0.010392432,1.142862902713387,0.01062585,12.892203330993652,12.421546,13.187576,0.7660303,6141.3457,6133.118,6149.8174,4.0064,4.0035,4.0092,-1.4995,-1.5,-1.4987,297,1.59940565879252E+18,231.186469867013,53.8052386073094,0.7660303,6374997194190096429,231.186229344564,53.8055645313619,1.2799030649569,AIS,0.5464849,GALEX J152444.7+534820,1,104,104,-999,-999,16.32584,0.02284908,-999,-999,1070.685,22.52687,0.01551425,232.11167,53.80798,1957.758,1935.076,,31.74405,31.42908,0,-99,-99,0,0.04102175333844775,0.0516891894125224,0.028629668441502294,13.135886810587477,12.392916331558498,12.851181577655204,16.21351683,0.7429704790289797,-1.507994614682021
253,483,298,J1529+0804,232.474747,8.080040,0.9,30.8,4868,39,1.97,0.08,-2.89,0.16,1.62,0.09,2.075,0.081,0,5026,1.54,LAMOST,12.798,0.034,-9.900,13.422,12.706,13.010,12.401,11.053,10.484,4.292449862314845e-05,1164484488577137792,232.47476189618342,0.011760378,8.080000918490175,0.009804111,0.23444811582318995,0.013611198,12.486761093139648,11.857676,12.941015,1.0833397,,,,,,,,,,298,1.16448448857714E+18,232.474761896183,8.08000091849017,1.0833397,6382737757123379761,232.474816955856,8.08012475909331,0.487107675586976,AIS,0.4725784,GALEX J152953.9+080448,1,108,108,-999,-999,18.06742,0.0464816,-999,-999,215.2939,9.214736,0.04071266,232.18808,8.45803,1919.992,1944.816,,6.383106,6.44418,1,-99,-99,0,0.10189122760685553,0.1317186555129539,0.07414609652410421,12.809296344487047,11.783529903475895,12.384869865532792,17.772660341599998,1.025766441011152,-1.3815826181121382
254,485,299,J1541+3009,235.387619,30.165625,77.0,67.2,6104,104,4.23,0.03,-1.83,0.08,1.30,0.08,0.208,0.043,0,6012,3.81,LAMOST,12.408,0.022,0.022,12.820,12.348,12.520,12.315,11.351,11.055,0.0007745251404193434,1273081912023580416,235.38744329813278,0.007522311,30.164869212507657,0.010068438,2.5471122801956096,0.012872742,12.260565757751465,11.849327,12.509421,0.66009426,6388.683,6382.6743,6394.606,4.2708,4.2666,4.2795,-1.8238,-1.8436,-1.7741,299,1.27308191202358E+18,235.387443298133,30.1648692125077,0.66009426,6387909845863896458,235.387417735877,30.1654820412096,2.20761749930784,AIS,0.4924487,GALEX J154132.9+300955,3,284.05,176,20.37354,0.2224495,15.38104,0.008082328,25.73857,5.27213,2556.141,19.02355,0.02713075,235.52582,29.68787,1916.527,1925.987,,75.78535,74.839,0,0.2391016,0.2189734,256,0.07325844235495085,0.09145878086221983,0.05028278555345466,12.41796221913778,11.799044214446546,12.187307315396515,15.184613370000001,0.618918004691233,-1.0989194182444786
255,486,300,J1542+2115,235.584274,21.256840,-216.1,29.5,5400,67,2.11,0.14,-3.07,0.24,2.21,0.23,2.115,0.141,1,5575,2.47,LAMOST,14.478,0.030,0.033,14.972,14.396,14.605,14.241,13.036,12.581,7.190384730934948e-05,1216392088930072448,235.58420134136563,0.012392589,21.256847757649666,0.013842148,0.07476336839723159,0.019795131,14.288765907287598,13.747426,14.647726,0.9003,15336.312,15249.15,15416.69,4.2367,4.2232,4.2493,0.2878,0.268,0.2973,300,1.21639208893007E+18,235.584201341366,21.2568477576497,0.9003,6375665647869756700,235.583960438141,21.2570189616366,1.01643086550026,AIS,0.3547901,GALEX J154220.1+211525,3,160,160,22.36972,0.5318509,18.64895,0.05139923,4.093683,2.004815,126.0142,5.964118,0.05715006,235.89947,21.45585,1894.934,1909.283,,3.736112,3.812931,0,0.03802877,0.005948563,0,0.14828381657132986,0.18856448100715267,0.10498134451587696,14.459161518992849,13.642444655484123,14.140482090716267,18.2351835656,0.8167168635087254,-1.362241954494313
256,487,302,J1544+0901,236.109833,9.018212,-109.1,28.2,6583,146,3.93,0.07,-2.81,0.13,1.38,0.30,0.639,0.083,0,6416,4.22,LAMOST,15.384,0.041,-9.900,15.708,15.274,15.401,15.236,14.422,14.190,0.00012541964473682468,4431484278908679424,236.1098040448531,0.02560594,9.018094475045508,0.022274768,0.3906617175234663,0.029926706,15.30661678314209,14.904733,15.54351,0.63877773,6446.688,6387.88,6493.6807,3.9901,3.946,4.0242,-2.5686,-3.1073,-2.1318,302,4.43148427890868E+18,236.109804044853,9.01809447504551,0.63877773,6382737792556861346,236.109979248819,9.01836394231235,1.15287054243667,AIS,0.1507191,GALEX J154426.4+090106,1,108,108,-999,-999,18.1193,0.05063353,-999,-999,205.2488,9.569496,0.04810532,236.24639,9.08595,1935.701,1904.614,,6.085287,6.212415,0,-99,-99,0,0.13079387533599973,0.1628315593471412,0.08925854062976887,15.380678440652858,14.81547445937023,15.17582290780609,17.771017483199998,0.565203981282627,-1.2094251782791678
257,488,303,J1548+2113,237.247849,21.224567,-32.5,123.1,5144,42,2.83,0.02,-2.33,0.08,1.45,0.05,1.311,0.024,0,5237,2.60,LAMOST,10.62,0.035,0.017,11.174,10.527,11.246,11.574,9.101,8.581,0.0002559805480602161,1216610479425447680,237.24780588927786,0.011073117,21.224318156942417,0.013797229,1.7532208775863425,0.018959386,10.405145645141602,9.832993,10.791753,0.95876026,,,,,,,,,,303,1.21661047942545E+18,237.247805889278,21.2243181569424,0.95876026,6375665653236368678,237.247935840035,21.2245493440592,0.939603072789524,AIS,0.3650151,GALEX J154859.5+211328,1,215.05,154,-999,-999,15.04477,0.007986151,-999,-999,3484.125,25.62131,0.04105779,236.98917,21.4987,1815.495,1771.246,,103.2985,101.9338,0,-99,-99,0,0.10515375355236688,0.1344803056830745,0.075202221738811,10.657272694316925,9.757790778261189,10.299991891589235,14.7475116004,0.8994819160557359,-1.5042664991038857
258,490,304,J1551+2040,237.960098,20.675922,-74.1,23.2,5077,53,2.73,0.06,-2.48,0.12,1.23,0.10,1.388,0.062,0,4933,3.13,LAMOST,14.579,0.048,-9.900,15.229,14.450,14.697,14.247,13.009,12.449,7.04770351347229e-05,1204509907284481792,237.9600525328847,0.009823705,20.675872559370926,0.013781203,0.24591423731666356,0.019155486,14.367551803588867,13.783467,14.782027,0.99855995,5113.5283,5107.794,5119.0728,3.0034,2.9896,3.0161,-0.7397,-0.7421,-0.7375,304,1.20450990728448E+18,237.960052532885,20.6758725593709,0.99855995,6375665670416238464,237.960112663101,20.6758332787448,0.247009932269731,AIS,0.5341609,GALEX J155150.4+204033,1,247.05,96,-999,-999,19.16433,0.05381493,-999,-999,78.39157,3.884565,0.05252196,238.51248,20.81181,1912.125,1921.926,,2.32418,2.383666,17,-99,-99,0,0.13373687974644477,0.1715203905546566,0.09605878558719348,14.610506609445343,13.687408214412807,14.233814923842422,18.784071009599998,0.923098395032536,-1.583620361700353
259,492,305,J1554-0051,238.553238,-0.860481,186.8,48.8,5503,60,2.36,0.07,-3.02,0.12,1.98,0.19,1.898,0.072,0,5333,3.07,LAMOST,13.819,0.105,-9.900,14.130,13.537,13.748,13.394,12.233,11.795,7.455528400521189e-05,4409426666909690240,238.55318284803838,0.015126306,-0.8605196286775445,0.012486776,0.16407553283572635,0.018144682,13.616857528686523,13.03987,14.012826,0.9729557,,,,,,,,,,305,4.40942666690969E+18,238.553182848038,-0.860519628677545,0.9729557,6382808153784845365,238.553210362494,-0.860350600032358,0.616510457821197,AIS,0.4627319,GALEX J155412.7-005137,1,106,106,-999,-999,18.0867,0.04834308,-999,-999,211.5051,9.415109,0.124772,238.97614,-0.67252,1928.922,1904.352,,6.270775,6.464778,0,-99,-99,0,0.32242253252376274,0.41119224970001783,0.2288532241073998,13.601633750299982,12.8110167758926,13.29443499616276,17.18335072,0.7906169744073814,-1.5725171423345028
260,494,306,J1558+4149,239.519791,41.825085,-312.7,62.9,6291,60,4.08,0.01,-2.03,0.09,1.35,0.09,0.410,0.021,0,6210,4.12,LAMOST,13.273,0.025,0.013,13.758,13.206,13.442,13.211,12.270,12.010,0.00033203557358689,1383534001129524608,239.51937040689162,0.007931962,41.82498300582679,0.009368633,1.3611532661560741,0.009722254,13.183661460876465,12.794248,13.415346,0.6210985,6530.55,6519.1626,6546.2036,4.1469,4.1383,4.1604,-2.3495,-2.5563,-2.2023,306,1.38353400112952E+18,239.519370406892,41.8249830058268,0.6210985,6374962057064749190,239.519582712012,41.8249249665675,0.606660605211405,AIS,0.5972016,GALEX J155804.7+414929,3,312.1,143,20.85555,0.3149344,15.97375,0.01385824,16.51134,4.788204,1480.804,18.89626,0.01698216,239.06819,41.33235,1953.537,1861.118,,43.90338,43.30286,32,0.1533841,0.1750735,0,0.04611491792418456,0.05741614565753942,0.03151366548101509,13.35792985434246,12.762734334518985,13.13754654295228,15.850799161600001,0.5951955198234753,-1.201633178129053
261,495,307,J1604+1305,241.002029,13.098082,-115.1,48.5,5049,32,2.42,0.04,-2.15,0.09,1.65,0.05,1.688,0.041,0,5004,2.56,LAMOST,12.509,0.050,0.047,12.999,12.374,12.553,12.044,10.861,10.324,2.3060973931110187e-05,4458314389852948608,241.00201107608265,0.010294095,13.098080758034307,0.008355651,0.5016749590309676,0.012656995,12.2515287399292,11.648365,12.679083,1.0307178,,,,,,,,,,307,4.45831438985295E+18,241.002011076083,13.0980807580343,1.0307178,3873414675614931174,241.002016666844,13.0981139937308,0.121243751698086,MIS,0.2580859,GALEX J160400.4+130553,1,2455.3,0,-999,-999,17.57001,0.008261123,-999,-999,340.4047,2.589434,0.05544302,241.26672,13.08638,1920.462,1895.023,,10.09243,10.1336,0,-99,-99,-999,0.14039209337085234,0.18052749971596305,0.10126200667201753,12.498555500284038,11.547102993327982,12.111136646558347,17.1686025352,0.9514525069560555,-1.2673674999435587
262,497,308,J1609+1758,242.461868,17.969515,16.8,21.7,4831,62,1.86,0.25,-3.26,0.15,2.09,0.12,2.172,0.251,1,5000,1.37,LAMOST,15.272,0.032,0.050,15.960,15.186,15.523,14.979,13.528,12.918,3.9446429721205154e-05,1199812037695884032,242.46184215087715,0.02083718,17.96949216650951,0.018581588,0.039959217470386776,0.025975712,15.045220375061035,14.392051,15.526063,1.1340122,6244.3594,6223.702,6266.306,3.5334,3.516,3.5472,-0.3614,-0.3645,-0.3587,308,1.19981203769588E+18,242.461842150877,17.9694921665095,1.1340122,6375665723029586308,242.461784565912,17.9692456643103,0.909053472093827,AIS,0.5236129,GALEX J160950.8+175809,1,185,185,-999,-999,21.06323,0.2240355,-999,-999,13.63665,2.813161,0.05198385,242.15907,18.40681,1926.7,1906.262,,0.4043041,0.326453,153,-99,-99,0,0.12907677202981213,0.1675170754956901,0.09447470200621856,15.35854592450431,14.297576297993782,14.916143603031223,20.686866926,1.0609696265105288,-1.2546560213794722
263,498,311,J1614+5137,243.601990,51.620213,20.9,42.2,6493,101,4.06,0.03,-2.91,0.14,1.88,0.30,0.485,0.043,0,6444,4.32,LAMOST,13.628,0.027,0.038,13.957,13.556,13.680,13.508,12.697,12.429,0.00043304842096357943,1424662577892802816,243.60130562844407,0.010749016,51.62029913740574,0.010933572,1.1208093905844176,0.011707703,13.531769752502441,13.160343,13.749619,0.58927536,6667.224,6658.5186,6692.336,4.1479,4.1386,4.159,-4.0351,-4.1263,-3.8052,311,1.4246625778928E+18,243.601305628444,51.6202991374057,0.58927536,2432720191494300243,243.60215727175,51.6201972071607,1.93858374532603,MIS,0.3397486,GALEX J161424.5+513712,3,1627.2,1627.2,20.92006,0.08531605,16.20283,0.005240752,15.55883,1.2223,1199.135,5.786712,0.02354715,243.15053,51.42921,1937.044,1895.912,,35.55236,34.5076,0,0.1445356,0.1558084,0,0.06437356790966772,0.07991339299780831,0.043751645108259546,13.669705607002191,13.11659135489174,13.467396184592774,16.032348633999998,0.5531142521104506,-1.0946637572203723
264,500,312,J1622+2545,245.715668,25.756533,-68.2,23.8,6430,131,4.16,0.04,-3.20,0.10,1.35,0.30,0.368,0.056,0,6429,4.03,LAMOST,15.646,0.034,0.039,15.805,15.556,15.603,15.420,14.633,14.392,7.549542060834574e-05,1303410050489975936,245.71559122474258,0.01499243,25.756517327591823,0.020081388,0.495030588214111,0.025441343,15.468587875366211,15.078632,15.699834,0.6212015,6700.887,6670.01,6737.56,4.4404,4.4239,4.468,-2.137,-2.1844,-1.9242,312,1.30341005048998E+18,245.715591224743,25.7565173275918,0.6212015,6371443602673895666,245.715778939389,25.7564977065759,0.612719093339942,AIS,0.5583709,GALEX J162251.7+254523,1,175,175,-999,-999,18.1569,0.03994561,-999,-999,198.2619,7.292534,0.03753051,246.33266,25.81341,1928.66,1884.106,,5.878136,5.998343,0,-99,-99,0,0.10221340157055261,0.1271331361928889,0.06966924758869926,15.57270086380711,15.008962752411302,15.36637447379566,17.8851791076,0.5637381113958089,-1.2477064918389695
265,502,313,J1625+4836,246.303894,48.610188,-18.4,39.8,5377,45,3.28,0.02,-2.49,0.09,1.60,0.07,0.938,0.024,0,5285,3.73,LAMOST,12.295,0.023,0.034,12.796,12.232,13.279,12.141,10.899,10.479,0.00028340470034556487,1411190669938765440,246.30350802293052,0.009540248,48.610070469292985,0.0102866255,1.196060023021053,0.010534531,12.090651512145996,11.568728,12.428594,0.8598652,6131.142,6068.5923,6195.4487,3.61,3.5772,3.6728,-1.1338,-1.1979,-1.013,313,1.41119066993877E+18,246.303508022931,48.610070469293,0.8598652,2468924910373714073,246.303899404028,48.6099452314504,1.03495044121614,MIS,0.5432072,GALEX J162512.9+483635,3,3294.3,3294.3,23.60932,0.3002516,15.98892,0.003250944,1.306998,0.361352,1460.266,4.371309,0.01413222,246.73328,48.14762,1928.373,1928.13,,43.29446,41.58342,0,0.01214152,0.009751955,0,0.036723792548629654,0.046636905589868424,0.025978299962552347,12.381957094410131,11.542749700037447,12.053927719597366,15.8866027272,0.8392073943726839,-1.6588968483684416
266,506,316,J1630+0953,247.649246,9.888043,32.0,22.9,4665,33,1.16,0.10,-3.04,0.14,2.26,0.11,2.811,0.100,1,5012,1.51,LAMOST,13.326,0.069,0.048,13.913,13.141,13.456,12.851,11.343,10.726,7.246826844671225e-05,4458577516730343424,247.6491965873836,0.010392147,9.887999027687542,0.0064754374,0.14595918617199172,0.0141931055,12.965520858764648,12.276329,13.489752,1.2134228,,,,,,,,,,316,4.45857751673034E+18,247.649196587384,9.88799902768754,1.2134228,6375700914917869851,247.649182900974,9.88812482165227,0.455452155173517,AIS,0.2266392,GALEX J163035.8+095317,1,165,165,-999,-999,19.76931,0.09615943,-999,-999,44.903,3.975918,0.05982152,247.41913,9.88923,1939.603,1893.129,,1.3313,1.340903,0,-99,-99,0,0.14651597945867856,0.1914452989438309,0.10831747108317294,13.298306701056168,12.168011528916827,12.81900487930597,19.336202195200002,1.1302951721393413,-0.9762372824703647
267,508,317,J1632+1022,248.058777,10.373649,37.4,29.1,5230,46,3.13,0.03,-2.61,0.11,1.44,0.09,1.039,0.033,0,5433,2.96,LAMOST,12.927,0.088,0.031,13.285,12.692,12.862,12.767,11.362,10.836,0.00012408450550296032,4458710351479154944,248.05865979538237,0.015292395,10.373624617944126,0.00867933,0.8058138819317976,0.018762425,12.682851791381836,12.11277,13.071989,0.959219,,,,,,,,,,317,4.45871035147915E+18,248.058659795382,10.3736246179441,0.959219,6375700913844126174,248.058868682245,10.3736760304589,0.762505037400804,AIS,0.4074295,GALEX J163214.1+102225,1,111,111,-999,-999,17.06158,0.03067157,-999,-999,543.7083,15.35579,0.07039306,247.90494,10.75196,1973.688,1859.982,,16.12005,16.37231,0,-99,-99,0,0.18099437782239156,0.2311570541525998,0.12902424123285455,12.8408319458474,11.983745758767144,12.501857413559444,16.5519342456,0.857086187080256,-1.7019777618035015
268,509,318,J1634+0206,248.725235,2.104218,85.8,62.6,5338,52,2.35,0.05,-2.15,0.09,1.81,0.05,1.855,0.052,0,5536,2.25,LAMOST,12.428,0.046,0.016,12.896,12.304,12.775,12.254,10.966,10.478,9.39406028101189e-05,4432234794379005952,248.72517923963872,0.012081788,2.1041515881620185,0.006629937,0.4080902294930474,0.013809912,12.22636604309082,11.6677475,12.604624,0.9368763,,,,,,,,,,318,4.43223479437901E+18,248.725179239639,2.10415158816202,0.9368763,6462210404965683373,248.725526443095,2.10391811544604,1.50554589597604,MIS,0.1597441,GALEX J163454.1+020614,1,1453.05,0,-999,-999,16.91322,0.008376201,-999,-999,623.3223,4.807618,0.06282046,248.87018,2.1719,1920.049,1920.504,,18.48047,18.10501,0,-99,-99,-999,0.1620245643915203,0.20661507570019857,0.11523399457054853,12.3980089242998,11.552513505429452,12.0643414786993,16.458399869599997,0.8454954188703478,-1.263686396148084
269,511,319,J1634+0724,248.604584,7.404393,-29.6,47.9,4817,40,2.20,0.05,-2.16,0.08,1.51,0.04,1.826,0.051,0,4862,1.60,LAMOST,13.676,0.076,-9.900,14.189,13.474,13.679,13.184,11.802,11.220,3.7695927605738306e-05,4439210783339502464,248.60459233069355,0.010598921,7.40435961284615,0.0062635085,0.24270370331016508,0.012663342,13.333251953125,12.680689,13.809306,1.1286173,,,,,,,,,,319,4.4392107833395E+18,248.604592330694,7.40435961284615,1.1286173,6375736030570482280,248.604542940545,7.40438054929542,0.191755645029033,AIS,0.370089,GALEX J163425.0+072415,1,176,176,-999,-999,19.37034,0.07240523,-999,-999,64.84301,4.32318,0.08156651,248.97052,7.33206,1904.268,1907.965,,1.922488,1.903713,0,-99,-99,0,0.20353346517706308,0.26361858513839087,0.14840567675938932,13.545687414861609,12.532283323240609,13.129718487947937,18.7797984676,1.013404091621,-1.1405800810615014
270,512,320,J1640+1550,250.102890,15.844683,-7.7,74.5,4730,28,1.60,0.05,-2.89,0.09,2.14,0.05,2.395,0.051,0,4913,1.20,LAMOST,11.978,0.037,0.034,12.687,11.879,12.072,11.464,10.137,9.529,6.731768297798446e-05,4462850115836027648,250.10283342322447,0.011096798,15.844655632413335,0.009468681,0.2785237766957129,0.014842429,11.695391654968262,11.030877,12.186214,1.1553373,,,,,,,,,,320,4.46285011583603E+18,250.102833423224,15.8446556324133,1.1553373,6375489815127787650,250.102937000203,15.8447587944337,0.516331501804528,AIS,0.231322,GALEX J164024.7+155041,1,387.05,172,-999,-999,18.0777,0.02617236,-999,-999,213.2647,5.139632,0.06300073,249.93919,16.01422,1920.463,1911.338,,6.322944,6.453815,0,-99,-99,0,0.15604124190726412,0.20278193331046498,0.11441591997936823,11.983432066689534,10.916461080020632,11.539350413060998,17.6215747148,1.0669709866689026,-1.009128353516127
271,513,321,J1641+0334,250.257965,3.567229,-51.5,19.8,5064,43,1.90,0.21,-3.26,0.20,1.86,0.19,2.213,0.210,1,5250,1.54,LAMOST,15.275,0.079,-9.900,15.706,15.064,15.267,14.861,13.533,12.993,2.0673581328889113e-05,4434122110384571264,250.2579636676004,0.021284094,3.5672140507414776,0.013838583,-0.01781387537086953,0.0272786,15.010931015014648,14.398198,15.439199,1.0410013,,,,,,,,,,321,4.43412211038457E+18,250.2579636676,3.56721405074148,1.0410013,6375736076741383399,250.258110518996,3.56738279485102,0.80463356898978,AIS,0.5123655,GALEX J164101.9+033402,1,184,184,-999,-999,20.0187,0.1023816,-999,-999,35.68774,3.364426,0.06465877,250.44614,3.09064,2006.334,2017.681,,1.058082,1.049269,17,-99,-99,0,0.16361976632779646,0.210486882712041,0.11806770878664911,15.228712117287959,14.280130291213352,14.847311248686852,19.5505705052,0.9485818260746068,-1.6261423792995933
272,516,322,J1645+4357,251.312302,43.953346,-84.4,53.1,4660,36,1.18,0.13,-2.87,0.14,2.41,0.13,2.789,0.130,1,4821,2.53,LAMOST,13.103,0.034,0.011,14.052,13.012,13.400,12.740,11.231,10.596,2.3815394128281218e-05,1357725650023190784,251.31230346400375,0.00906775,43.95332661947555,0.01059136,0.08806476165039717,0.010764728,12.803086280822754,12.108236,13.33704,1.2288036,5997.1255,5989.3276,6000.4976,2.3513,2.3401,2.3591,-0.1272,-0.1282,-0.1265,322,1.35772565002319E+18,251.312303464004,43.9533266194755,1.2288036,6371126960504966177,251.312246671074,43.9532660295778,0.263139184216941,AIS,0.4836523,GALEX J164514.9+435711,1,149,149,-999,-999,19.76618,0.1011037,-999,-999,45.03272,4.192425,0.01061353,250.64793,43.88304,1924.834,1950.725,,1.335145,1.228848,1,-99,-99,0,0.025755887936251578,0.033798052108768385,0.01917033274730791,13.303241947891232,12.089065667252692,12.777330392886503,19.6893380428,1.21417628063854,-1.0058940621732653
273,518,323,J1650+0438,252.685257,4.643380,-429.8,16.3,5112,50,2.36,0.30,-3.59,0.26,3.30,0.30,1.770,0.300,1,4777,3.07,LAMOST,15.09,0.080,0.042,15.668,14.874,15.149,14.676,13.336,12.828,4.285815705548041e-05,4434538756572083328,252.6852262993656,0.01955377,4.643362244587701,0.013695936,0.11334312928291299,0.026137128,14.843512535095215,14.209422,15.302536,1.0931139,,,,,,,,,,323,4.43453875657208E+18,252.685226299366,4.6433622445877,1.0931139,2553156297152271132,252.685141575343,4.64374959322905,1.42720856774824,NGS,0.1329474,GALEX J165044.4+043837,1,13695.7,0,-999,-999,19.86413,0.01224977,-999,-999,41.14792,0.4641367,0.09240682,252.78171,4.73547,1940.338,1921.629,,1.219968,1.230992,256,-99,-99,-999,0.23245199470773334,0.29997665935645007,0.16845981196041893,15.00255934064355,14.04096218803958,14.61106054038748,19.1951046232,0.9615971526039697,-1.8987894038210191
274,520,324,J1650+4313,252.559784,43.217541,-215.1,34.0,4915,30,2.02,0.05,-3.02,0.13,1.96,0.10,2.041,0.051,0,4988,2.03,LAMOST,14.265,0.034,0.024,14.786,14.174,14.344,13.858,12.500,11.990,5.015791106335988e-05,1356704444239380608,252.55977992140816,0.010672857,43.217495590494124,0.010996966,0.10195072234683665,0.011667087,13.923580169677734,13.307953,14.359561,1.0516081,6229.27,6220.658,6235.1924,3.0927,3.0881,3.0947,-0.43,-0.4302,-0.4298,324,1.35670444423938E+18,252.559779921408,43.2174955904941,1.0516081,6371302810424709211,252.559848374187,43.2176355487698,0.534898559367114,AIS,0.2667075,GALEX J165014.3+431303,1,176,112,-999,-999,19.40099,0.07229982,-999,-999,63.03823,4.196733,0.01384223,252.65459,42.96006,1932.293,1865.705,,1.868979,1.883508,0,-99,-99,0,0.03472243180384401,0.04482325170989721,0.02522775772736106,14.314737748290103,13.282725242272639,13.88885773787389,19.300772254800002,1.0320125060174643,-1.3308892039912505
275,522,325,J1650+5402,252.589233,54.045982,-406.9,32.0,4660,22,1.45,0.05,-2.62,0.13,1.95,0.06,2.519,0.050,0,4991,1.78,LAMOST,13.26,0.029,0.034,13.993,13.182,13.482,12.898,11.383,10.770,1.62399541648521e-05,1426083353074011392,252.58921366242282,0.011981929,54.045975357466105,0.0144866975,0.12138604430762431,0.01383176,12.942071914672852,12.269049,13.446078,1.1770296,,,,,,,,,,325,1.42608335307401E+18,252.589213662423,54.0459753574661,1.1770296,6371021395577537871,252.589369332963,54.0458283482817,0.623181173687889,AIS,0.4307289,GALEX J165021.4+540244,1,274,168,-999,-999,19.33782,0.05595614,-999,-999,66.81445,3.442614,0.03334631,252.00882,54.31056,1908.611,1814.626,,1.980938,2.054024,0,-99,-99,0,0.08194126822929942,0.10686675295628405,0.0604387786321362,13.339211247043716,12.208610221367865,12.860130646443553,19.0963927156,1.1306010256758512,-1.194585865965884
276,523,326,J1656+4714,254.025009,47.246101,-32.0,29.0,6152,86,4.49,0.02,-2.71,0.16,1.70,0.30,-0.040,0.033,0,6000,4.51,LAMOST,14.706,0.026,-9.900,15.126,14.635,14.705,14.493,13.616,13.342,0.00016470167579269742,1407841767974447360,254.02513848421276,0.0146521125,47.24596545017099,0.01565664,1.152127498185872,0.016397765,14.521919250488281,14.096711,14.776787,0.68007565,6412.063,6393.865,6426.663,4.6207,4.605,4.6279,-2.943,-2.9798,-2.8874,326,1.40784176797445E+18,254.025138484213,47.245965450171,0.68007565,6371126917555291496,254.025047484653,47.2462198996699,0.942627630052875,AIS,0.4142615,GALEX J165606.0+471446,1,96,96,-999,-999,17.45952,0.03715577,-999,-999,376.8699,12.89401,0.0264531,253.45687,47.39877,1930.319,1923.067,,11.17357,11.48939,0,-99,-99,0,0.0711619333073173,0.08899033037127962,0.04898954668489104,14.687796669628721,14.04772145331511,14.450757317180964,17.267999556,0.6400752163136119,-1.4144086005267589
277,525,327,J1657+3443,254.381317,34.724270,-137.4,65.6,4984,29,1.92,0.05,-2.60,0.12,1.83,0.06,2.166,0.051,0,5000,1.62,LAMOST,12.035,0.021,0.012,12.757,11.978,13.365,12.368,10.445,9.863,8.172488243201034e-05,1338720999557835264,254.38123368401423,0.009763595,34.72423500982418,0.01303392,0.3428026009211602,0.01437201,11.819589614868164,11.20112,12.260654,1.0595341,,,,,,,,,,327,1.33872099955784E+18,254.381233684014,34.7242350098242,1.0595341,3365633817429679021,254.381339812928,34.7242867469958,0.365101065802905,CAI,0.4856638,GALEX J165731.5+344327,3,424,424,22.75311,0.3963329,17.46132,0.01801024,2.875791,1.049513,376.2447,6.239648,0.0143709,254.69203,34.31157,1964.055,1914.184,,11.15503,11.42523,1,0.02671501,0.002529673,0,0.03599844827484186,0.04650166135355865,0.026181817871892055,12.214152338646443,11.174938182128107,11.783591166593322,17.357274684,1.0392141565183355,-1.2172069482373447
278,527,328,J1658+4329,254.685196,43.485161,-122.7,59.7,6454,135,3.98,0.04,-2.98,0.10,2.00,0.25,0.555,0.057,0,6111,3.48,LAMOST,13.973,0.027,0.015,14.314,13.902,13.967,13.816,13.063,12.749,0.0002281635767602951,1358062375459732480,254.6852612245399,0.011275167,43.484942060917064,0.01077622,0.8938225358398717,0.01187356,13.846086502075195,13.483269,14.059824,0.57655525,6602.8726,6579.1255,6638.1196,4.1209,4.0908,4.162,-2.2765,-3.1498,-2.1478,328,1.35806237545973E+18,254.68526122454,43.4849420609171,0.57655525,6371302799687287402,254.685214557059,43.4850892186759,0.543610628969474,AIS,0.3588717,GALEX J165844.4+432906,1,96,96,-999,-999,16.47445,0.0235247,-999,-999,933.7262,20.22618,0.01842762,254.70252,43.84374,1912.546,1913.643,,27.68343,28.31322,0,-99,-99,256,0.050456861622114095,0.06258769346917745,0.03425207302685233,13.997236306530823,13.449016926973147,13.79562964045308,16.3410340312,0.5482193795576755,-1.0684784380000867
279,529,329,J1700+2159,255.073669,21.993647,-121.2,65.8,5601,55,2.17,0.04,-2.63,0.09,1.99,0.07,2.118,0.043,0,5538,1.73,LAMOST,13.368,0.053,0.054,13.776,13.226,13.362,13.220,11.977,11.571,8.641436122859101e-05,4565182968702653952,255.07366164832953,0.0069358307,21.993566013449986,0.008613503,0.2074152921987785,0.012711841,13.15557861328125,12.63915,13.491344,0.8521948,5881.3545,5871.122,5889.3125,2.5861,2.5739,2.5944,-2.3956,-2.4895,-2.2284,329,4.56518296870265E+18,255.07366164833,21.99356601345,0.8521948,6375349000330019992,255.073879777611,21.9936989808013,0.871374126250193,AIS,0.5269738,GALEX J170017.7+215937,1,107,107,-999,-999,17.35832,0.03368872,-999,-999,413.6859,12.83292,0.05997494,255.59145,22.21221,1965.306,1917.241,,12.2651,12.46391,17,-99,-99,0,0.15706352447545374,0.19890378420896956,0.11039704133715034,13.29244021579103,12.528752958662851,12.998515088805796,16.9241014344,0.7636872571281792,-1.195444350214414
280,532,330,J1702+1732,255.555603,17.536928,-200.9,41.0,5408,48,3.04,0.02,-2.29,0.13,1.60,0.09,1.188,0.025,0,5356,2.91,LAMOST,13.477,0.061,0.031,14.069,13.312,13.673,13.361,12.052,11.582,0.00020955789407499449,4559973585694862976,255.55539521573758,0.0076779323,17.536880862314522,0.0076454026,0.5560788933416185,0.012796088,13.393936157226562,12.818829,13.785269,0.9664402,6074.779,6066.7603,6083.967,3.4972,3.4937,3.5001,-0.9403,-0.9444,-0.9344,330,4.55997358569486E+18,255.555395215738,17.5368808623145,0.9664402,6375524939370333472,255.555534215203,17.5368981013591,0.481160248546687,AIS,0.5825726,GALEX J170213.3+173212,1,135,135,-999,-999,17.91299,0.04246257,-999,-999,248.2004,9.704631,0.06227809,256.12466,17.7496,1931.233,1940.369,,7.358732,7.538676,0,-99,-99,0,0.15973701546370264,0.20421176385173348,0.11409184613784511,13.581057236148267,12.704737153862155,13.23419914176286,17.4620966284,0.8763200822861119,-1.6279200636862887
281,533,333,J1705+3333,256.487244,33.554047,-58.3,54.2,6370,63,4.08,0.02,-2.32,0.08,1.40,0.08,0.432,0.028,0,6422,4.44,LAMOST,13.638,0.026,0.028,13.960,13.569,13.708,13.527,12.675,12.404,0.00024865151899699286,1337619808599757184,256.4870000160656,0.008468398,33.55391335728026,0.009762428,1.1078944186403867,0.010675646,13.539955139160156,13.150303,13.768793,0.6184902,6677.601,6665.438,6685.2197,4.1438,4.1346,4.169,-2.4927,-2.4986,-2.4394,333,1.33761980859976E+18,256.487000016066,33.5539133572803,0.6184902,3886186602481849617,256.487499846303,33.5543379553148,2.14128750996486,MIS,0.2830527,GALEX J170557.0+333315,1,1056.55,0,-999,-999,16.35946,0.005388221,-999,-999,1038.047,5.150303,0.02490935,256.82534,33.58401,1525.238,2014.356,,30.77638,30.38834,0,-99,-99,-999,0.06775020694336294,0.08430226796834109,0.046234818111268255,13.684490732031659,13.104068181888731,13.472204932216794,16.179116305999997,0.5804225501429272,-1.1335854090891857
282,536,335,J1718+5044,259.700562,50.739422,-197.5,77.8,5403,105,2.41,0.04,-2.75,0.09,2.16,0.07,1.816,0.051,0,5538,1.73,LAMOST,12.363,0.033,0.043,12.695,12.274,12.543,12.099,10.880,10.477,5.182239938190895e-05,1414618401734297856,259.70049720427414,0.010602786,50.739456867145215,0.012445874,0.4292560949015934,0.011667515,12.098955154418945,11.57284,12.440165,0.8673248,,,,,,,,,,335,1.4146184017343E+18,259.700497204274,50.7394568671452,0.8673248,6371162089044577647,259.700606449082,50.7394598753331,0.249122701314809,AIS,0.1576058,GALEX J171848.1+504422,3,308,204,22.36059,0.4285406,16.3557,0.01278096,4.128242,1.629023,1041.646,12.25897,0.028768,259.89563,50.64161,1909.127,1949.633,,30.88309,30.91841,0,0.03834981,0.06885014,0,0.07480397970787432,0.09498991658254986,0.05288370866691112,12.34517508341745,11.519956291333088,12.02415117471107,16.14741968,0.8252187920843621,-1.3154576229673003
283,538,336,J1719+1358,259.758759,13.974175,-120.8,53.0,4775,42,2.05,0.05,-2.77,0.09,1.62,0.05,1.961,0.052,0,5047,2.57,LAMOST,12.907,0.104,0.256,13.454,12.627,12.917,12.581,10.907,10.324,0.00012844253030110862,4543104496041198464,259.7586881651319,0.0075237127,13.974075058759668,0.0072176247,0.38611881694683015,0.010610924,12.592815399169922,11.898837,13.121274,1.2224369,,,,,,,,,,336,4.5431044960412E+18,259.758688165132,13.9740750587597,1.2224369,6375384178259658109,259.758718089348,13.9742874799174,0.771828484774771,AIS,0.4723225,GALEX J171902.0+135827,1,128,128,-999,-999,18.85559,0.06788275,-999,-999,104.1753,6.511702,0.1522663,260.21898,14.12835,1918.743,1929.7,,3.088626,3.006672,1,-99,-99,0,0.37690244881235546,0.49047084214292336,0.27636478720025637,12.630803157857077,11.622472212799744,12.215912950357566,17.753181987999998,1.0083309450573328,-1.393784554042587
284,539,337,J1730+4143,262.606567,41.726353,-145.6,74.3,4919,30,2.06,0.03,-2.50,0.10,1.70,0.05,2.003,0.031,0,4969,1.81,LAMOST,12.153,0.043,0.029,12.861,12.038,12.213,11.667,10.405,9.872,6.294366966033391e-05,1347464217239541632,262.6065415631987,0.008174665,41.72641728167011,0.009975649,0.3764897335594808,0.009584741,11.862512588500977,11.236753,12.308202,1.0714483,,,,,,,,,,337,1.34746421723954E+18,262.606541563199,41.7264172816701,1.0714483,6371302813645933756,262.606531637922,41.726453340433,0.132522355815592,AIS,0.2340613,GALEX J173025.5+414335,1,163,163,-999,-999,17.51546,0.03108444,-999,-999,357.9457,10.24544,0.02921096,262.31005,41.65053,1976.534,1995.107,,10.6125,10.82802,0,-99,-99,0,0.07315510005912318,0.09452686296226698,0.05321136315624657,12.213675137037733,11.183541636843753,11.789357488441853,17.303972649600002,1.0301335001939798,-1.2544076901618428
285,540,339,J1733+2633,263.360596,26.561991,40.8,94.4,5208,45,2.52,0.03,-3.28,0.11,1.50,0.10,1.642,0.033,0,5250,3.22,LAMOST,12.379,0.059,0.161,12.859,12.220,12.537,12.010,10.770,10.251,2.444999412850711e-05,4594840366419966208,263.360573679421,0.00639336,26.5619930452719,0.0070746215,0.5656413517377441,0.009431727,12.172125816345215,11.57347,12.58804,1.0145702,6297.2676,6275.849,6301.791,3.1565,3.1412,3.1581,-0.73,-0.7304,-0.7299,339,4.59484036641997E+18,263.360573679421,26.5619930452719,1.0145702,6371513974639299515,263.360622069273,26.5620535828601,0.267907752115784,AIS,0.1359283,GALEX J173326.5+263343,1,150,150,-999,-999,17.01489,0.02556221,-999,-999,567.602,13.36018,0.0614878,263.33936,26.42746,1924.53,1922.717,,16.82846,17.25086,0,-99,-99,0,0.15629299829080315,0.20063647178613409,0.11240226946902382,12.387403528213865,11.461067730530976,12.015832818054411,16.569718328,0.9263357976828885,-1.62359017328399
286,541,342,J1757+2435,269.463348,24.596937,-100.2,73.7,5768,60,2.41,0.04,-2.81,0.08,3.20,0.21,1.929,0.044,0,6250,2.90,LAMOST,11.827,0.068,0.150,12.025,11.644,11.739,11.420,10.436,10.086,4.585471482218609e-05,4580919415339537280,269.46331562251396,0.009234536,24.596973105330832,0.013384761,0.4190594633625999,0.015692022,11.477375030517578,11.021637,11.759509,0.7378721,6408.6562,6396.867,6414.6333,2.6722,2.666,2.676,-3.9935,-4.0095,-3.8747,342,4.58091941533954E+18,269.463315622514,24.5969731053308,0.7378721,6375243460100752041,269.463391889596,24.5968116650937,0.632534323442158,AIS,0.4737499,GALEX J175751.2+243548,3,176.05,176.05,20.73695,0.2420941,15.45208,0.01165516,18.41718,4.105608,2394.232,25.69535,0.09331194,269.10174,24.93828,1897.923,1928.347,,70.98502,71.4865,4,0.1710886,0.1884147,0,0.25076679467167207,0.3140606945126194,0.17264208004928236,11.44544830548738,10.848994919950718,11.226608235845905,14.776501554400001,0.5964533855366625,-0.5778204821058832
287,542,343,J1810+5121,272.749512,51.355526,-190.8,40.5,6213,175,4.33,0.05,-3.30,0.09,1.33,0.20,0.139,0.073,0,6311,4.10,LAMOST,14.502,0.024,0.063,14.794,14.438,14.564,14.363,13.506,13.148,9.627085176583217e-05,2124774098618710144,272.7494509576955,0.015371766,51.35544422550891,0.014997905,1.0695664278855566,0.015385818,14.383864402770996,13.969134,14.631914,0.6627798,6442.3896,6422.5684,6474.9033,4.3471,4.3263,4.3838,-3.0202,-3.8807,-2.2813,343,2.12477409861871E+18,272.749450957696,51.3554442255089,0.6627798,6371197276635795547,272.749913628645,51.3555073188868,1.06466551751717,AIS,0.3639822,GALEX J181059.9+512119,1,154,154,-999,-999,17.21852,0.02647294,-999,-999,470.5323,11.46996,0.0443904,272.94306,51.01225,1922.102,1940.278,,13.9505,14.26453,0,-99,-99,0,0.12010085249204966,0.14984447385072344,0.08228793481389426,14.482069526149276,13.886846065186106,14.263763550278947,16.897133504000003,0.5952234609631706,-1.355683395031602
288,544,344,J1811+5159,272.848602,51.996342,-200.4,58.8,4668,46,1.30,0.06,-2.51,0.11,2.01,0.05,2.672,0.062,0,4875,1.13,LAMOST,12.209,0.025,0.056,13.157,12.141,12.503,11.823,10.348,9.740,8.613947439326168e-05,2125193798525926656,272.84846662860593,0.008198318,51.99635817636619,0.008940556,0.1693900713448021,0.008514521,11.95249080657959,11.253794,12.488181,1.2343874,,,,,,,,,,344,2.12519379852593E+18,272.848466628606,51.9963581763662,1.2343874,6371197266972117650,272.848529972329,51.9963804388267,0.161668880915517,AIS,0.1646253,GALEX J181123.6+515946,1,151,149,-999,-999,19.17563,0.07281736,-999,-999,77.57975,5.201798,0.04020037,272.59346,51.94728,1926.601,1939.226,,2.300111,2.360426,0,-99,-99,0,0.09782709415721753,0.12821812575716002,0.072663942650548,12.359962874242841,11.181130057349451,11.854663712422372,18.8845793212,1.1788328168933901,-0.7303247951866254
289,545,345,J1829+4852,277.325409,48.877472,-8.2,95.6,6213,71,4.16,0.02,-2.07,0.09,1.30,0.08,0.309,0.029,0,6111,3.57,LAMOST,11.754,0.025,0.013,12.084,11.688,12.384,12.970,10.734,10.448,0.0004365676514668703,2120573345725924224,277.32475258571407,0.011807207,48.877435683679316,0.012276471,3.105059631558459,0.0122872805,11.632586479187012,11.225183,11.872495,0.64731216,6480.703,6470.2593,6486.9644,4.2146,4.2081,4.2248,-2.2842,-2.4223,-2.0752,345,2.12057334572592E+18,277.324752585714,48.8774356836793,0.64731216,6371197283078242497,277.325063988928,48.8770333506596,1.6252543290147,AIS,0.5198615,GALEX J182918.0+485237,1,207,0,-999,-999,14.79946,0.007552043,-999,-999,4367.338,30.37047,0.0813218,277.75545,49.31388,1945.225,1833.157,,129.4843,125.3661,17,-99,-99,-999,0.2218307131954218,0.2758929749217257,0.15092685355464594,11.596602025078274,11.074256146445354,11.41075576599159,14.210690168,0.5223458786329207,-0.817144522300997
290,547,346,J1833+1309,278.320190,13.155890,80.7,83.2,5296,224,3.51,0.67,-2.64,0.08,1.10,0.08,0.681,0.673,0,5538,3.19,LAMOST,10.552,0.091,0.054,10.879,10.308,10.811,9.618,8.940,8.499,0.0001831938513878073,4508429270864441088,278.32001047816203,0.019133171,13.155865217784097,0.021964781,4.020897298736271,0.025558893,10.32642936706543,9.738132,10.731686,0.99355316,,,,,,,,,,346,4.50842927086444E+18,278.320010478162,13.1558652177841,0.99355316,6375278703526545478,278.319938965426,13.1564464706556,2.10747345561286,AIS,0.04662396,GALEX J183316.7+130923,1,104.05,104.05,-999,-999,14.68995,0.01077759,-999,-999,4830.826,47.94168,0.2914335,278.28799,13.12172,1893.914,1944.571,,143.226,141.6254,0,-99,-99,0,0.7685787734609014,0.9737847108618353,0.5358819685509806,9.757901289138164,9.202250031449019,9.557850593604527,12.57997146,0.5556512576891457,-1.3581910820448773
291,550,347,J1848+4401,282.249084,44.021763,-326.1,36.7,5270,43,3.14,0.02,-2.54,0.13,1.41,0.09,1.043,0.024,0,5460,3.07,LAMOST,13.051,0.031,-9.900,13.660,12.968,13.160,12.715,11.553,11.144,7.020021075319368e-05,2105367821469848704,282.2490278653641,0.010019145,44.021823607842165,0.011055785,0.7388780914962931,0.011448385,12.860565185546875,12.302646,13.234736,0.93209076,5910.602,5871.6797,6054.8423,3.3488,3.2828,3.4356,-1.4774,-1.5154,-1.3047,347,2.10536782146985E+18,282.249027865364,44.0218236078422,0.93209076,3190169354023994790,282.248857069062,44.021772038502,0.479530635111354,GII,0.4844202,GALEX J184859.7+440118,3,4646.65,899.55,22.22077,0.1757421,17.13575,0.003831846,4.69564,0.7598725,507.8063,1.791746,0.0634499,281.99756,44.4715,1808.769,1963.206,,15.05562,14.93431,257,0.04362072,0.07114255,0,0.16380721714222615,0.20879809141916109,0.11641414132616426,13.025937908580838,12.186231858673835,12.696757968404649,16.676372724,0.8397060499070026,-1.6422817859423917
292,552,350,J1940+5443,295.011597,54.722038,-56.5,42.1,6035,68,3.91,0.02,-1.83,0.09,1.45,0.09,0.508,0.029,0,6132,4.27,LAMOST,13.045,0.041,-9.900,13.448,12.935,13.116,12.842,11.898,11.603,0.00011446527427745538,2138350902561138432,295.0114298687719,0.009901928,54.722099348379956,0.011702659,1.3697975544594647,0.01109096,13.155974388122559,12.634221,13.347475,0.713254,6067.3765,6042.8545,6123.715,4.1717,4.1642,4.1816,-2.0335,-2.1388,-1.9057,350,2.13835090256114E+18,295.011429868772,54.72209934838,0.713254,6371091718150817249,295.011663793963,54.721758185224,1.32098393850538,AIS,0.207838,GALEX J194002.8+544318,1,108,108,-999,-999,16.11248,0.02109571,-999,-999,1303.186,25.31457,0.1018584,294.83972,54.90446,1816.981,1921.633,,38.63729,38.44029,17,-99,-99,0,0.27532372300221414,0.3439571461686034,0.18865393036541325,13.003517853831395,12.445567069634587,12.880650665120344,15.375025184000002,0.5579507841968088,-1.4076293014018137
293,553,352,J1958+5533,299.505737,55.559666,-332.8,61.8,6133,70,3.90,0.02,-2.44,0.09,1.70,0.10,0.546,0.029,0,6161,4.04,LAMOST,12.658,0.052,-9.900,13.102,12.519,12.444,12.287,11.544,11.223,0.00016471638369711192,2233917807548136704,299.50545840396654,0.045688163,55.55964010504752,0.047207896,1.802250146404738,0.050040346,12.53691291809082,12.09652,12.804389,0.7078686,6487.025,6439.2676,6540.043,3.9785,3.9456,4.0312,-2.2905,-2.4599,-1.9056,352,2.23391780754814E+18,299.505458403967,55.5596401050475,0.7078686,6371619464406893992,299.505639273153,55.5595024690397,0.617344861512061,AIS,0.3607374,GALEX J195801.3+553334,3,259,168,20.72423,0.2378518,15.72575,0.01018022,18.63423,4.081203,1860.808,17.44331,0.1693167,299.95468,55.81653,2007.124,1782.971,,55.16986,55.3652,0,0.173105,0.2361179,0,0.46272197033140566,0.5757161937037379,0.31398812873591425,12.228672806296263,11.782531871264085,12.074190947759414,14.499897092,0.44614093503217767,-0.9369319037999757
294,554,353,J2056+1438,314.052826,14.633580,-298.4,29.1,6042,64,4.34,0.02,-2.48,0.09,1.15,0.18,0.080,0.028,0,6037,3.79,LAMOST,14.074,0.052,0.041,14.321,13.936,14.052,13.831,12.946,12.588,0.00014670819604556529,1761710995441251200,314.0528964287095,0.012997258,14.633452524425584,0.012730274,1.4185629903612709,0.016767668,13.910263061523438,13.460577,14.188141,0.72756386,6424.9805,6382.093,6495.7344,4.4089,4.3743,4.4641,-2.4683,-2.6151,-2.3834,353,1.76171099544125E+18,314.05289642871,14.6334525244256,0.72756386,6376510168360813935,314.052765549043,14.6336897133337,0.967956750519134,AIS,0.331555,GALEX J205612.6+143801,1,167,167,-999,-999,16.98783,0.02448372,-999,-999,581.9266,13.11946,0.08596479,314.22334,14.92131,1919.857,1925.089,,17.25316,17.00703,0,-99,-99,0,0.23121570670525926,0.289432427749875,0.1590892257794793,13.898708572250126,13.301487774220522,13.679047354818179,16.365444920399998,0.5972207980296034,-1.4267533283158613
295,555,354,J2109+1725,317.491730,17.428883,-226.6,97.2,4936,42,2.12,0.03,-2.56,0.09,1.71,0.05,1.949,0.033,0,5024,1.82,LAMOST,10.766,0.080,0.071,11.284,10.550,10.722,10.186,8.922,8.397,0.000277405180910712,1788003032879354752,317.4916464422219,0.010535968,17.428625024173666,0.009395651,0.8308667895200891,0.014091156,10.472517013549805,9.815209,10.95131,1.1361008,5356.5386,5346.746,5379.7134,2.4386,2.428,2.4592,-1.8337,-1.8483,-1.794,354,1.78800303287935E+18,317.491646442222,17.4286250241737,1.1361008,6376334184223343924,317.491909917661,17.4288471366066,1.20761358203791,AIS,0.3904105,GALEX J210958.0+172543,1,221,0,-999,-999,16.32327,0.01487582,-999,-999,1073.229,14.70088,0.1059371,317.79745,17.68877,1938.198,1891.888,,31.81945,32.12576,0,-99,-99,-999,0.2648423858945321,0.34282993767062053,0.19281202778805742,10.60848006232938,9.622396972211941,10.207674627655273,15.556285396000002,0.9860830901174378,-1.3257717033131486
296,561,355,J2114-0616,318.506317,-6.269527,-161.8,53.6,4727,38,1.69,0.05,-2.55,0.08,1.80,0.06,2.304,0.051,0,4376,1.55,LAMOST,11.155,0.063,-9.900,11.899,10.985,12.360,10.607,9.278,8.639,0.00011909758387029206,6910940758263238912,318.5062092867576,0.014622569,-6.269558692907387,0.012737251,0.4388713272120136,0.017140474,10.861772537231445,10.170518,11.392216,1.2216978,5572.3936,5562.503,5615.3584,2.634,2.6289,2.6489,-0.0398,-0.0408,-0.0367,355,6.91094075826324E+18,318.506209286758,-6.26955869290739,1.2216978,6379536013623035387,318.506288144741,-6.26943458153584,0.52845317960994,AIS,0.259938,GALEX J211401.5-061609,1,224,224,-999,-999,17.43607,0.02439929,-999,-999,385.0971,8.652021,0.1087116,318.70108,-6.09605,1906.602,1923.889,,11.41749,11.68831,0,-99,-99,0,0.2675660189526169,0.34895535157514423,0.1970640776288115,11.043260648424855,9.973453922371188,10.594206518278828,16.648998016,1.0698067260536668,-1.1665182405802792
297,565,356,J2141+3019,325.425873,30.326530,-239.6,52.8,5956,96,4.44,0.03,-2.14,0.09,1.30,0.10,-0.045,0.042,0,5827,3.08,LAMOST,13.143,0.053,-9.900,13.447,13.001,13.176,12.883,11.924,11.617,0.0005898314075501368,1849557816972611200,325.4255324381535,0.014787307,30.32602798568025,0.015469237,2.546968533170502,0.022576315,12.974696159362793,12.515536,13.265324,0.74978733,6142.3677,6116.6523,6162.153,4.4591,4.4107,4.4749,-1.936,-1.961,-1.8127,356,1.84955781697261E+18,325.425532438153,30.3260279856802,0.74978733,4472534163543557305,325.425968363286,30.3258828892046,1.45181678755927,MIS,0.5275159,GALEX J214142.2+301933,1,1277,0,-999,-999,16.3153,0.006688721,-999,-999,1081.133,6.658744,0.1256977,325.0311,30.7291,1911.453,1926.825,,32.0538,31.451,1,-99,-99,-999,0.33865090259906205,0.4238533349901209,0.23258846853754903,12.84147066500988,12.282947531462451,12.636045256763731,15.405248652000001,0.5585231335474283,-1.1998478754210762
298,567,357,J2147+4146,326.837158,41.780663,-89.5,52.4,6290,222,4.46,0.06,-1.95,0.10,1.15,0.10,0.030,0.090,0,6211,4.46,LAMOST,13.368,0.115,-9.900,13.437,13.060,13.255,12.974,12.131,11.865,7.876123896701439e-05,1960555714825095680,326.8370759936163,0.03982654,41.7807077820373,0.048463978,2.136538606863865,0.05894742,13.264753341674805,12.785142,13.568066,0.7829237,6341.663,6320.1846,6357.789,4.4042,4.3195,4.439,-1.4973,-1.4991,-1.4939,357,1.9605557148251E+18,326.837075993616,41.7807077820373,0.7829237,6372147245018514063,326.836567001689,41.7807089931424,1.36640666187276,AIS,0.3558051,GALEX J214720.7+414650,1,96,0,-999,-999,16.68859,0.03137442,-999,-999,766.587,22.14662,0.4848783,326.59237,42.08665,1930.053,1977.486,,22.72803,22.62416,2,-99,-99,-999,1.3721971870873824,1.680982237053875,0.9000056427035018,11.887083762946125,11.8851363572965,11.892556154587423,13.178071108000001,0.0019474056496253667,-0.09934037039736854
299,570,359,J2159+0308,329.891113,3.145575,-20.5,44.4,4547,76,1.29,0.10,-2.83,0.13,2.34,0.08,2.636,0.103,1,4801,1.10,LAMOST,13.581,0.062,-9.900,14.463,13.416,13.831,13.173,11.519,10.869,1.9160946167855212e-05,2695548279861150848,329.8911132824928,0.014324098,3.1455618509753682,0.0148653025,0.05514412481058588,0.015838766,13.25544548034668,12.511764,13.854569,1.3428059,,,,,,,,,,359,2.69554827986115E+18,329.891113282493,3.14556185097537,1.3428059,3213461408143382136,329.89110859083,3.14559208586408,0.110144347005597,GII,0.3201716,GALEX J215933.8+030844,1,1623,0,-999,-999,21.29411,0.08952856,-999,-999,11.02441,0.9088396,0.04690174,329.59661,3.01898,1922.2,1911.779,,0.3268556,0.3187799,2,-99,-99,-999,0.11196103768266603,0.1482306050096198,0.08430452233786564,13.70633839499038,12.427459477662135,13.143484442664013,20.9545414024,1.278878917328246,-0.6136170405802783
300,571,360,J2211+0454,332.769897,4.911949,125.8,14.5,5271,27,2.79,0.10,-0.63,0.12,1.58,0.12,1.393,0.100,1,4690,1.76,LAMOST,13.081,0.062,0.072,14.112,12.916,13.508,13.041,11.618,11.069,5.796562160568245e-05,2708132224800708608,332.7698648588896,0.01998823,4.911910606757696,0.018187612,0.32563318432984134,0.025963672,13.083206176757812,12.435263,13.580258,1.1449957,5108.5933,5092.8086,5149.3926,2.3283,2.298,2.3395,0.0807,0.0796,0.0854,360,2.70813222480071E+18,332.76986485889,4.9119106067577,1.1449957,3213004011507555492,332.770187078535,4.91200754662059,1.20727076121741,GII,0.3227647,GALEX J221104.8+045443,1,1668.05,0,-999,-999,19.6935,0.03591177,-999,-999,48.15038,1.592233,0.05523135,332.65551,4.61015,1913.728,1925.4,,1.427579,1.435071,0,-99,-99,-999,0.13692004750443007,0.17784077156714415,0.10033286383168205,13.402417228432856,12.33493013616832,12.946286129253382,19.293625026,1.0674870922645372,-0.7282472504773034
301,573,361,J2216+0246,334.149841,2.771391,-98.7,68.6,4806,45,2.10,0.09,-2.56,0.10,1.83,0.06,1.923,0.091,0,4987,2.19,LAMOST,12.769,0.058,0.057,13.362,12.614,12.911,12.295,10.929,10.344,7.215491001059925e-05,2682719929806900096,334.149888474362,0.012108821,2.771336226449199,0.015132478,0.30536261889119226,0.013539495,12.450044631958008,11.793165,12.93017,1.1370049,,,,,,,,,,361,2.6827199298069E+18,334.149888474362,2.7713362264492,1.1370049,6376404603433387453,334.149732311606,2.77151272095928,0.847951744211372,AIS,0.4502533,GALEX J221635.9+024617,1,112,112,-999,-999,18.49751,0.0582363,-999,-999,144.876,7.768915,0.06259325,333.7093,2.8675,1944.882,1924.16,,4.295333,4.339198,0,-99,-99,0,0.15555228727535358,0.20181951396326633,0.11377582111997082,12.728350486036733,11.67938917888003,12.294492344682654,18.044334869999997,1.0489613071567039,-1.2239582584765865
302,576,362,J2216+2232,334.163757,22.547327,-340.6,90.5,4844,55,2.11,0.06,-2.81,0.09,1.85,0.06,1.926,0.062,0,4844,2.53,LAMOST,12.335,0.038,0.047,12.954,12.235,12.351,11.801,10.530,9.994,1.9874204268494165e-05,1878089211702170880,334.1637451515061,0.01189222,22.547323939290877,0.01323901,0.38534404706287373,0.014547174,12.018993377685547,11.381251,12.47884,1.0975885,,,,,,,,,,362,1.87808921170217E+18,334.163745151506,22.5473239392909,1.0975885,6376193484315952053,334.163781520612,22.5474484590185,0.464293851800138,AIS,0.3396025,GALEX J221639.3+223250,1,169.05,169.05,-999,-999,17.75876,0.03335625,-999,-999,286.0854,8.787049,0.05235688,334.36191,22.83366,1874.3,1936.489,,8.481957,8.594899,0,-99,-99,0,0.13089039340116865,0.16931897911383775,0.09532034747510977,12.309521020886162,11.285930652524891,11.888102984284378,17.379696188799997,1.0235903683612708,-1.2926345832338102
303,577,363,J2217+2104,334.460785,21.076998,-115.1,47.6,4499,51,1.59,0.21,-4.12,0.14,2.51,0.29,2.318,0.211,1,4539,2.69,LAMOST,13.388,0.036,0.123,14.297,13.293,13.696,13.031,11.279,10.633,2.4509244767092955e-05,1778804140643594240,334.46079735767313,0.012974799,21.076978516165397,0.015310844,0.06471478497812586,0.016585989,13.019919395446777,12.26656,13.629946,1.3633862,,,,,,,,,,363,1.77880414064359E+18,334.460797357673,21.0769785161654,1.3633862,6376193496127113862,334.460529161962,21.0770394997496,0.927274263064151,AIS,0.1162282,GALEX J221750.5+210437,1,194.7,149.65,-999,-999,20.83359,0.1736806,-999,-999,16.84853,2.694533,0.06267782,334.3416,21.04251,1947.865,1945.638,,0.4995309,0.5007367,0,-99,-99,0,0.14935189879883878,0.1979397720721868,0.11260006374078269,13.432006227927813,12.153959936259218,12.870567496647938,20.3798025832,1.2780462916685948,-0.9474177080926438
304,578,364,J2221+0228,335.453461,2.479126,-138.0,75.7,5425,88,2.69,0.12,-2.81,0.11,1.05,0.08,1.543,0.123,0,5333,2.93,LAMOST,12.624,0.090,0.063,13.042,12.382,12.595,12.172,11.087,10.626,6.438778711093678e-05,2703673700854939136,335.45341281222494,0.016896604,2.4790965812094097,0.013955463,0.6617367771781557,0.019705914,12.475687026977539,11.891581,12.874437,0.98285675,,,,,,,,,,364,2.70367370085494E+18,335.453412812225,2.47909658120941,0.98285675,6376404619539514125,335.453421665396,2.47913343212967,0.136431086092782,AIS,0.4068345,GALEX J222148.8+022844,1,92,0,-999,-999,16.99392,0.03238572,-999,-999,578.6733,17.25668,0.06362472,335.78164,2.71999,1849.124,1935.73,,17.15671,17.47996,0,-99,-99,-999,0.16272541979276509,0.2083084115226692,0.11647901229756312,12.666128588477331,11.775101987702437,12.312961607184773,16.5332770272,0.8910266007748948,-1.734082904814355
305,580,367,J2227+1425,336.967468,14.421277,-178.8,19.2,4976,85,1.86,0.24,-3.38,0.16,1.76,0.12,2.223,0.241,1,5145,1.02,LAMOST,16.321,0.048,0.040,16.901,16.192,16.316,15.883,14.691,14.041,4.309430210613217e-05,2734443155800929408,336.96747811033805,0.044109397,14.421238473869057,0.04643364,0.05981968038715726,0.054866657,15.98779296875,15.393369,16.39891,1.0055418,6047.358,5932.8774,6153.2656,3.7921,3.7195,3.895,-1.825,-1.9321,-1.6573,367,2.73444315580093E+18,336.967478110338,14.4212384738691,1.0055418,6376228638623270056,336.967493493324,14.4214340720142,0.706192951818065,AIS,0.3006282,GALEX J222752.2+142517,1,294.05,140.05,-999,-999,20.57415,0.1264188,-999,-999,21.39635,2.4907,0.06433933,336.81692,14.68437,1927.283,1912.558,,0.6343663,0.6898778,0,-99,-99,0,0.16387860414808159,0.21018290965702083,0.1176711862634064,16.18872709034298,15.275697813736594,15.823914364601919,20.1083332508,0.9130292766063857,-1.8141500158915056
306,581,369,J2242+2720,340.689606,27.340151,-394.1,107.1,4759,78,1.56,0.12,-3.73,0.11,1.81,0.08,2.445,0.122,1,4789,3.45,LAMOST,13.137,0.044,0.099,13.768,13.019,13.327,12.695,11.259,10.667,4.552793464548483e-05,1884009398920040192,340.68962937787404,0.013476696,27.340111612138838,0.014650479,0.1388550121016084,0.018479237,12.798025131225586,12.135454,13.288084,1.1526299,,,,,,,,,,369,1.88400939892004E+18,340.689629377874,27.3401116121388,1.1526299,6372358417823039940,340.689504587821,27.3402718693472,0.701493855518545,AIS,0.4323431,GALEX J224245.4+272024,1,251,0,-999,-999,18.7235,0.04601013,-999,-999,117.6526,4.98454,0.05572395,340.55639,27.75619,1914.723,1917.537,,3.488204,3.626822,0,-99,-99,-999,0.13795466349179242,0.17930289585123596,0.10119144392302126,13.108781104148763,12.034262556076978,12.660070467733794,18.320058602000003,1.0745185480717847,-1.4623370916921834
307,583,372,J2253+1134,343.297974,11.569694,-148.4,26.4,4917,46,2.04,0.12,-2.51,0.13,1.76,0.09,2.022,0.121,1,4552,2.38,LAMOST,13.801,0.083,0.063,14.387,13.579,13.846,13.210,11.953,11.410,1.3705923001866088e-05,2718453065572920576,343.29798959122274,0.01493176,11.569686972846204,0.012741413,0.16486340975670885,0.016242133,13.523786544799805,12.864962,14.01204,1.1470785,5880.425,5870.371,5888.8726,3.1371,3.1329,3.14,-0.4901,-0.4904,-0.4898,372,2.71845306557292E+18,343.297989591223,11.5696869728462,1.1470785,6376123076917068313,343.297559214853,11.5701166331465,2.16713136633488,AIS,0.5999904,GALEX J225311.4+113412,1,204.05,204.05,-999,-999,19.32087,0.1080695,-999,-999,67.8658,6.753427,0.08270174,343.77866,11.94179,1950.98,1917.379,,2.012108,2.059835,33,-99,-99,32,0.20568934775946893,0.26683106896894887,0.15034358168784784,13.745208931031051,12.714618418312153,13.318097197040336,18.7221094024,1.0305905127188986,-1.5005154750726444
308,585,373,J2256+0215,344.013794,2.263972,-161.1,42.8,5044,60,1.68,0.09,-2.27,0.12,2.02,0.06,2.426,0.092,1,5004,0.97,LAMOST,12.927,0.061,0.047,13.550,12.763,13.066,12.747,11.238,10.708,4.323132906489489e-05,2655769216183369728,344.0138235556146,0.015827658,2.263939343324877,0.015200225,0.18540694372581623,0.019375868,12.716367721557617,12.076852,13.17919,1.1023378,6069.1655,6004.2773,6084.568,2.9126,2.8852,2.9327,-0.4028,-0.4053,-0.4008,373,2.65576921618337E+18,344.013823555615,2.26393934332488,1.1023378,6376263883124903470,344.013818877714,2.26407795643141,0.499290824161709,AIS,0.5672252,GALEX J225603.3+021550,1,158,158,-999,-999,18.53768,0.05058631,-999,-999,139.6131,6.503232,0.08908927,344.24273,1.74503,1894.57,1948.273,,4.139296,4.142726,17,-99,-99,0,0.22362151776663225,0.28886049118181395,0.16232767501390372,12.890329508818187,11.914524324986097,12.492746203790984,17.892673685200002,0.9758051838320903,-1.166427731266202
309,587,375,J2323+0342,350.806519,3.715153,109.5,19.4,6166,129,4.18,0.05,-2.33,0.12,1.81,0.17,0.275,0.063,0,6224,4.15,LAMOST,14.786,0.068,0.047,14.965,14.603,14.667,14.490,13.639,13.329,0.00033960054690966904,2659767628872956288,350.80685069022843,0.025127463,3.715055649464274,0.019120805,0.7701893851709096,0.030901777,14.625495910644531,14.197498,14.883292,0.6857939,6512.116,6493.1104,6540.3267,4.1799,4.1407,4.2131,-2.5526,-3.2355,-2.1992,375,2.65976762887296E+18,350.806850690228,3.71505564946427,0.6857939,6376158295648897154,350.806689461106,3.71530041529337,1.05447434500326,AIS,0.2523769,GALEX J232313.6+034255,1,212.15,212.15,-999,-999,17.77538,0.02939608,-999,-999,281.74,7.626197,0.06547868,351.05779,3.68517,1907.363,1910.047,,8.353123,8.458112,0,-99,-99,256,0.1769484035242816,0.22095943544006508,0.12132142250540186,14.662332564559936,14.076176577494598,14.44854750712025,17.3013143568,0.5861559870653377,-1.1341954697692271
310,588,376,J2323+2236,350.756409,22.600367,-125.1,32.1,6137,77,4.32,0.02,-2.34,0.10,1.48,0.15,0.127,0.031,0,6250,4.09,LAMOST,13.404,0.060,0.056,13.657,13.244,13.369,13.243,12.270,11.954,0.0001899681475614804,2838297702698014464,350.75662289446313,0.011783215,22.600359491935578,0.009900559,1.7603271315166127,0.016094495,13.26415729522705,12.822065,13.534019,0.7119541,6599.3643,6574.3594,6619.942,4.4023,4.3794,4.4375,-3.2565,-3.3884,-3.0885,376,2.83829770269801E+18,350.756622894463,22.6003594919356,0.7119541,6376017528097869101,350.756468280101,22.6004501831116,0.608814414504059,AIS,0.3047047,GALEX J232301.5+223601,3,303.05,192,21.89768,0.3647707,16.40239,0.01332539,6.323091,2.123829,997.7991,12.24315,0.04996419,351.00517,22.40033,1914.499,1916.893,,29.58309,29.98809,0,0.05873913,0.02201084,0,0.1340768153555623,0.1679162688747131,0.09245944255276661,13.366102731125288,12.729605557447234,13.130080479871488,16.0406492644,0.6364971736780536,-1.3607396597344001
311,589,377,J2325+0346,351.347229,3.772829,33.5,51.2,6200,70,4.01,0.03,-2.18,0.09,1.36,0.10,0.455,0.037,0,6184,4.08,LAMOST,12.791,0.055,0.052,13.103,12.645,13.004,12.716,11.695,11.394,0.00035830545302323156,2659815732506380544,351.347445865599,0.015270537,3.7725418087927487,0.0135809025,1.7810800708239816,0.019655881,12.681306838989258,12.248928,12.942688,0.6937599,6362.3696,6291.01,6428.9253,4.1923,4.1666,4.2177,-1.8841,-2.0847,-1.5688,377,2.65981573250638E+18,351.347445865599,3.77254180879275,0.6937599,6376158295650994519,351.347267230907,3.77291376480623,1.48485696722654,AIS,0.3018997,GALEX J232523.3+034622,3,212.15,212.15,21.20062,0.2432077,15.87694,0.01199104,12.01587,2.690932,1618.913,17.87519,0.05469406,351.05779,3.68517,1907.363,1910.047,,47.9981,48.3732,0,0.1116229,0.1111468,0,0.14735934038354895,0.1842311870781593,0.10129006195466732,12.75845681292184,12.147637938045332,12.53394749860571,15.480955005599998,0.6108188748765091,-1.1706745200865685
312,590,378,J2333+0505,353.356537,5.085501,-136.9,28.2,5035,28,2.05,0.06,-2.43,0.12,2.55,0.09,2.053,0.061,0,5039,1.27,LAMOST,12.258,0.080,0.055,12.876,12.044,12.491,11.899,10.571,9.975,3.1161583331215974e-05,2660208219502547584,353.3565517001337,0.013732994,5.085473992502064,0.010818375,0.3849772380494232,0.015708232,12.086526870727539,11.43507,12.5630455,1.1279755,6000.5044,6000.0894,6002.145,2.9316,2.9153,2.9331,-0.8786,-0.8791,-0.8781,378,2.66020821950255E+18,353.356551700134,5.08547399250206,1.1279755,6376158273100317767,353.356354748825,5.08562043630927,0.881307737878296,AIS,0.3270878,GALEX J233325.5+050508,1,187,187,-999,-999,17.97751,0.03456025,-999,-999,233.8802,7.442872,0.07897134,353.1044,5.29544,1949.922,1964.876,,6.934161,7.044898,0,-99,-99,0,0.19701287159469316,0.25519230572565293,0.14367753698236171,12.307853194274346,11.291392463017639,11.889513999132847,17.4057574984,1.016460731256707,-1.2877641254961354
313,591,379,J2333+1756,353.352356,17.936150,-309.6,24.9,4736,35,1.74,0.12,-3.22,0.11,2.07,0.10,2.257,0.120,1,4827,1.22,LAMOST,14.835,0.108,0.114,15.287,14.545,14.789,14.228,12.766,12.194,2.6666503763176968e-05,2821294236410574080,353.3523736390182,0.018214198,17.936128095497875,0.01277957,0.043237794490114695,0.020790095,14.463033676147461,13.763576,14.995966,1.2323904,,,,,,,,,,379,2.82129423641057E+18,353.352373639018,17.9361280954979,1.2323904,6376017583930346241,353.352376963022,17.9363731590585,0.882302273918051,AIS,0.20531,GALEX J233324.5+175610,1,216.05,216.05,-999,-999,20.87395,0.1540288,-999,-999,16.23378,2.302458,0.0864379,353.39741,17.73559,1927.046,1921.191,,0.4813047,0.4215408,256,-99,-99,0,0.21169735222728897,0.2766925954927619,0.15649525058433525,14.719273404507238,13.607080749415665,14.251336323920173,20.248139604000002,1.1121926550915724,-1.4441463302426794
314,592,380,J2344+0204,356.136780,2.072115,-125.8,22.3,6222,105,4.48,0.04,-2.75,0.21,1.10,0.30,-0.010,0.051,0,5929,3.30,LAMOST,15.194,0.047,0.044,15.712,15.068,15.392,15.150,14.262,13.803,0.00010754460120153694,2646498000994324096,356.13680756936,0.030900087,2.0720124203272112,0.02156674,0.9401648630092586,0.033946313,15.227656364440918,14.771042,15.506629,0.7355871,6136.254,6088.103,6156.6885,4.5471,4.5212,4.6014,-2.4817,-2.4958,-2.4529,380,2.64649800099432E+18,356.13680756936,2.07201242032721,0.7355871,2911720233109558728,356.136730230696,2.072338138774,1.20514512930666,MIS,0.2618758,GALEX J234432.8+020420,1,1578.1,1578.1,-999,-999,18.30609,0.01477226,-999,-999,172.8075,2.350605,0.03538651,356.38937,2.00282,1920.071,1910.676,,5.123455,5.213919,0,-99,-99,0,0.09435223354855916,0.11847923524573614,0.06540595127935066,15.388149764754264,14.705636048720649,15.133304130892359,18.0498916676,0.6825137160336148,-1.6141038510594132
315,595,381,J2347+2851,356.998260,28.858528,-241.3,71.3,4864,39,1.88,0.05,-2.36,0.10,1.78,0.04,2.163,0.051,0,4991,1.27,LAMOST,11.107,0.053,0.076,11.791,10.966,11.188,10.624,9.325,8.753,5.365472589391524e-05,2866981452805072640,356.99831266795616,0.010974874,28.858492890312274,0.009499582,0.4728489489107346,0.017005077,10.867289543151855,10.204917,11.351499,1.1465816,,,,,,,,,,381,2.86698145280507E+18,356.998312667956,28.8584928903123,1.1465816,6376756439638084515,356.997657720552,28.8582242138123,2.28030679196752,AIS,0.5703691,GALEX J234759.4+285129,1,48,0,-999,-999,17.05447,0.04278128,-999,-999,547.2824,21.55934,0.06684153,356.81913,28.30982,1912.313,1906.662,,16.22602,16.50323,1,-99,-99,-999,0.16590807005565228,0.21539193592105219,0.12145705074493704,11.136107064078947,10.083459949255063,10.701381473096204,16.5705373228,1.052647114823884,-1.138958466707102
316,596,382,J2349+3119,357.373352,31.331707,-91.9,43.6,5064,35,2.50,0.04,-2.01,0.09,1.47,0.03,1.613,0.041,0,5483,2.71,LAMOST,12.228,0.143,0.104,12.485,11.846,11.905,11.436,10.322,9.811,9.452483745233519e-05,2868460399023553664,357.3734200818563,0.0105276005,31.33162950366395,0.008524846,0.5802618531868684,0.0149068115,11.889286041259766,11.229742,12.374171,1.1444292,,,,,,,,,,382,2.86846039902355E+18,357.373420081856,31.331629503664,1.1444292,6376756417089506096,357.373466753001,31.3316757017698,0.219673664247422,AIS,0.4242092,GALEX J234929.6+311954,1,201,201,-999,-999,17.59536,0.02776999,-999,-999,332.5493,8.503585,0.131524,356.96014,31.09715,1904.565,1893.341,,9.859537,9.944538,1,-99,-99,256,0.3294368295707287,0.4262113063260901,0.2394582200563875,11.94795969367391,10.990283779943612,11.559849211689038,16.64312624,0.9576759137302986,-1.4710532405067056
317,598,383,J2350+0236,357.744995,2.604288,6.1,71.3,6366,93,4.20,0.02,-2.97,0.08,1.54,0.13,0.311,0.034,0,6402,4.26,LAMOST,12.263,0.045,0.043,12.473,12.143,14.052,11.984,11.188,10.951,0.000762213009212087,2739719922558093440,357.74534588709014,0.017233161,2.6036105337173634,0.011595668,2.481039296262304,0.018753868,12.098531723022461,11.700891,12.33409,0.6331997,6543.631,6525.988,6565.328,4.1955,4.1852,4.2334,-4.0403,-4.1338,-3.6694,383,2.73971992255809E+18,357.74534588709,2.60361053371736,0.6331997,6381013737925509943,357.745046777491,2.60395304963805,1.63631412706554,AIS,0.3212152,GALEX J235058.8+023614,3,219,219,19.7182,0.1062567,14.92609,0.007715933,47.06758,4.605201,3886.535,27.61348,0.03280543,357.93553,2.86276,1920.363,1905.874,,115.2293,113.7408,0,0.4372401,0.468778,0,0.08908894272560786,0.11094509731124637,0.06086643452342878,12.223144902688754,11.64002456547657,12.009442780296853,14.6885786868,0.5831203372121827,-1.2002352281016488
