,,,Name,FeH,Teff,logg,RAdeg,DEdeg,dist_x,SOURCE_ID,RA,ra_error_x,DEC,dec_error_x,parallax_x,parallax_error_x,phot_g_mean_mag_x,phot_rp_mean_mag_x,phot_bp_mean_mag_x,bp_rp_x,mh_gspphot_x,mh_gspphot_lower_x,mh_gspphot_upper_x,Column0,dist_y,ra_y,ra_error_y,dec_y,dec_error_y,parallax,parallax_error_y,Gmag,RPmag,BPmag,BP-RP,mh_gspphot_y,mh_gspphot_lower_y,mh_gspphot_upper_y,MatchID,MatchRA,MatchDEC,dstArcSec,survey,fov_radius,IAUName,band,nuv_exptime,fuv_exptime,fuv_mag,fuv_magerr,nuv_mag,nuv_magerr,fuv_flux,fuv_fluxerr,nuv_flux,nuv_fluxerr,e_bv,ra_cent,dec_cent,xCenter,yCenter,SSAPFitsFile,nuv_flux_auto,nuv_flux_aper_7,nuv_artifact,fuv_flux_auto,fuv_flux_aper_7,fuv_artifact,redG,redBP,redRP,bpDered,rpDered,gDered,NUVDered,bp_rp_dered,colorColorY
0,196,75,52972-1213-507,-2.98,6463, 4.34,139.70791666666668,37.74077777777778,0.00017998669668473617,811812182598263552,139.7079377040665,0.030048858,37.74059277193653,0.0210776,0.46885573836924593,0.039756075,15.634916,15.235967,15.871942,0.6359749,-1.456,-1.4872,-1.4255,75,0.000179986696684736,139.707937704066,0.030048858,37.7405927719365,0.0210776,0.468855738369246,0.039756075,15.634916,15.235967,15.871942,0.6359749,-1.456,-1.4872,-1.4255,6373906501203919028,139.708022210392,37.7407306145743,0.551474890760318,AIS,0.5743884,GALEX J091849.9+374426,1,202,106,-999,-999,18.26666,0.03998476,-999,-999,179.1987,6.597807,0.0125195,139.35887,38.24492,1896.146,2012.28,,5.312946,5.395953,0,-99,-99,0,0.033883203996923746,0.042247621838327185,0.023217763399116513,15.829694378161674,15.212749236600883,15.601032796003077,18.176018820000003,0.6169451415607909,-1.4690406001451386
1,54,34,53327-2044-515,-4.00,5703, 4.68,25.150833333333328,23.749472222222224,0.0001003077089867271,290930261314166528,25.15092450776965,0.03547775,23.74940575968034,0.025970463,1.0662172811637158,0.03695532,15.341982,14.787697,15.7053,0.9176035,-2.4885,-2.4971,-2.4721,37,0.000100307708986727,25.1509245077696,0.03547775,23.7494057596803,0.025970463,1.06621728116372,0.03695532,15.341982,14.787697,15.7053,0.9176035,-2.4885,-2.4971,-2.4721,6377354526718953711,25.1509025276139,23.7495457559765,0.50916432819379,AIS,0.05638215,GALEX J014036.2+234458,1,396.1,396.1,-999,-999,18.96664,0.04263587,-999,-999,94.04645,3.692221,0.1319025,25.13151,23.69603,1955.138,1913.642,,2.788321,2.892466,256,-99,-99,256,0.3447408243652278,0.4374637291096786,0.24252199678245207,15.26783627089032,14.545175003217548,14.997241175634771,18.0116659,0.7226612676727733,-2.0276143398730255
2,194,74,54142-2667-094,-2.96,6456, 3.87,132.90291666666664,10.30088888888889,0.00010476368454172102,598558225898219776,132.90282508309565,0.021484176,10.30084122890959,0.012423401,0.42221293008586147,0.028655577,14.991313,14.563801,15.253571,0.68976974,-1.9157,-2.1381,-1.6163,74,0.000104763684541721,132.902825083096,0.021484176,10.3008412289096,0.012423401,0.422212930085861,0.028655577,14.991313,14.563801,15.253571,0.68976974,-1.9157,-2.1381,-1.6163,3797205325469188198,132.902873541397,10.3011699892778,1.19591815424295,MIS,0.5883073,GALEX J085136.6+101804,1,1594.05,0,-999,-999,18.01143,0.01243128,-999,-999,226.6869,2.59485,0.05419441,132.79959,10.88065,1904.025,2032.943,,6.72089,6.803835,9,-99,-99,-999,0.14610948397509296,0.18261281481664027,0.10037878269100774,15.070958185183361,14.463422217308992,14.845203516024906,17.6190624716,0.6075359678743695,-1.321234319583402
3,188,70,BD +03 740,-2.70,6485, 4.31,75.31916666666666,4.110305555555555,0.001024607677159019,3238602707819688064,75.31995300548486,0.020217475,4.109633758513785,0.01171548,5.893217343286422,0.025758335,9.65662,9.256126,9.884575,0.6284485,-2.4722,-3.7684,-2.1274,70,0.00102460767715902,75.3199530054849,0.020217475,4.10963375851378,0.01171548,5.89321734328642,0.025758335,9.65662,9.256126,9.884575,0.6284485,-2.4722,-3.7684,-2.1274,6381858136012095722,75.3197568180354,4.10935712111773,1.21986412717249,AIS,0.4428472,GALEX J050116.7+040633,3,191,190,17.43194,0.04963874,13.14334,0.003972065,386.567,17.66915,20075.42,73.42623,0.04751251,75.12449,4.5071,1939.717,1925.015,,595.203,542.4392,1,3.591061,3.578265,0,0.1294148674437758,0.1609816284774499,0.08819073924657858,9.72359337152255,9.167935260753422,9.527205132556224,12.799349427600001,0.5556581107691283,-0.4690482923993331
4,463,153,BD +17 3248,-2.17,5240, 2.72,262.06041666666664,17.50997222222222,0.0003600620797944833,4553184509407224576,262.06006569099804,0.009418723,17.509858255464035,0.009741847,1.2356886079783966,0.012943278,9.130475,8.553318,9.518049,0.9647312,,,,153,0.000360062079794483,262.060065690998,0.009418723,17.509858255464,0.009741847,1.2356886079784,0.012943278,9.130475,8.553318,9.518049,0.9647312,NaN,NaN,NaN,6375384173964691856,262.060096210871,17.5097335126322,0.461136235871059,AIS,0.265376,GALEX J172814.4+173035,1,135,135,-999,-999,14.1952,0.007436133,-999,-999,7619.41,52.17214,0.05960806,262.33723,17.53388,1966.571,1972.378,,225.9029,221.8683,0,-99,-99,0,0.15288114585932722,0.19544373271357515,0.10920134808144757,9.322605267286425,8.444116651918554,8.977593854140673,13.7636376456,0.8784886153678713,-1.0770133542911644
5,464,154,BD +23 3130,-2.52,5262, 2.76,263.17333333333335,23.736583333333336,0.0014504631279293378,4569481097095820032,263.171820830984,0.007028243,23.73617110791016,0.009353799,3.4088994596801037,0.011847642,8.718404,8.156107,9.089166,0.93305874,,,,154,0.00145046312792934,263.171820830984,0.007028243,23.7361711079102,0.009353799,3.4088994596801,0.011847642,8.718404,8.156107,9.089166,0.93305874,NaN,NaN,NaN,6375349058312080722,263.173077412477,23.7365134639024,4.32054156026531,AIS,0.3005105,GALEX J173241.5+234411,1,271.1,172,-999,-999,13.40586,0.003466599,-999,-999,15763.54,50.31849,0.06419398,262.84679,23.70378,1933.182,1932.231,,467.3629,449.5719,2,-99,-99,256,0.16571551175940155,0.2112402333160193,0.11777654793471645,8.877925766683981,8.038330452065283,8.552688488240598,12.941095584800001,0.8395953146186983,-1.2346779602215374
6,470,159,BD -18 5550,-3.20,4558, 0.81,299.7070833333333,-18.203027777777777,0.0005155236034506464,6867802519062194560,299.7072913210459,0.023299903,-18.203500277300126,0.015771594,1.9719504714382503,0.020387536,8.926519,8.197106,9.486404,1.289298,0.2912,0.2756,0.298,159,0.000515523603450646,299.707291321046,0.023299903,-18.2035002773001,0.015771594,1.97195047143825,0.020387536,8.926519,8.197106,9.486404,1.289298,0.2912,0.2756,0.298,6379606400620824539,299.70722918871,-18.202991887171,1.84249752886512,AIS,0.2209699,GALEX J195849.7-181210,1,107,107,-999,-999,15.08572,0.01238984,-999,-999,3355.16,38.278,0.1931025,299.92074,-18.2908,1938.849,1924.84,,99.47493,99.27976,0,-99,-99,0,0.47460428808379834,0.6200105481285261,0.3497673879704524,8.866393451871474,7.847338612029548,8.451914711916203,13.6876579,1.0190548398419264,-1.8627175589725224
7,394,124,BS 16023-046,-2.83,6571, 4.25,210.2270833333333,22.778416666666665,0.0003776447456805282,1256787527655339520,210.2267713340548,0.0138121685,22.77817679876337,0.011626536,0.9674287644328745,0.01843676,14.052066,13.677703,14.271985,0.59428215,-2.8933,-3.8791,-2.3254,124,0.000377644745680528,210.226771334055,0.0138121685,22.7781767987634,0.011626536,0.967428764432875,0.01843676,14.052066,13.677703,14.271985,0.59428215,-2.8933,-3.8791,-2.3254,6378550832953036566,210.226923608766,22.7783563301934,0.820479114916764,AIS,0.4446474,GALEX J140054.4+224642,3,120,120,22.23594,0.5370728,16.7417,0.02350674,4.630467,2.289961,729.9917,15.80085,0.01800827,210.37982,22.35672,1960.907,1941.597,,21.64304,22.10347,1,0.04301529,-0.005740205,0,0.049147313901944586,0.061053753797947544,0.03345104893616093,14.210931246202053,13.644251951063838,14.002918686098056,16.611320125200002,0.5666792951382149,-1.1241612931983944
8,353,108,BS 16076-006,-3.51,5566, 3.32,192.095,20.945555555555554,0.0003114680302052152,3954415903126795136,192.09467460493536,0.017371757,20.9455060196751,0.012491216,0.6003574404721866,0.0213697,13.323587,12.794673,13.668008,0.8733349,,,,108,0.000311468030205215,192.094674604935,0.017371757,20.9455060196751,0.012491216,0.600357440472187,0.0213697,13.323587,12.794673,13.668008,0.8733349,NaN,NaN,NaN,6378726784876153745,192.094920666472,20.945573606426,0.862325156241487,AIS,0.3403891,GALEX J124822.7+205644,1,264,106,-999,-999,17.1905,0.01985839,-999,-999,482.837,8.829064,0.03107206,192.45473,20.89166,1893.913,1920.785,,14.31532,14.4702,0,-99,-99,0,0.08073146448970597,0.10255715295816627,0.05710785069466403,13.565450847041834,12.737565149305336,13.242855535510294,16.9655382856,0.8278856977364981,-1.7393057496872366
9,310,96,BS 16077-007,-2.77,6486, 4.31,173.825,31.00658333333333,0.00047085446990876006,4024258569645322112,173.8247826721153,0.011773543,31.006148983630187,0.012550495,2.3365700252563846,0.015393687,12.277208,11.900658,12.494624,0.5939665,-3.4064,-3.8142,-2.8528,96,0.00047085446990876,173.824782672115,0.011773543,31.0061489836302,0.012550495,2.33657002525638,0.015393687,12.277208,11.900658,12.494624,0.5939665,-3.4064,-3.8142,-2.8528,6374821272331750762,173.825165622348,31.0063048740668,1.3081302550516,AIS,0.4252124,GALEX J113518.0+310022,3,95,95,19.56411,0.1762327,14.97673,0.01172447,54.24482,8.802682,3709.446,40.04721,0.02228341,173.83953,30.58127,1918.319,1912.51,,109.9789,107.9075,0,0.5039139,0.4689851,0,0.06085576087072301,0.07558046765420298,0.04139570771152723,12.419043532345796,11.859262292288474,12.216352239129277,14.8153981116,0.5597812400573225,-1.100387948772596
10,459,149,BS 16080-054,-2.94,4902, 1.75,249.8270833333333,60.96183333333334,5.7366214610156367e-05,1624605949904837888,249.8271965923708,0.0106404,60.961851662881195,0.010253538,0.19696582570957588,0.010581537,12.5122595,11.87827,12.964009,1.0857391,,,,149,5.73662146101564E-05,249.827196592371,0.0106404,60.9618516628812,0.010253538,0.196965825709576,0.010581537,12.5122595,11.87827,12.964009,1.0857391,NaN,NaN,NaN,6371021315046900717,249.827268824643,60.9618448392369,0.128587697642995,AIS,0.2732042,GALEX J163918.5+605742,1,155,155,-999,-999,18.4407,0.04874404,-999,-999,152.6577,6.851892,0.03173433,249.94364,61.2292,1866.5,1923.965,,4.526049,4.570139,0,-99,-99,0,0.07929145636359469,0.10257199580263852,0.057772922324386695,12.861437004197363,11.820497077675613,12.432968043636405,18.2109434508,1.0409399265217498,-1.067425571591376
11,462,151,BS 16080-093,-3.23,4945, 1.85,252.65958333333327,59.218472222222225,3.72085084557609e-05,1431791605128552704,252.65956178078218,0.009892881,59.218512352972375,0.011926167,0.12857872579200977,0.011841787,13.346966,12.738003,13.778048,1.0400448,,,,151,3.72085084557609E-05,252.659561780782,0.009892881,59.2185123529724,0.011926167,0.12857872579201,0.011841787,13.346966,12.738003,13.778048,1.0400448,NaN,NaN,NaN,6371021339742968515,252.659911064781,59.218553701643,0.66049698065425,AIS,0.6019043,GALEX J165038.3+591306,1,332,239,-999,-999,18.67542,0.05627563,-999,-999,122.9791,6.372677,0.01605958,252.97347,58.63881,1912.846,1847.428,,3.646127,3.726951,185,-99,-99,32,0.04038237040531025,0.052070946070361786,0.02928677816019315,13.725977053929638,12.708716221839808,13.306583629594689,18.5591486408,1.0172608320898302,-1.4000127677838963
12,373,117,BS 16082-129,-2.84,4868, 1.67,206.79874999999996,28.963083333333334,5.211963294963381e-06,1455239343425565568,206.79874726174288,0.009738296,28.963082168322984,0.008512572,0.16835179435668385,0.013307849,13.237429,12.629142,13.665744,1.036602,,,,117,5.21196329496338E-06,206.798747261743,0.009738296,28.963082168323,0.008512572,0.168351794356684,0.013307849,13.237429,12.629142,13.665744,1.036602,NaN,NaN,NaN,6379324886989410688,206.798943937738,28.9631218993825,0.635778950720074,AIS,0.5779346,GALEX J134711.7+285747,1,276.05,64,-999,-999,18.55803,0.03696965,-999,-999,137.0217,4.664499,0.01488603,207.41241,28.75023,1947.405,1925.568,,4.062467,4.134952,0,-99,-99,0,0.03744936320065122,0.0482773129162211,0.027150128380768617,13.617466687083779,12.601991871619232,13.19997963679935,18.4502551428,1.0154748154645468,-1.3877601577195549
13,454,146,BS 16084-160,-3.20,4727, 1.27,247.2116666666666,54.61855555555556,3.808464657773875e-05,1428413836688212992,247.21162278092356,0.012571184,54.61858800712499,0.014193274,0.09109633063843964,0.013741718,12.865033,12.199838,13.356646,1.1568079,,,,146,3.80846465777387E-05,247.211622780924,0.012571184,54.618588007125,0.014193274,0.0910963306384396,0.013741718,12.865033,12.199838,13.356646,1.1568079,NaN,NaN,NaN,6371021398798767980,247.211924060428,54.618674803034,0.701444310197235,AIS,0.5019097,GALEX J162850.8+543707,1,295,203,-999,-999,19.14876,0.0413832,-999,-999,79.52348,3.030328,0.01009579,246.83339,54.16774,1947.4,1724.008,,2.357739,2.322219,0,-99,-99,0,0.024825732330610584,0.0323589092317357,0.01830303177475492,13.324287090768264,12.181534968225245,12.84020726766939,19.0756664804,1.142752122543019,-1.2172553161296253
14,352,107,BS 16085-050,-3.16,4910, 1.76,189.44458333333333,19.38041666666667,8.709711140658335e-05,3948292486649393920,189.4445033886183,0.021257767,19.38037943341106,0.019595174,0.26863477818956166,0.028628537,11.895555,11.278393,12.332395,1.0540018,,,,107,8.70971114065833E-05,189.444503388618,0.021257767,19.3803794334111,0.019595174,0.268634778189562,0.028628537,11.895555,11.278393,12.332395,1.0540018,NaN,NaN,NaN,3230033247598549002,189.444686247142,19.3804778390605,0.714932270810178,GII,0.1357379,GALEX J123746.7+192249,1,1512.25,0,-999,-999,17.4946,0.01025304,-999,-999,364.887,3.444936,0.02370651,189.31733,19.31735,1920.894,1919.188,,10.81829,11.01205,0,-99,-99,-999,0.05951798802677881,0.07680944141139946,0.04321309002303294,12.255585558588601,11.235179909976967,11.836037011973222,17.3229648676,1.020405648611634,-1.205226848375621
15,371,116,BS 16467-062,-3.80,5310, 2.80,205.50249999999997,17.81136111111111,4.438520695199276e-05,1247612343640067840,205.50255091591455,0.012842799,17.81135813019563,0.010607795,0.26066271030202803,0.019579163,13.887082,13.33993,14.249533,0.9096031,,,,116,4.43852069519928E-05,205.502550915915,0.012842799,17.8113581301956,0.010607795,0.260662710302028,0.019579163,13.887082,13.33993,14.249533,0.9096031,NaN,NaN,NaN,6378656353854948139,205.502524422076,17.8114644036919,0.393213345211625,AIS,0.5095456,GALEX J134200.6+174841,1,96,96,-999,-999,17.98253,0.04891291,-999,-999,232.8032,10.48534,0.01769849,205.05337,18.08906,1874.765,1941.485,,6.902229,6.915986,0,-99,-99,0,0.045595137544602767,0.0581345929251348,0.032467582710243824,14.191398407074864,13.307462417289758,13.841486862455397,17.8543929324,0.8839359897851065,-1.7782730012031918
16,433,134,BS 16477-003,-3.39,4879, 1.66,218.23708333333332,6.768611111111111,9.075976732136829e-05,1172129633442521728,218.23717101095664,0.021008264,6.768572498107633,0.014514044,0.09713359352307877,0.022277074,13.945392,13.325983,14.386424,1.060441,-1.9733,-2.0554,-1.9286,134,9.07597673213683E-05,218.237171010957,0.021008264,6.76857249810763,0.014514044,0.0971335935230788,0.022277074,13.945392,13.325983,14.386424,1.060441,-1.9733,-2.0554,-1.9286,2932936409479128796,218.23707851827,6.76849503031901,0.432559473001388,MIS,0.5894713,GALEX J143256.9+064606,1,1489.05,1489.05,-999,-999,19.27008,0.02892444,-999,-999,71.11625,1.894105,0.02713684,218.10246,6.1944,1925.308,1934.633,,2.108479,2.135031,1,-99,-99,256,0.06808030540008088,0.08789367029838574,0.0494558907013371,14.298530329701615,13.276527109298664,13.87731169459992,19.0736092784,1.0220032204029508,-1.5148036542191807
17,309,94,BS 16545-089,-3.44,6486, 3.82,171.11458333333334,36.84133333333334,0.00017781590916656466,760839819965612928,171.11471668713355,0.016474083,36.84118623889912,0.023240073,0.6443387822729668,0.02374807,14.317917,13.946575,14.537282,0.5907068,-3.3602,-3.9075,-3.1781,94,0.000177815909166565,171.114716687134,0.016474083,36.8411862388991,0.023240073,0.644338782272967,0.02374807,14.317917,13.946575,14.537282,0.5907068,-3.3602,-3.9075,-3.1781,6374645366577431144,171.114798660111,36.84136331434,0.679813632816737,AIS,0.3638652,GALEX J112427.5+365028,3,96,96,21.31149,0.3773297,16.99014,0.03222642,10.84938,3.769607,580.6911,17.23167,0.01961652,171.30152,37.17327,1832.214,1920.097,,17.21653,17.59048,0,0.1007866,0.122527,0,0.05358363605836711,0.06653983243996674,0.03644411422190952,14.470742167560033,13.91013088577809,14.264333363941633,16.8481163952,0.5606112817819433,-1.1137739363826293
18,349,104,BS 16920-017,-3.40,4851, 1.58,181.82,41.65902777777777,0.00011309320581916002,1537068675256686208,181.8201377655218,0.009949539,41.65897637087116,0.008961638,0.1474857950350013,0.0146159185,13.601517,12.971345,14.053514,1.0821686,,,,104,0.00011309320581916,181.820137765522,0.009949539,41.6589763708712,0.008961638,0.147485795035001,0.0146159185,13.601517,12.971345,14.053514,1.0821686,NaN,NaN,NaN,6374680531620073586,181.820195152052,41.6590457152313,0.293501436501043,AIS,0.4954571,GALEX J120716.8+413932,1,103,96,-999,-999,19.1569,0.08394162,-999,-999,78.92973,6.100819,0.01394175,181.91092,41.16828,1905.004,1926.509,,2.340136,2.364113,4,-99,-99,0,0.034775993648144515,0.04501373306954739,0.02537209436924551,14.008500266930453,12.945972905630754,13.566741006351855,19.05596173,1.0625273612996988,-1.4519831184480418
19,357,110,BS 16929-005,-3.34,5229, 2.61,195.87291666666667,33.85252777777778,0.00013849915140293147,1467915131946458496,195.87275441257793,0.012152569,33.85254921054871,0.0070554647,0.3213386925577061,0.015346637,13.434469,12.880704,13.803166,0.92246246,,,,110,0.000138499151402931,195.872754412578,0.012152569,33.8525492105487,0.0070554647,0.321338692557706,0.015346637,13.434469,12.880704,13.803166,0.92246246,NaN,NaN,NaN,6374891612082802391,195.872769394807,33.8525805940165,0.12153581263999,AIS,0.5557207,GALEX J130329.4+335109,1,110,110,-999,-999,17.65426,0.03757488,-999,-999,314.9894,10.89843,0.01220302,196.41984,33.53376,1932.297,1903.733,,9.338915,9.527126,1,-99,-99,256,0.03134004185357153,0.04001290525827893,0.022370607308143296,13.763153094741721,12.858333392691856,13.403128958146429,17.5659101352,0.9048197020498652,-1.7498869281241243
20,441,136,BS 16968-061,-2.85,6343, 3.82,225.27541666666664,3.7126388888888893,0.0002329379322637091,1154852693702722432,225.2752816844451,0.0143693285,3.712455377587835,0.0127676185,1.0146830429952876,0.015920594,13.139238,12.709812,13.397821,0.68800926,-1.9176,-2.1515,-1.5571,136,0.000232937932263709,225.275281684445,0.0143693285,3.71245537758784,0.0127676185,1.01468304299529,0.015920594,13.139238,12.709812,13.397821,0.68800926,-1.9176,-2.1515,-1.5571,2430257285448079936,225.275679713622,3.71270478748019,1.68842792076772,MIS,0.3345776,GALEX J150106.1+034245,3,2314.1,1530.1,21.51374,0.1202433,16.13848,0.004280344,9.005453,0.9970949,1272.359,5.014856,0.04871485,224.9417,3.68327,1933.735,1905.472,,37.72333,37.20172,0,0.08365726,0.0808365,0,0.1312755039418387,0.16409324004631498,0.0902266457233777,13.233727759953686,12.619585354276621,13.007962496058163,15.785784486,0.6141424056770646,-1.3453791509009196
21,518,189,BS 17569-049,-2.84,4645, 1.09,331.2433333333333,4.0255833333333335,0.0001689811239878144,2683999280305939200,331.2431710063001,0.013446696,4.025575825585065,0.018043477,0.10565377457817021,0.015783641,13.049007,12.361877,13.570265,1.2083874,,,,189,0.000168981123987814,331.2431710063,0.013446696,4.02557582558507,0.018043477,0.10565377457817,0.015783641,13.049007,12.361877,13.570265,1.2083874,NaN,NaN,NaN,3213039195879643459,331.243410623185,4.02575067339912,1.06614128428953,GII,0.2473483,GALEX J220458.4+040132,1,1561.7,0,-999,-999,19.75705,0.02687571,-999,-999,45.41302,1.123855,0.03886499,331.1278,3.80694,1798.792,1905.364,,1.346421,1.374641,0,-99,-99,-999,0.09501763363052461,0.1242425048357603,0.07034152869353334,13.44602249516424,12.291535471306467,12.953989366369475,19.475667472399998,1.1544870238577722,-1.0775051826755213
22,4,3,BS 17570-063,-2.95,6233, 4.46,5.150833333333332,23.793805555555558,0.0002739276035966129,2801174135693760256,5.151060058091733,0.03621128,23.793619673911923,0.02672709,0.915247824796794,0.05116046,14.358122,13.935418,14.612659,0.6772413,-2.0152,-2.2298,-1.824,3,0.000273927603596613,5.15106005809173,0.03621128,23.7936196739119,0.02672709,0.915247824796794,0.05116046,14.358122,13.935418,14.612659,0.6772413,-2.0152,-2.2298,-1.824,6375982315808489648,5.15096179141791,23.794032097313,1.5195993854616,AIS,0.5201142,GALEX J002036.2+234738,3,222,222,22.35499,0.4011778,17.24691,0.02248935,4.149615,1.532904,458.3922,9.492581,0.03914537,5.27514,24.30163,1909.16,1920.552,,13.59057,13.75225,1,0.03854836,0.03804307,0,0.10555111109257644,0.13188277406369012,0.07251934613157071,14.48077622593631,13.86289865386843,14.252570888907423,16.9634975212,0.6178775720678811,-1.410828697241226
23,499,180,BS 17583-100,-2.53,5950, 3.66,325.6158333333333,26.67652777777778,0.00037750418252727424,1800455375724578304,325.6162532915262,0.010529388,26.676449534653447,0.010406051,1.5551670351120923,0.017580349,12.161962,11.665088,12.479951,0.8148632,,,,180,0.000377504182527274,325.616253291526,0.010529388,26.6764495346534,0.010406051,1.55516703511209,0.017580349,12.161962,11.665088,12.479951,0.8148632,NaN,NaN,NaN,6372323205533665141,325.616084840226,26.6764196061255,0.552482074358632,AIS,0.4112426,GALEX J214227.8+264035,1,318.05,0,-999,-999,15.77559,0.01028814,-999,-999,1777.304,16.83715,0.09462189,326.02887,26.85888,1930.713,1923.812,,52.69412,52.53344,0,-99,-99,-999,0.2507393307621333,0.3160268757076216,0.17455620977410244,12.163924124292379,11.490531790225898,11.911222669237867,15.0905275164,0.6733923340664809,-1.4484846550321269
24,538,204,CD -24 17504,-3.38,6236, 3.70,346.83416666666665,-23.876555555555555,0.0014512388385168715,2383484851010749568,346.8353792880045,0.016305031,-23.877492651911783,0.01595848,3.19565952233835,0.019039024,11.983325,11.58817,12.212374,0.6242037,-4.038,-4.0893,-3.8678,204,0.00145123883851687,346.835379288005,0.016305031,-23.8774926519118,0.01595848,3.19565952233835,0.019039024,11.983325,11.58817,12.212374,0.6242037,-4.038,-4.0893,-3.8678,6388085746249503547,346.835071631678,-23.8766669059948,3.14047244758768,AIS,0.5898744,GALEX J230720.4-235236,3,215.05,215.05,19.60048,0.1562819,14.73581,0.01026231,52.45778,7.548988,4630.997,43.76124,0.02856633,346.57093,-24.41505,1884.511,1889.757,,137.3014,134.3194,161,0.487313,0.5051308,32,0.07765678457621893,0.09665700242995048,0.053014883649531434,12.11571699757005,11.535155116350468,11.905668215423782,14.5289897708,0.5805618812195821,-1.2279874571272833
25,23,15,CD -38 245,-4.15,4857, 1.54,11.650833333333333,-37.659305555555555,7.194426210160684e-05,5000753194373767424,11.650900046791078,0.011356527,-37.65935453727966,0.01202424,0.22905624022301235,0.016046906,11.685451,11.0388,12.15544,1.1166401,,,,15,7.19442621016068E-05,11.6509000467911,0.011356527,-37.6593545372797,0.01202424,0.229056240223012,0.016046906,11.685451,11.0388,12.15544,1.1166401,NaN,NaN,NaN,6384532108560305316,11.6507012561664,-37.6593414596174,0.5684992927635,AIS,0.2597962,GALEX J004636.1-373933,1,178.05,178.05,-999,-999,17.58553,0.0305477,-999,-999,335.5751,9.43927,0.01172912,11.91184,-37.81697,1898.069,1937.707,,9.949245,10.1982,2,-99,-99,256,0.029062930573994707,0.037739762309315465,0.021308055206209816,12.117700237690684,11.01749194479379,11.656388069426006,17.5006111712,1.1002082928968946,-1.3361937326298161
26,182,67,CS 22169-035,-2.95,4654, 1.10,63.057916666666664,-12.084750000000001,4.6764367888392284e-05,3189438526418585728,63.05787558469234,0.009885708,-12.084765014089134,0.009380686,0.19267370027871555,0.0137293115,12.576918,11.8799715,13.111521,1.2315493,,,,67,4.67643678883923E-05,63.0578755846923,0.009885708,-12.0847650140891,0.009380686,0.192673700278716,0.0137293115,12.576918,11.8799715,13.111521,1.2315493,NaN,NaN,NaN,6377495301788273235,63.0577197374884,-12.0846197596034,0.757905994170293,AIS,0.3310907,GALEX J041213.8-120504,1,109,109,-999,-999,19.79724,0.1168199,-999,-999,43.76274,4.707513,0.04302414,62.81225,-12.31277,1918.75,1946.074,,1.297493,1.2431,0,-99,-99,0,0.10479216696197409,0.1372879706949953,0.07778698503559438,12.974233029305005,11.802184514964406,12.472125833038024,19.4857452264,1.1720485143405988,-0.7094881168138922
27,143,58,CS 22172-002,-3.77,4893, 1.68,48.586666666666666,-10.586472222222223,0.0002262252545020103,5165882351758796544,48.58689645067388,0.014303205,-10.586524654273342,0.015318792,0.22538104591351066,0.019729,12.450738,11.7871475,12.936406,1.1492586,-2.433,-2.5328,-2.3157,58,0.00022622525450201,48.5868964506739,0.014303205,-10.5865246542733,0.015318792,0.225381045913511,0.019729,12.450738,11.7871475,12.936406,1.1492586,-2.433,-2.5328,-2.3157,6380873018688670587,48.5868676272013,-10.5864703880881,0.220382630532091,AIS,0.5974194,GALEX J031420.8-103511,1,112,112,-999,-999,18.14665,0.0556436,-999,-999,200.143,10.25477,0.07196297,48.21964,-11.06272,1892.625,1970.467,,5.933908,6.007943,33,-99,-99,32,0.1786526003862448,0.23193127652240741,0.1307662481028223,12.704474723477592,11.656381251897177,12.272085399613754,17.6256380972,1.0480934715804153,-1.6377074680726995
28,42,27,CS 22174-007,-2.39,5265, 2.78,18.527083333333334,-11.043166666666666,0.00017798190567519463,2469079395987434880,18.52710492000634,0.017259577,-11.043343278449424,0.012238232,0.5099110050468,0.017111825,12.168183,11.589953,12.568338,0.978385,-0.6995,-0.7,-0.6981,27,0.000177981905675195,18.5271049200063,0.017259577,-11.0433432784494,0.012238232,0.5099110050468,0.017111825,12.168183,11.589953,12.568338,0.978385,-0.6995,-0.7,-0.6981,6380485939056086073,18.5269962638909,-11.043120945076,0.887712829381185,AIS,0.3905236,GALEX J011406.4-110235,1,104,104,-999,-999,17.08988,0.02903793,-999,-999,529.722,14.16393,0.02672662,18.25095,-11.3245,1983.013,1929.556,,15.70538,16.06065,0,-99,-99,0,0.06807039778179999,0.08726051632452266,0.048892187127773934,12.481077483675477,11.541060812872226,12.100112602218202,16.8963792712,0.9400166708032511,-1.3819120890211325
29,181,66,CS 22177-009,-2.98,6423, 4.37,61.919166666666655,-25.045527777777778,0.00040305957097976135,4890881265153979904,61.9194799312312,0.0077847233,-25.0458213027898,0.012437577,1.2188548573298557,0.017022602,14.125621,13.714164,14.370159,0.65599537,-3.7773,-4.0965,-3.3513,66,0.000403059570979761,61.9194799312312,0.0077847233,-25.0458213027898,0.012437577,1.21885485732986,0.017022602,14.125621,13.714164,14.370159,0.65599537,-3.7773,-4.0965,-3.3513,6381576627747291569,61.9195306247868,-25.0456206694033,0.740962138220829,AIS,0.4695357,GALEX J040740.6-250244,1,107,107,-999,-999,16.99573,0.02728711,-999,-999,577.7084,14.51565,0.04401429,61.63181,-24.65536,2016.917,1908.497,,17.1281,17.51232,256,-99,-99,0,0.11922454290161415,0.14867054493681836,0.08161059934095004,14.22148845506318,13.63255340065905,14.006396457098386,16.6770665404,0.5889350544041303,-1.2766323132268491
30,38,24,CS 22183-031,-3.17,5202, 2.54,17.271249999999995,-4.722527777777778,0.00012010068632054394,2482988183718639872,17.271304074356053,0.015506432,-4.722637076038859,0.0119013265,0.343484150453018,0.01813146,13.38257,12.80999,13.770012,0.960022,,,,24,0.000120100686320544,17.2713040743561,0.015506432,-4.72263707603886,0.0119013265,0.343484150453018,0.01813146,13.38257,12.80999,13.770012,0.960022,NaN,NaN,NaN,6380345220895081663,17.2711205799931,-4.72257225696141,0.698469216928308,AIS,0.1723585,GALEX J010905.0-044321,1,106,106,-999,-999,17.92827,0.04755229,-999,-999,244.7318,10.71598,0.03940764,17.39827,-4.60575,1933.916,1920.641,,7.255892,7.2814,0,-99,-99,0,0.10088139033807553,0.12904043013885852,0.07217275074363425,13.640971569861142,12.737817249256366,13.281688609661924,17.6429586864,0.9031543206047754,-1.6101143975310395
31,183,68,CS 22186-025,-3.07,4871, 1.66,66.13666666666667,-37.15072222222222,1.1890791744119073e-05,4865951797498979840,66.13667449849282,0.010363526,-37.15071502834316,0.011445557,0.0896916973179997,0.012904855,13.979999,13.359671,14.421224,1.061553,,,,68,1.18907917441191E-05,66.1366744984928,0.010363526,-37.1507150283432,0.011445557,0.0896916973179997,0.012904855,13.979999,13.359671,14.421224,1.061553,NaN,NaN,NaN,6385622868118473758,66.136526903684,-37.1508201555497,0.567967440029426,AIS,0.4716286,GALEX J042432.7-370902,1,109.05,109.05,-999,-999,19.6235,0.1040929,-999,-999,51.35698,4.922556,0.0282616,65.58833,-37.32962,1916.458,1903.266,,1.522649,1.503627,0,-99,-99,0,0.07089811303697527,0.09153524692167103,0.05150469346873552,14.32968875307833,13.308166306531264,13.909100886963024,19.418886016,1.0215224465470651,-1.2010088865559245
32,128,51,CS 22189-009,-3.48,4944, 1.83,40.42666666666666,-13.469583333333333,0.00011329398091063275,5170309947645049728,40.42656602857512,0.0109889945,-13.469632841957946,0.013933517,0.13605534709432202,0.0169203,13.790548,13.164401,14.234595,1.0701942,,,,51,0.000113293980910633,40.4265660285751,0.0109889945,-13.4696328419579,0.013933517,0.136055347094322,0.0169203,13.790548,13.164401,14.234595,1.0701942,NaN,NaN,NaN,6380872969296544916,40.4263052993331,-13.4696487411938,0.914599716113357,AIS,0.5167748,GALEX J024142.3-132810,1,108,0,-999,-999,19.3991,0.1005142,-999,-999,63.14782,5.844615,0.02492229,39.91792,-13.31975,1945.499,1929.915,,1.872228,1.837242,1,-99,-99,-999,0.0623936380829146,0.08063029984735921,0.045396037649300815,14.153964700152642,13.119004962350699,13.728154361917085,19.2186626204,1.0349597378019428,-1.2991236753126278
33,457,147,CS 22872-102,-2.94,5911, 3.60,247.33624999999998,-3.082388888888889,0.00047699299245735916,4357734467757548288,247.33614591940207,0.012901682,-3.0828487740671564,0.007468779,2.2544641190464194,0.0165909,13.394995,12.835384,13.768884,0.93349934,-3.9416,-4.1041,-3.6627,147,0.000476992992457359,247.336145919402,0.012901682,-3.08284877406716,0.007468779,2.25446411904642,0.0165909,13.394995,12.835384,13.768884,0.93349934,-3.9416,-4.1041,-3.6627,6382913700458663614,247.336237912133,-3.08255746436113,1.09961900268703,AIS,0.5672854,GALEX J162920.7-030457,1,241,193,-999,-999,17.27562,0.02382908,-999,-999,446.4288,9.79557,0.3023113,247.30001,-3.64869,1937.151,1931.71,,13.23587,13.41128,257,-99,-99,256,0.8078277454215157,1.01751605758878,0.5572318483433921,12.75136794241122,12.278152151656608,12.587167254578484,15.086886188,0.47321579075461173,-1.3840114519049767
34,468,158,CS 22873-055,-2.99,4551, 0.82,298.4575,-59.66672222222222,0.00010408874265576892,6446949909360040320,298.45730044315377,0.010550724,-59.66672582103699,0.009421827,0.24318735810478456,0.01410298,12.319626,11.59766,12.88363,1.2859697,,,,158,0.000104088742655769,298.457300443154,0.010550724,-59.666725821037,0.009421827,0.243187358104785,0.01410298,12.319626,11.59766,12.88363,1.2859697,NaN,NaN,NaN,6383863624817971214,298.457406001563,-59.6666420549315,0.357448081231345,AIS,0.4533544,GALEX J195349.7-593959,1,191,191,-999,-999,19.53263,0.07520933,-999,-999,55.84007,3.867122,0.08563755,299.20215,-59.92187,1926.547,1919.723,,1.655565,1.756212,17,-99,-99,0,0.2076329421779929,0.2727476036413312,0.15461661373086313,12.610882396358669,11.443043386269137,12.111993057822007,18.912614138000002,1.1678390100895317,-0.9979654275819536
35,458,148,CS 22878-027,-2.51,6319, 4.41,249.39958333333328,10.368833333333335,0.000383541232061401,4446665716995846400,249.39933301787627,0.0120348735,10.36854822854431,0.008864563,1.265272186995568,0.019450082,14.26893,13.825487,14.537096,0.7116089,,,,148,0.000383541232061401,249.399333017876,0.0120348735,10.3685482285443,0.008864563,1.26527218699557,0.019450082,14.26893,13.825487,14.537096,0.7116089,NaN,NaN,NaN,6375700927802773612,249.399326989576,10.3686989346786,0.542961902595102,AIS,0.4498903,GALEX J163735.8+102207,1,137,137,-999,-999,17.33127,0.02896286,-999,-999,424.1223,11.31104,0.06692199,249.43472,9.92016,1980.492,1887.789,,12.57452,12.87129,1,-99,-99,0,0.18003102397717188,0.22527473339564144,0.12387988699455979,14.311821266604358,13.70160711300544,14.088898976022827,16.8467547924,0.6102141535989176,-1.388567205992965
36,460,150,CS 22878-101,-3.31,4796, 1.44,251.3808333333333,8.245972222222221,0.00017502064713827695,4445232430567438592,251.3810157979963,0.012015584,8.245969628306861,0.008888879,0.11026174393404287,0.016316805,13.4307785,12.754024,13.934625,1.1806011,,,,150,0.000175020647138277,251.381015797996,0.012015584,8.24596962830686,0.008888879,0.110261743934043,0.016316805,13.4307785,12.754024,13.934625,1.1806011,NaN,NaN,NaN,6375736049897835175,251.381079577354,8.2459698213206,0.227232967137634,AIS,0.1094598,GALEX J164531.4+081445,1,293,197,-999,-999,19.48528,0.06512704,-999,-999,58.32917,3.49798,0.103335,251.48882,8.22126,1932.439,1936.651,,1.729363,1.851318,0,-99,-99,0,0.2561094985563648,0.3328770489826431,0.18766380376817396,13.601747951017357,12.566360196231825,13.174669001443636,18.7371346,1.035387754785532,-1.423664306105957
37,480,167,CS 22880-086,-3.05,5196, 2.54,311.44791666666663,-18.559,0.00011868683369099114,6858709351740044800,311.44804228064766,0.01827135,-18.559028515390576,0.009318541,0.21317919448756215,0.022528041,14.152757,13.566252,14.555399,0.9891472,,,,167,0.000118686833690991,311.448042280648,0.01827135,-18.5590285153906,0.009318541,0.213179194487562,0.022528041,14.152757,13.566252,14.555399,0.9891472,NaN,NaN,NaN,6379641581771688461,311.447799093742,-18.5588999321455,0.95030801406804,AIS,0.3239591,GALEX J204547.4-183332,1,160.1,160.1,-999,-999,18.81453,0.05936064,-999,-999,108.1902,5.913665,0.06498776,311.10669,-18.53975,1907.289,1949.12,,3.20766,3.323304,0,-99,-99,0,0.16604875401625274,0.2126623844515576,0.11894548666039846,14.342736615548443,13.447306513339601,13.986708245983747,18.3440186176,0.8954301022088416,-1.6290340467574698
38,453,145,CS 22884-108,-3.30,6107, 4.52,237.48999999999998,-9.235888888888889,0.0001764267188182614,4347546393017485184,237.48983226204294,0.018440379,-9.235921842890557,0.0119523145,1.2514443036441893,0.019994516,14.070498,13.583394,14.376119,0.7927246,-2.3909,-3.5446,-2.0076,145,0.000176426718818261,237.489832262043,0.018440379,-9.23592184289056,0.0119523145,1.25144430364419,0.019994516,14.070498,13.583394,14.376119,0.7927246,-2.3909,-3.5446,-2.0076,6383019203109061521,237.490057633764,-9.23586436262461,0.827122824669635,AIS,0.2783107,GALEX J154957.6-091409,1,104,104,-999,-999,17.40895,0.03903843,-999,-999,394.8401,14.19332,0.1532745,237.31536,-9.01745,1920.344,1921.148,,11.70636,11.84452,0,-99,-99,0,0.41132423101493537,0.515948590431763,0.28329890140663594,13.860170409568235,13.300095098593363,13.659173768985065,16.29924262,0.560075310974872,-1.4117449013366672
39,472,161,CS 22885-096,-3.86,4992, 1.93,305.2133333333333,-39.89172222222222,0.0001197285158529456,6692925538259931136,305.2131949798345,0.01361371,-39.89176278668945,0.010495837,0.2265232930675517,0.015807584,13.055165,12.435779,13.491517,1.0557384,-0.73,-0.7306,-0.7299,161,0.000119728515852946,305.213194979834,0.01361371,-39.8917627866894,0.010495837,0.226523293067552,0.015807584,13.055165,12.435779,13.491517,1.0557384,-0.73,-0.7306,-0.7299,6383687721211137122,305.213212224364,-39.8917458279863,0.0774340525714081,AIS,0.1267281,GALEX J202051.1-395330,1,192,192,-999,-999,18.21432,0.04004935,-999,-999,188.0487,6.934831,0.05584189,305.04979,-39.91026,1927.819,1917.443,,5.575332,5.713324,0,-99,-99,0,0.1407555687350063,0.18138333688734157,0.10187467402350224,13.310133663112659,12.333904325976498,12.914409431264994,17.8100247164,0.9762293371361608,-1.5906309749850447
40,524,194,CS 22886-042,-2.83,4798, 1.48,335.10749999999996,-10.388944444444444,7.265483283996831e-05,2614799493082260224,335.10757940242365,0.020248972,-10.388943608478073,0.015606962,0.2022982251957382,0.020747857,12.984241,12.338808,13.453141,1.1143332,,,,194,7.26548328399683E-05,335.107579402424,0.020248972,-10.3889436084781,0.015606962,0.202298225195738,0.020747857,12.984241,12.338808,13.453141,1.1143332,NaN,NaN,NaN,6380028606643442754,335.107582005475,-10.3888240018652,0.430682451534886,AIS,0.4643019,GALEX J222025.8-102319,1,295,144,-999,-999,18.86238,0.03554369,-999,-999,103.5254,3.388283,0.04769972,335.19269,-10.84553,1955.227,1892.255,,3.069357,3.119329,0,-99,-99,0,0.11880462789420289,0.1539497879693719,0.08676018833360945,13.299191212030628,12.25204781166639,12.865436372105798,18.5170340272,1.047143400364238,-1.2736390751675462
41,542,205,CS 22888-031,-3.31,6241, 4.47,347.88541666666663,-35.445249999999994,0.00021339796798803152,6553564535381928320,347.8856375418572,0.018044736,-35.445364699972835,0.020271452,1.0996970078949224,0.023052754,14.773118,14.356145,15.023205,0.6670599,-3.4868,-3.7063,-2.8815,205,0.000213397967988032,347.885637541857,0.018044736,-35.4453646999728,0.020271452,1.09969700789492,0.023052754,14.773118,14.356145,15.023205,0.6670599,-3.4868,-3.7063,-2.8815,2463612070188287357,347.885788554971,-35.4452377780498,0.636340278159435,MIS,0.5111798,GALEX J231132.5-352642,3,1544,1544,23.61031,0.2951495,17.51204,0.009483033,1.305808,0.3548881,359.0747,3.135467,0.01392035,348.25853,-35.0346,1928.986,1923.699,,10.64597,10.61477,1,0.01213046,0.0190852,0,0.03746954882522167,0.04683524692431866,0.02578632705750944,14.976369753075682,14.33035867294249,14.735648451174779,17.411256666,0.6460110801331922,-1.5609333548657496
42,465,155,CS 22891-209,-3.32,4699, 1.18,295.50916666666666,-61.062416666666664,5.261219610680729e-05,6445356540916942336,295.50908874020894,0.0100316405,-61.0624439336879,0.011997127,0.2281713288628392,0.018818412,11.834927,11.1388445,12.363581,1.2247362,-0.308,-0.3093,-0.3072,155,5.26121961068073E-05,295.509088740209,0.0100316405,-61.0624439336879,0.011997127,0.228171328862839,0.018818412,11.834927,11.1388445,12.363581,1.2247362,-0.308,-0.3093,-0.3072,6384039552047122963,295.508936711002,-61.0626927519302,0.934070540305946,AIS,0.538864,GALEX J194202.1-610345,1,136,136,-999,-999,18.3676,0.04990438,-999,-999,163.2901,7.503583,0.07740194,294.39703,-61.09823,1817.274,1886.384,,4.841281,5.075079,17,-99,-99,0,0.18961230557046974,0.24777532103830055,0.14014927214665152,12.1158056789617,10.998695227853348,11.64531469442953,17.8072099544,1.117110451108351,-1.2889349778042805
43,523,193,CS 22892-052,-3.03,4825, 1.54,334.2570833333333,-16.657527777777776,0.00012805470312275905,6826025986350385280,334.256956546344,0.019527845,-16.657543321470175,0.016437622,0.16024952798415715,0.023561463,12.946546,12.3174,13.4032,1.0858002,,,,193,0.000128054703122759,334.256956546344,0.019527845,-16.6575433214702,0.016437622,0.160249527984157,0.023561463,12.946546,12.3174,13.4032,1.0858002,NaN,NaN,NaN,6379993359994327324,334.257011984353,-16.657379412869,0.620275612517104,AIS,0.4595651,GALEX J221701.6-163926,1,208,208,-999,-999,18.56909,0.04368819,-999,-999,135.6328,5.45631,0.03076822,334.5479,-17.02301,1933.523,1932.628,,4.021288,4.102633,0,-99,-99,0,0.07686682556161223,0.09944096425915873,0.05601233994074961,13.30375903574084,12.261387660059249,12.869679174438387,18.3463280872,1.0423713756815918,-1.3756318547303463
44,466,156,CS 22896-154,-2.85,5100, 2.28,295.6120833333333,-56.976111111111116,0.0001481224912385926,6448440159932433536,295.61197478270196,0.0112881195,-56.97623930916184,0.010947419,0.2996533800049706,0.016714307,13.387032,12.80664,13.784364,0.9777241,,,,156,0.000148122491238593,295.611974782702,0.0112881195,-56.9762393091618,0.010947419,0.299653380004971,0.016714307,13.387032,12.80664,13.784364,0.9777241,NaN,NaN,NaN,6384004440689481300,295.611460297303,-56.9766504126357,1.79142050148267,AIS,0.6001057,GALEX J194226.7-565835,1,208,208,-999,-999,18.37269,0.05280511,-999,-999,162.5256,7.902563,0.05380173,295.543,-57.57561,1912.926,1959.036,,4.818615,4.795922,32,-99,-99,32,0.1375487210448877,0.17608547900650182,0.09849373282724601,13.608278520993498,12.708146267172754,13.249483278955111,17.9831654748,0.9001322538207432,-1.2547261750348309
45,487,171,CS 22897-008,-3.50,4795, 1.43,315.7995833333333,-65.08577777777778,9.75870971301027e-05,6449369934453211264,315.7993836924616,0.0072910544,-65.08582043149339,0.010377769,0.20552301895659902,0.013401851,13.0130415,12.384874,13.464264,1.0793896,,,,171,9.75870971301027E-05,315.799383692462,0.0072910544,-65.0858204314934,0.010377769,0.205523018956599,0.013401851,13.0130415,12.384874,13.464264,1.0793896,NaN,NaN,NaN,6383898865024635299,315.799156841842,-65.0858818844955,0.409020316519998,AIS,0.5788269,GALEX J210311.8-650509,1,221,221,-999,-999,18.56988,0.04456504,-999,-999,135.5338,5.561757,0.03310166,317.02578,-65.3518,1907.007,1918.644,,4.018352,4.183427,1,-99,-99,0,0.08282002583340951,0.10706896529891763,0.06028284633993188,13.357195034701082,12.324591153660068,12.93022147416659,18.3302239816,1.0326038810410143,-1.3947427451665932
46,512,185,CS 22944-032,-2.98,5293, 2.82,326.93,-13.673,0.00026042900857269763,6843367247521239424,326.9300564583308,0.012235504,-13.673250557253379,0.012274783,0.6267180937278222,0.014158498,13.068341,12.511779,13.441054,0.9292755,,,,185,0.000260429008572698,326.930056458331,0.012235504,-13.6732505572534,0.012274783,0.626718093727822,0.014158498,13.068341,12.511779,13.441054,0.9292755,NaN,NaN,NaN,3891429074124409495,326.929974564812,-13.6732299360865,0.295924279405867,MIS,0.2976149,GALEX J214743.1-134023,1,1705,0,-999,-999,17.26946,0.008876668,-999,-999,448.9683,3.669744,0.04364065,326.77943,-13.41409,1991.417,1881.333,,13.31116,13.35301,8,-99,-99,-999,0.11241832147108605,0.1433957475110546,0.080040890037937,13.297658252488946,12.431738109962064,12.955922678528914,16.953501694,0.8659201425268819,-1.7433202324247326
47,496,177,CS 22948-027,-2.45,5011, 2.06,324.44083333333333,-39.45619444444445,0.00017793337216243793,6585479578366156672,324.44070848271883,0.011716316,-39.456336762871985,0.0103813335,0.3641846129893066,0.01762075,12.438507,11.804714,12.924597,1.1198826,,,,177,0.000177933372162438,324.440708482719,0.011716316,-39.456336762872,0.0103813335,0.364184612989307,0.01762075,12.438507,11.804714,12.924597,1.1198826,NaN,NaN,NaN,6383617414743983294,324.440588630583,-39.4560954484853,0.930418000196658,AIS,0.4541789,GALEX J213745.7-392721,1,217,217,-999,-999,17.93962,0.03132923,-999,-999,242.1882,6.986712,0.0264313,323.9904,-39.16463,1937.76,1904.401,,7.180477,7.420494,2,-99,-99,0,0.06557986996484036,0.08511696988422332,0.048031515355170445,12.839480030115777,11.75668248464483,12.372927130035158,17.748257388000003,1.082797545470946,-1.7284336575611459
48,508,183,CS 22948-066,-3.20,5077, 2.20,326.2133333333333,-37.46527777777778,0.00012665134319240207,6586084653360277504,326.2131854096481,0.011153351,-37.465311533079266,0.00855429,0.18717397859605084,0.015475226,13.235237,12.659937,13.625276,0.9653387,,,,183,0.000126651343192402,326.213185409648,0.011153351,-37.4653115330793,0.00855429,0.187173978596051,0.015475226,13.235237,12.659937,13.625276,0.9653387,NaN,NaN,NaN,6383582148767518801,326.213074822885,-37.4650271975464,1.071271909314,AIS,0.3074524,GALEX J214451.1-372754,1,240,0,-999,-999,18.12215,0.03425885,-999,-999,204.711,6.457793,0.02526838,326.29944,-37.76477,1917.08,1925.982,,6.069343,6.17661,0,-99,-99,-999,0.06449863199084335,0.08259567167001325,0.04624980513414828,13.542680328329986,12.61368719486585,13.170738368009156,17.9392069288,0.9289931334641359,-1.3344854387168823
49,513,186,CS 22948-093,-3.17,6609, 4.23,327.6312499999999,-41.130361111111114,9.936638260786172e-05,6572334195301351296,327.63121741942683,0.018765386,-41.13045160189361,0.016469453,0.4606060246056435,0.025017178,15.061792,14.693069,15.277416,0.5843468,-2.0291,-2.2119,-1.7426,186,9.93663826078617E-05,327.631217419427,0.018765386,-41.1304516018936,0.016469453,0.460606024605643,0.025017178,15.061792,14.693069,15.277416,0.5843468,-2.0291,-2.2119,-1.7426,6383582187424318561,327.631156617334,-41.1304572217504,0.166105816929698,AIS,0.3269147,GALEX J215031.4-410749,3,203.05,203.05,22.33529,0.3895628,17.72985,0.02798318,4.225571,1.515769,293.8039,7.570506,0.01559629,327.66466,-40.80452,1982.437,1987.662,,8.710799,8.858232,0,0.03925396,0.02474838,0,0.04262665861267186,0.052916504775859526,0.028979922199127962,15.22449949522414,14.664089077800872,15.019165341387328,17.6169328604,0.5604104174232685,-1.087526852851247
50,554,210,CS 22952-015,-3.44,4824, 1.50,354.3695833333333,-5.799055555555555,6.487884832009715e-05,2440816964991039232,354.3695319283473,0.015071174,-5.799083596443538,0.012057323,0.1158079113739074,0.015577513,12.99787,12.350971,13.466889,1.1159182,,,,210,6.48788483200971E-05,354.369531928347,0.015071174,-5.79908359644354,0.012057323,0.115807911373907,0.015577513,12.99787,12.350971,13.466889,1.1159182,NaN,NaN,NaN,2909046220830805034,354.369496715507,-5.79898426390083,0.37918510580153,MIS,0.5974653,GALEX J233728.6-054756,1,1642.1,1642.1,-999,-999,18.86589,0.02777256,-999,-999,103.191,2.638929,0.03486583,354.93299,-5.59265,1917.931,1904.582,,3.059441,3.047413,168,-99,-99,32,0.0866668425635007,0.11239597613718956,0.06338753667604216,13.35449302386281,12.287583463323957,12.9112031574365,18.6134613908,1.0669095605388534,-1.3193207527025468
51,31,19,CS 22953-003,-2.93,5002, 2.01,15.56625,-61.72938888888889,0.00010681787315367481,4710594687144052096,15.566098706011534,0.010485964,-61.729469152615245,0.009293383,0.2139883709717131,0.011380582,13.481178,12.8951845,13.884006,0.988821,-0.7297,-0.73,-0.7292,19,0.000106817873153675,15.5660987060115,0.010485964,-61.7294691526152,0.009293383,0.213988370971713,0.011380582,13.481178,12.8951845,13.884006,0.988821,-0.7297,-0.73,-0.7292,6384708083034095724,15.5658425837723,-61.7293485900499,0.61570682506549,AIS,0.5947534,GALEX J010215.8-614345,1,185.1,185.1,-999,-999,18.27713,0.04049377,-999,-999,177.4791,6.617679,0.01711014,16.1041,-61.19306,1933.515,1886.739,,5.261962,5.258612,33,-99,-99,32,0.04343815379450135,0.05576006711087228,0.03127752330845735,13.828245932889127,12.863906976691542,13.437739846205499,18.1532525864,0.9643389561975848,-1.5961286288843004
52,47,30,CS 22953-037,-2.70,6627, 4.11,21.2775,-59.26686111111111,0.00043774937197930286,4716937597925985152,21.27830335334299,0.011704912,-59.266714274700604,0.010432551,1.1697857331405608,0.013446591,13.503631,13.125714,13.726851,0.60113716,-4.122,-4.1448,-4.0454,30,0.000437749371979303,21.278303353343,0.011704912,-59.2667142747006,0.010432551,1.16978573314056,0.013446591,13.503631,13.125714,13.726851,0.60113716,-4.122,-4.1448,-4.0454,6384708102362501481,21.2778542638277,-59.2660597327229,2.49700471643749,AIS,0.4608168,GALEX J012506.6-591557,2,219,219,20.74879,0.2306217,-999,-999,18.2173,3.868604,-999,-999,0.02795579,21.10818,-58.81358,1935.943,2003.625,,-99,-99,137,0.1692318,0.2008321,0,0.07630994744210282,0.09480292255316042,0.051924709192020135,13.63204807744684,13.07378929080798,13.427321052557897,-999.2023999196,0.5582587866388593,-1016.3347130327526
53,515,187,CS 22956-050,-3.39,4844, 1.56,329.5241666666666,-65.22419444444445,7.258665534538776e-05,6399358510623784192,329.5242935353741,0.009803901,-65.2242383414011,0.012114482,0.11047845307429838,0.015638188,13.992076,13.365371,14.440195,1.0748243,,,,187,7.25866553453878E-05,329.524293535374,0.009803901,-65.2242383414011,0.012114482,0.110478453074298,0.015638188,13.992076,13.365371,14.440195,1.0748243,NaN,NaN,NaN,3908599047703758817,329.522945264862,-65.2239860259566,2.22767115807668,MIS,0.500957,GALEX J215805.5-651326,1,1690,0,-999,-999,19.45046,0.02826876,-999,-999,60.23016,1.567801,0.03359728,328.61828,-64.89923,1908.062,1961.626,,1.785725,1.727937,1,-99,-99,-999,0.08413657568270479,0.10872447095338333,0.06119959775621949,14.331470529046616,13.30417140224378,13.907939424317297,19.2072156928,1.027299126802836,-1.4623046314184363
54,1,0,CS 22957-022,-2.92,5146, 2.40,0.4395833333333333,-5.829611111111111,0.00013544086777334422,2442880061122221568,0.43956996703922563,0.014272302,-5.829742718584557,0.011637191,0.2920958228988925,0.017196732,13.111837,12.538201,13.498895,0.96069336,,,,0,0.000135440867773344,0.439569967039226,0.014272302,-5.82974271858456,0.011637191,0.292095822898893,0.017196732,13.111837,12.538201,13.498895,0.96069336,NaN,NaN,NaN,3790696216632757160,0.439738075317022,-5.82939315869744,1.39502188837751,MIS,0.5954561,GALEX J000145.5-054945,1,1624.1,0,-999,-999,17.72009,0.01278969,-999,-999,296.4598,3.491371,0.03332799,1.00289,-5.62792,1937.249,1912.53,,8.789543,8.904501,169,-99,-99,-999,0.08523689700952505,0.10906715961766976,0.06102696241735558,13.38982784038233,12.477174037582646,13.026600102990475,17.4787953524,0.9126538027996833,-1.5652913657979424
55,136,54,CS 22963-004,-3.54,5597, 3.34,44.19416666666667,-4.854861111111111,3.0385613355117304e-05,5184426749232471808,44.19414444069151,0.022393638,-4.85485135011653,0.01956897,0.18195660835684824,0.026036192,14.795828,14.275269,15.132702,0.8574333,-0.8799,-0.8802,-0.8795,54,3.03856133551173E-05,44.1941444406915,0.022393638,-4.85485135011653,0.01956897,0.181956608356848,0.026036192,14.795828,14.275269,15.132702,0.8574333,-0.8799,-0.8802,-0.8795,6377284147237358895,44.193994570997,-4.85466246622032,0.866824238305217,AIS,0.4655294,GALEX J025646.5-045116,1,118,112,-999,-999,18.53019,0.05473825,-999,-999,140.5806,7.085759,0.05181677,43.97521,-5.26603,1888.004,1964.663,,4.16798,4.199688,0,-99,-99,0,0.1354134559853794,0.1716270963267397,0.09534268286509147,14.96107490367326,14.179926317134909,14.660414544014621,18.1550365852,0.7811485865383521,-1.7182572272992873
56,551,209,CS 22966-011,-3.02,6298, 4.43,353.7791666666666,-30.381777777777778,0.0003523862782825994,2329078133745332608,353.7795363575329,0.015804248,-30.381930461145473,0.019499637,1.173408017149629,0.022364285,14.413723,14.007744,14.655986,0.648242,-3.2626,-3.7894,-2.3743,209,0.000352386278282599,353.779536357533,0.015804248,-30.3819304611455,0.019499637,1.17340801714963,0.022364285,14.413723,14.007744,14.655986,0.648242,-3.2626,-3.7894,-2.3743,6380732261872964731,353.779450825327,-30.3819347741558,0.266084235983028,AIS,0.2140529,GALEX J233507.0-302254,1,406,197,-999,-999,17.1808,0.01653981,-999,-999,487.1689,7.419595,0.01391479,353.84812,-30.58764,1900.58,1913.193,,14.44375,14.61926,0,-99,-99,0,0.03758302782570773,0.04690473453489649,0.025794235436524322,14.609081265465104,13.981949764563476,14.376139972174292,17.0800569204,0.6271315009016281,-1.410020835460581
57,558,214,CS 22966-057,-2.43,5364, 3.07,357.24083333333334,-29.65636111111111,0.00021006284356072497,2327812561502492928,357.2406620430396,0.020468023,-29.65650361591409,0.019249445,0.5560423422054787,0.02396226,14.131261,13.612399,14.4705105,0.8581114,-1.6022,-1.7169,-1.534,214,0.000210062843560725,357.24066204304,0.020468023,-29.6565036159141,0.019249445,0.556042342205479,0.02396226,14.131261,13.612399,14.4705105,0.8581114,-1.6022,-1.7169,-1.534,6380732246840577300,357.240506632325,-29.6563579279105,0.715162900581539,AIS,0.1938061,GALEX J234857.7-293922,1,207,207,-999,-999,18.09318,0.03620479,-999,-999,210.2462,7.009136,0.01908694,357.43734,-29.74762,1911.825,1874.5,,6.233453,6.380051,0,-99,-99,0,0.049648751163990555,0.0630268962129242,0.03509287919508624,14.407483603787075,13.577306120804913,14.08161224883601,17.954990554400002,0.8301774829821618,-1.5724240849840498
58,139,57,CS 22968-014,-3.58,4864, 1.60,46.62291666666666,-54.509027777777774,2.0450565823097607e-05,4734734636730938240,46.62291907858944,0.009209157,-54.509050381037255,0.010361336,0.13569233705660974,0.0109747825,13.438305,12.815329,13.881869,1.0665407,,,,57,2.04505658230976E-05,46.6229190785894,0.009209157,-54.5090503810373,0.010361336,0.13569233705661,0.0109747825,13.438305,12.815329,13.881869,1.0665407,NaN,NaN,NaN,6385869145838194684,46.6226405189526,-54.5088439183338,0.944146380681215,AIS,0.5780271,GALEX J030629.4-543031,1,194,194,-999,-999,18.99286,0.05759194,-999,-999,91.80296,4.868425,0.01234713,47.55686,-54.71233,2134.712,2363.582,,2.721805,2.837852,49,-99,-99,288,0.030880802233276713,0.039919717836197334,0.02248591773508506,13.841949282163803,12.792843082264914,13.407424197766723,18.9034667788,1.0491061998988886,-1.3540285205427773
59,534,201,CS 29491-053,-3.03,4700, 1.21,339.2345833333333,-28.518472222222222,6.430571070873832e-05,6608849659358145024,339.2345754949659,0.010436093,-28.518531351948194,0.010539232,0.16789959660762432,0.012832005,12.629747,11.970501,13.118153,1.1476517,,,,201,6.43057107087383E-05,339.234575494966,0.010436093,-28.5185313519482,0.010539232,0.167899596607624,0.012832005,12.629747,11.970501,13.118153,1.1476517,NaN,NaN,NaN,6388085818188109068,339.234554989591,-28.51844077904,0.332451285138901,AIS,0.5870926,GALEX J223656.2-283106,1,200,200,-999,-999,18.9753,0.05558279,-999,-999,93.29957,4.775184,0.01901107,339.36742,-29.09387,1911.714,1907.599,,2.766177,2.837865,1,-99,-99,0,0.04688215676186581,0.06102675692767829,0.034491761030942966,13.057126243072322,11.936009238969058,12.582864843238134,18.8376598532,1.1211170041032634,-1.0793476734712106
60,495,176,CS 29495-041,-2.74,4740, 1.34,324.13875,-28.3135,5.101801305956007e-05,6786616710767824640,324.1387004216809,0.015389071,-28.31351247923728,0.0126037765,0.17587057448131974,0.018469717,13.055799,12.420041,13.514549,1.0945082,,,,176,5.10180130595601E-05,324.138700421681,0.015389071,-28.3135124792373,0.0126037765,0.17587057448132,0.018469717,13.055799,12.420041,13.514549,1.0945082,NaN,NaN,NaN,6384356281189142939,324.138754472119,-28.3133182129174,0.720032918907108,AIS,0.3051769,GALEX J213633.3-281847,1,225.05,96,-999,-999,18.84773,0.04925675,-999,-999,104.9322,4.759317,0.03564841,324.01036,-28.59685,1898.115,1918.361,,3.111065,3.18294,0,-99,-99,0,0.08897298943805614,0.11516227960432421,0.06487884123152246,13.399386720395677,12.355162158768477,12.966826010561944,18.589635511599997,1.0442245616271997,-1.2536231389768009
61,19,12,CS 29497-034,-3.00,4983, 1.96,10.415833333333333,-26.31511111111111,0.00020217654630519253,2343863021791098624,10.41600918189274,0.022187775,-26.31523998530072,0.01441095,0.33608737805216177,0.027146,12.002368,11.365257,12.489098,1.1238403,,,,12,0.000202176546305193,10.4160091818927,0.022187775,-26.3152399853007,0.01441095,0.336087378052162,0.027146,12.002368,11.365257,12.489098,1.1238403,NaN,NaN,NaN,6380591557670604225,10.4157919345014,-26.315188543157,0.725089833455009,AIS,0.2186984,GALEX J004139.7-261854,1,189,189,-999,-999,17.36175,0.02640356,-999,-999,412.3827,10.02612,0.01103085,10.29989,-26.50768,1933.372,1914.693,,12.22646,12.48467,0,-99,-99,0,0.027293940370975447,0.0354671025974644,0.020031938407638863,12.453630897402537,11.34522506159236,11.975074059629025,17.281886646,1.108405835810176,-1.9251192867661446
62,489,172,CS 29498-043,-3.49,4639, 1.00,315.9670833333333,-29.713944444444444,8.565133375174572e-05,6788448668941293952,315.9671493555082,0.012744219,-29.71400613570093,0.0071199615,0.06110044209218134,0.018239694,13.352766,12.608793,13.9529705,1.3441772,-0.1896,-0.19,-0.1887,172,8.56513337517457E-05,315.967149355508,0.012744219,-29.7140061357009,0.0071199615,0.0611004420921813,0.018239694,13.352766,12.608793,13.9529705,1.3441772,-0.1896,-0.19,-0.1887,6384356222133339004,315.967003695206,-29.7141976335468,0.82624147130066,AIS,0.5597454,GALEX J210352.0-294251,1,216,216,-999,-999,21.10276,0.1843733,-999,-999,13.14903,2.232347,0.1045435,316.51846,-29.42564,1915.747,1935.724,,0.3898469,0.3632741,0,-99,-99,0,0.251353522180864,0.3316453104025081,0.1882945968801787,13.621325189597492,12.420498403119822,13.101412477819137,20.34586506,1.2008267864776698,-0.8122750521048534
63,560,215,CS 29499-060,-2.50,6595, 4.05,358.41791666666666,-26.978888888888886,0.0003604241101709135,2334432377416784512,358.41830671353085,0.014649952,-26.978779954715463,0.012306647,1.6207493331548517,0.019133598,12.922321,12.544534,13.145319,0.60078526,-3.7741,-4.0686,-2.9367,215,0.000360424110170913,358.418306713531,0.014649952,-26.9787799547155,0.012306647,1.62074933315485,0.019133598,12.922321,12.544534,13.145319,0.60078526,-3.7741,-4.0686,-2.9367,6380732214630418273,358.418164695655,-26.9787519470943,0.466648796290492,AIS,0.4442133,GALEX J235340.3-265843,3,180,180,20.62271,0.1829522,15.61995,0.01148493,20.46064,3.446887,2051.255,21.69292,0.02026767,357.94243,-26.84696,1921.703,1962.291,,60.8163,59.57486,0,0.1900716,0.1856677,0,0.05526624212621634,0.06868405590957252,0.03764054146853595,13.076634944090427,12.506893458531465,12.867054757873785,15.473212069199999,0.5697414855589624,-1.1524285869332571
64,526,195,CS 29502-042,-3.27,5039, 2.09,335.4533333333333,2.479138888888889,8.666619135718345e-05,2703673700854939136,335.45341281222494,0.016896604,2.4790965812094097,0.013955463,0.6617367771781557,0.019705914,12.475687,11.891581,12.874437,0.98285675,,,,195,8.66661913571834E-05,335.453412812225,0.016896604,2.47909658120941,0.013955463,0.661736777178156,0.019705914,12.475687,11.891581,12.874437,0.98285675,NaN,NaN,NaN,6376404619539514125,335.453421665396,2.47913343212967,0.136431086092782,AIS,0.4068345,GALEX J222148.8+022844,1,92,0,-999,-999,16.99392,0.03238572,-999,-999,578.6733,17.25668,0.06362472,335.78164,2.71999,1849.124,1935.73,,17.15671,17.47996,0,-99,-99,-999,0.16272541979276509,0.2083084115226692,0.11647901229756312,12.666128588477331,11.775101987702437,12.312961580207235,16.5332770272,0.8910266007748948,-1.7340828778368165
65,2,1,CS 29503-010,-1.00,6570, 4.25,1.230833333333333,-24.40536111111111,0.00016356702404764163,2336682523666418816,1.23065770417992,0.013571029,-24.405365574831492,0.0105236685,1.2568490135701793,0.015581933,13.614008,13.197055,13.869809,0.6727543,-1.0542,-1.0666,-1.0422,1,0.000163567024047642,1.23065770417992,0.013571029,-24.4053655748315,0.0105236685,1.25684901357018,0.015581933,13.614008,13.197055,13.869809,0.6727543,-1.0542,-1.0666,-1.0422,6380556356118643656,1.23058709544799,-24.4052807864227,0.383082984976197,AIS,0.4466064,GALEX J000455.3-242419,1,204.05,204.05,-999,-999,16.89385,0.02005825,-999,-999,634.5391,11.71984,0.02003962,1.54885,-24.06582,1913.86,1940.709,,18.81303,19.30551,1,-99,-99,0,0.05393175242421453,0.06742382077712428,0.037118016735516395,13.802385179222876,13.159936983264485,13.560076247575786,16.748763151200002,0.6424481959583908,-1.0411581225295379
66,490,173,CS 29506-007,-2.73,6522, 3.94,320.11958333333325,-20.773027777777777,0.0002452402087412861,6829482026274589568,320.1193549134674,0.019952955,-20.77313347682332,0.013413941,0.8494736404990636,0.02849042,14.058733,13.659354,14.2966585,0.6373043,-2.157,-2.3653,-1.8977,173,0.000245240208741286,320.119354913467,0.019952955,-20.7731334768233,0.013413941,0.849473640499064,0.02849042,14.058733,13.659354,14.2966585,0.6373043,-2.157,-2.3653,-1.8977,6379817408071204895,320.119359425316,-20.773055220591,0.282131474207956,AIS,0.5792558,GALEX J212028.6-204623,3,150,150,22.31575,0.4896344,16.897,0.02416888,4.302321,1.939746,632.7049,14.08082,0.04547362,320.2863,-20.21531,1969.939,1907.478,,18.75865,18.90871,17,0.03996694,0.05278133,256,0.1236247667574181,0.15390804489125937,0.08437625148696924,14.14275045510874,13.574977748513032,13.935108233242582,16.5677709912,0.5677727065957079,-1.1814846016721017
67,493,174,CS 29506-090,-2.62,6603, 4.18,322.6204166666666,-22.17816666666667,0.00029280908698104665,6828192853186579712,322.6202348652852,0.020334432,-22.178397420774353,0.017114786,0.8973328041745682,0.025826814,14.204751,13.805747,14.441083,0.6353359,,,,174,0.000292809086981047,322.620234865285,0.020334432,-22.1783974207744,0.017114786,0.897332804174568,0.025826814,14.204751,13.805747,14.441083,0.6353359,NaN,NaN,NaN,3891886470961564587,322.62026013956,-22.1783597946401,0.159520533866791,MIS,0.211062,GALEX J213028.8-221042,1,1120.25,0,-999,-999,17.02859,0.009488231,-999,-999,560.4846,4.896876,0.0454697,322.74703,-22.00301,1920.448,1882.636,,16.61744,16.81878,0,-99,-99,-999,0.12365847153017138,0.15392493312137767,0.08437501124835826,14.287158066878623,13.721371988751642,14.081092528469828,16.699389372000002,0.5657860781269815,-1.182971135825377
68,528,198,CS 29516-024,-3.05,4637, 1.04,336.5641666666666,2.862861111111111,0.0002464101470575182,2703747063191473536,336.5639942020583,0.012797066,2.862696080947802,0.011957535,0.29997538589354245,0.015992006,13.252258,12.531742,13.809741,1.2779989,-0.4586,-0.4594,-0.4577,198,0.000246410147057518,336.563994202058,0.012797066,2.8626960809478,0.011957535,0.299975385893542,0.015992006,13.252258,12.531742,13.809741,1.2779989,-0.4586,-0.4594,-0.4577,6376404622760741020,336.563932065917,2.86290127697062,0.771750305135726,AIS,0.3702517,GALEX J222615.3+025146,1,80,0,-999,-999,19.49677,0.1320122,-999,-999,57.71545,7.015786,0.1015465,336.85873,2.63844,1888.766,1922.96,,1.711167,1.553064,0,-99,-99,-999,0.24708381128456103,0.32403663449196685,0.18351283528234633,13.485704365508035,12.348229164717653,13.005174188715438,18.76157334,1.137475200790382,-1.88427346513748
69,41,26,CS 29518-020,-2.65,6435, 4.34,18.054999999999996,-31.001472222222223,0.0002483251369334715,5029418699461331328,18.055285063408085,0.014561208,-31.001527216914614,0.009750454,0.9486592074709231,0.020681156,13.876232,13.477237,14.112588,0.6353512,-2.1432,-2.2862,-1.9322,26,0.000248325136933471,18.0552850634081,0.014561208,-31.0015272169146,0.009750454,0.948659207470923,0.020681156,13.876232,13.477237,14.112588,0.6353512,-2.1432,-2.2862,-1.9322,6385235830361817135,18.0550284489767,-31.0014548416379,0.833613630859395,AIS,0.5344322,GALEX J011213.2-310005,1,144,144,-999,-999,16.62765,0.02036989,-999,-999,810.8461,15.20888,0.02241284,18.02367,-30.4677,1908.743,1862.653,,24.04024,24.26753,1,-99,-99,256,0.060751536584513634,0.07570807286001317,0.04157347988287397,14.036879927139987,13.435663520117126,13.815480463415486,16.4653810384,0.6012164070228607,-1.3187576072485943
70,43,28,CS 29518-043,-3.14,6550, 4.29,19.65958333333333,-30.684083333333334,0.00017668556658157316,5028773354854976768,19.65978048153043,0.014130014,-30.68414002523983,0.012620101,0.7286914490590074,0.020986125,14.451324,14.079274,14.668711,0.58943653,-2.4141,-3.1358,-2.1428,28,0.000176685566581573,19.6597804815304,0.014130014,-30.6841400252398,0.012620101,0.728691449059007,0.020986125,14.451324,14.079274,14.668711,0.58943653,-2.4141,-3.1358,-2.1428,6385235836806370708,19.6596118076322,-30.6840664479363,0.585546327993756,AIS,0.5174229,GALEX J011838.3-304102,3,224,224,21.83811,0.3964801,17.05724,0.02048258,6.679742,2.43866,545.8862,10.29573,0.02029598,19.99488,-31.11414,1895.501,1906.884,,16.18462,16.48386,1,0.06205228,0.07157559,0,0.055457834603012915,0.06885762904511847,0.03770858398972849,14.599853370954882,14.041565416010272,14.395866165396987,16.9102971048,0.5582879549446105,-1.1698986023399662
71,46,29,CS 29518-051,-2.64,5100, 2.29,21.041666666666664,-28.255861111111113,8.83535891363594e-05,5036171899878275584,21.04172206294951,0.011259962,-28.255936131818412,0.0089432495,0.41898313656510566,0.01605886,12.794385,12.240776,13.1666,0.92582417,,,,29,8.83535891363594E-05,21.0417220629495,0.011259962,-28.2559361318184,0.0089432495,0.418983136565106,0.01605886,12.794385,12.240776,13.1666,0.92582417,NaN,NaN,NaN,2459319576992681884,21.0415290524474,-28.2559685683223,0.623081853774733,MIS,0.242596,GALEX J012409.9-281521,1,2384,0,-999,-999,17.28975,0.007037815,-999,-999,440.6552,2.855662,0.01532185,21.20423,-28.06033,1882.733,1912.563,,13.0647,13.11182,0,-99,-99,-999,0.039342191695434896,0.05023629193957395,0.028086130627447844,13.116363708060426,12.212689869372552,12.755042808304566,17.178819806,0.9036738386878742,-1.4894451454711826
72,6,5,CS 29527-015,-3.32,6577, 3.89,7.294583333333333,-19.168666666666667,0.00028406482794035353,2363697631736147328,7.294822770639136,0.017994184,-19.16884201243724,0.0145897735,0.8551925969543301,0.02281182,14.113323,13.726571,14.339454,0.6128826,-3.9603,-4.1191,-3.4017,5,0.000284064827940354,7.29482277063914,0.017994184,-19.1688420124372,0.0145897735,0.85519259695433,0.02281182,14.113323,13.726571,14.339454,0.6128826,-3.9603,-4.1191,-3.4017,6380591479289549282,7.29469111845832,-19.1686724604797,0.756954981876963,AIS,0.2479658,GALEX J002910.7-191007,3,340.1,179.05,21.14414,0.2293663,16.7988,0.01467807,12.65747,2.673293,692.5951,9.36092,0.0221305,7.2377,-19.41073,2269.253,2315.842,,20.5343,20.85636,0,0.1175831,0.1177562,0,0.0602294549805702,0.074919896012647,0.04108337852611909,14.264534103987353,13.68548762147388,14.05309354501943,16.63857518,0.5790464825134727,-1.2385499563375717
73,446,139,CS 30301-015,-2.73,4889, 1.73,227.23666666666665,2.505138888888889,0.00012945964229352732,1153733493943971456,227.23680114444713,0.014164657,2.505158963843689,0.013971427,0.1667104694065736,0.016993389,12.807757,12.15468,13.297352,1.1426716,-0.0072,-0.0077,-0.0068,139,0.000129459642293527,227.236801144447,0.014164657,2.50515896384369,0.013971427,0.166710469406574,0.016993389,12.807757,12.15468,13.297352,1.1426716,-0.0072,-0.0077,-0.0068,2938601093385427392,227.236955586244,2.50525427684775,0.652894176526178,MIS,0.08824067,GALEX J150856.8+023018,1,2376,2375,-999,-999,18.85015,0.01632629,-999,-999,104.6981,1.57397,0.05086172,227.16564,2.45319,1930.949,1928.163,,3.104125,3.169334,0,-99,-99,0,0.12606918505098696,0.16375048955434984,0.09239320865907681,13.13360151044565,12.062286791340924,12.681687814949013,18.481911147199998,1.071314719104727,-1.2893915269807277
74,445,138,CS 30301-024,-2.54,6584, 4.03,227.12374999999997,-0.5997777777777779,0.00037442186501481244,4418547253297229568,227.12339554635346,0.014257435,-0.5998753282833006,0.013754968,1.7485124386231579,0.017104955,12.828236,12.420054,13.072139,0.65208435,,,,138,0.000374421865014812,227.123395546353,0.014257435,-0.599875328283301,0.013754968,1.74851243862316,0.017104955,12.828236,12.420054,13.072139,0.65208435,NaN,NaN,NaN,2934097493760150255,227.123558323683,-0.59911751172358,2.79035880804301,MIS,0.4235815,GALEX J150829.6-003556,3,1881,1881,20.69678,0.06902838,15.66421,0.003825964,19.11121,1.214748,1969.311,6.937855,0.06527259,227.38777,-0.26803,1908.929,1931.773,,58.3868,56.41627,136,0.1775359,0.1815016,0,0.1774797446809615,0.22100465336315303,0.12108832972061176,12.851134346636847,12.298965670279388,12.650756255319038,15.1916364484,0.5521686763574589,-1.2256959479234828
75,448,141,CS 30306-132,-2.56,5047, 2.16,228.57874999999996,7.450777777777778,4.4598073280725715e-05,1163455203958063872,228.57878899466124,0.012915442,7.450750336791019,0.011724566,0.31747636283719444,0.015033801,12.651873,12.050835,13.07091,1.0200758,-0.52,-0.5201,-0.5199,141,4.45980732807257E-05,228.578788994661,0.012915442,7.45075033679102,0.011724566,0.317476362837194,0.015033801,12.651873,12.050835,13.07091,1.0200758,-0.52,-0.5201,-0.5199,2932127168921085581,228.57842900821,7.45082607563928,1.31361772158936,MIS,0.4460034,GALEX J151418.8+072702,1,1615,1615,-999,-999,17.82758,0.01144477,-999,-999,268.5155,2.82974,0.03034634,228.48545,7.01446,1912.255,1930.183,,7.96104,7.754845,1,-99,-99,0,0.07673463885409411,0.0987029835807496,0.055414216475183686,12.97220701641925,11.995420783524816,12.575138361145907,17.607872498400003,0.9767862328944332,-1.3931110154138135
76,450,142,CS 30312-059,-3.22,4908, 1.75,233.7033333333333,-1.3936944444444443,9.016594603000432e-05,4415995041995447168,233.70339866022746,0.015441943,-1.3937598244794698,0.013035728,0.28018886612582217,0.017747477,12.822922,12.1652,13.299294,1.1340942,,,,142,9.01659460300043E-05,233.703398660227,0.015441943,-1.39375982447947,0.013035728,0.280188866125822,0.017747477,12.822922,12.1652,13.299294,1.1340942,NaN,NaN,NaN,3766981949844884345,233.703779700286,-1.39362230983158,1.45795961908161,MIS,0.1354542,GALEX J153448.9-012337,1,1666.4,0,-999,-999,18.28673,0.01523602,-999,-999,175.9165,2.468018,0.1232613,233.63032,-1.27981,1906.469,1896.437,,5.215632,5.279189,0,-99,-99,-999,0.3089920377872154,0.3995642364778996,0.22447173572818252,12.8997297635221,11.940728264271819,12.513929962212785,17.394318188,0.9590014992502809,-1.6621135571268262
77,451,144,CS 30312-100,-2.66,5117, 2.34,235.88208333333333,2.0215,0.0001806839131403234,4423061744962215680,235.88196849368543,0.016732596,2.0213689211621215,0.015033873,0.5411856365451568,0.021741334,12.773089,12.1676655,13.196486,1.028821,,,,144,0.000180683913140323,235.881968493685,0.016732596,2.02136892116212,0.015033873,0.541185636545157,0.021741334,12.773089,12.1676655,13.196486,1.028821,NaN,NaN,NaN,6382808103318979311,235.881978035334,2.02152449571842,0.561119475440055,AIS,0.3221223,GALEX J154331.6+020117,1,109,109,-999,-999,17.6527,0.04184419,-999,-999,315.4414,12.15413,0.08297858,236.02372,2.31084,1913.537,1930.236,,9.352315,9.588471,0,-99,-99,256,0.21097815739724737,0.27088502021077043,0.15167604554274264,12.92560097978923,12.015989454457257,12.562110842602753,17.0519350808,0.9096115253319734,-1.633628833857828
78,443,137,CS 30325-028,-2.87,4894, 1.73,226.33249999999998,6.285277777777778,2.9879204014335207e-05,1160260538563880192,226.33247587667609,0.013542023,6.285276613837266,0.012891164,0.250844907862152,0.01591943,12.624333,11.994031,13.07448,1.0804491,,,,137,2.98792040143352E-05,226.332475876676,0.013542023,6.28527661383727,0.012891164,0.250844907862152,0.01591943,12.624333,11.994031,13.07448,1.0804491,NaN,NaN,NaN,2935082656176544876,226.332544086794,6.28528859565779,0.247862538522891,MIS,0.4318374,GALEX J150519.8+061707,1,1863,1863,-999,-999,18.23113,0.009297889,-999,-999,185.1596,1.585261,0.04090861,226.746,6.15283,1801.541,1961.348,,5.489676,5.605154,0,-99,-99,0,0.10243908193183182,0.1323918633437349,0.07451359630820154,12.942088136656265,11.919517403691799,12.521893918068168,17.9349516636,1.022570732964466,-1.3360911006690293
79,436,135,CS 30325-094,-3.35,4948, 1.85,223.66375,4.360583333333333,0.00029677948912546035,1158097734768367360,223.66347065707217,0.013058962,4.360500634832802,0.011300107,0.38450362668325727,0.014633931,12.067922,11.460589,12.491866,1.0312767,,,,135,0.00029677948912546,223.663470657072,0.013058962,4.3605006348328,0.011300107,0.384503626683257,0.014633931,12.067922,11.460589,12.491866,1.0312767,NaN,NaN,NaN,2430151732329715434,223.663714533419,4.36054352180689,0.888924083247389,MIS,0.3114744,GALEX J145439.2+042137,1,3656.05,2440.05,-999,-999,17.11566,0.005584792,-999,-999,517.2923,2.660193,0.04111147,223.37235,4.4729,1941.661,1927.055,GR6/pipe/01-vsn/07063-J145309p045103/g/01-main/0001-img/07-try/qa/spjpeg/J145309p045103_id005866-ng-prc_int.jpeg,15.33686,15.04395,0,-99,-99,256,0.10389059258035842,0.13369169977093656,0.07505553011696531,12.358174300229063,11.385533469883036,11.964031407419641,16.818012957199997,0.9726408303460268,-1.5720744400491764
80,479,166,CS 30336-049,-4.10,4725, 1.19,311.3479166666666,-28.70997222222222,0.0001185456147524401,6795730493933072128,311.34804683192306,0.013748357,-28.71001199721291,0.008839272,0.06296932704565794,0.01737362,13.712171,13.024711,14.231697,1.2069864,,,,166,0.00011854561475244,311.348046831923,0.013748357,-28.7100119972129,0.008839272,0.0629693270456579,0.01737362,13.712171,13.024711,14.231697,1.2069864,NaN,NaN,NaN,6384391390399302002,311.348248851577,-28.7101593021175,0.829507442514939,AIS,0.5402896,GALEX J204523.5-284236,1,128,128,-999,-999,20.07611,0.1386711,-999,-999,33.84972,4.322264,0.06285633,310.73332,-28.74381,1912.48,1902.611,,1.003588,1.099198,1,-99,-99,0,0.15419428525058318,0.2013251707322051,0.11386077887408873,14.030371829267795,12.91085022112591,13.557976714749417,19.6210301708,1.1195216081418842,-1.3680312821222458
81,544,206,CS 30338-089,-2.78,4886, 1.72,348.9583333333333,10.323944444444445,0.00011399997421340198,2810313310703814656,348.95823103756203,0.01782162,10.323910852566993,0.015024296,0.2706414318401367,0.020493645,13.896393,13.2639885,14.374464,1.1104755,-0.4343,-0.4355,-0.4331,206,0.000113999974213402,348.958231037562,0.01782162,10.323910852567,0.015024296,0.270641431840137,0.020493645,13.896393,13.2639885,14.374464,1.1104755,-0.4343,-0.4355,-0.4331,6376123144562807132,348.958193239897,10.3239834213422,0.29354916500472,AIS,0.5470371,GALEX J231549.9+101926,1,392.1,292.05,-999,-999,18.89775,0.03810936,-999,-999,100.2078,3.516443,0.05095638,349.44256,10.05569,1935.668,1928.233,,2.970996,2.983172,1,-99,-99,0,0.1270615752611555,0.16456525442055703,0.09270978918622196,14.209898745579443,13.171278710813779,13.769331424738844,18.528825808799997,1.038620034765664,-2.1185974171768187
82,8,6,CS 30339-069,-3.05,6326, 3.79,7.566666666666666,-35.94755555555555,0.00010986820920594296,5004791666222886016,7.566633535989686,0.015684418,-35.94765986931003,0.015644114,0.5926059106844176,0.022169488,14.611949,14.229271,14.836062,0.6067915,-3.3504,-3.8526,-2.7554,6,0.000109868209205943,7.56663353598969,0.015684418,-35.94765986931,0.015644114,0.592605910684418,0.022169488,14.611949,14.229271,14.836062,0.6067915,-3.3504,-3.8526,-2.7554,2465019445071848753,7.56653578673708,-35.9474898830575,0.675011158109049,MIS,0.4869596,GALEX J003015.9-355650,3,1607.1,1607.1,22.27256,0.1536999,17.29569,0.008619795,4.476919,0.6336113,438.2523,3.478494,0.009041144,7.98681,-36.29661,1930.695,1900.8,,12.99345,13.16014,1,0.04158888,0.03753076,0,0.02458706377845511,0.030588592456722626,0.016784069041896745,14.805473407543278,14.212486930958104,14.587361936221544,17.23023211744,0.5929864765851747,-1.2361289803636346
83,127,50,CS 31061-032,-2.56,6448, 4.33,39.680416666666666,3.317333333333333,4.845863142487596e-05,2503556060544507008,39.68044599388248,0.014790255,3.3172888771186724,0.0155003555,1.104607638416504,0.016965484,13.745305,13.349806,13.982525,0.63271904,-4.0485,-4.0669,-3.9341,50,4.8458631424876E-05,39.6804459938825,0.014790255,3.31728887711867,0.0155003555,1.1046076384165,0.016965484,13.745305,13.349806,13.982525,0.63271904,-4.0485,-4.0669,-3.9341,6377248965012751965,39.6804390865834,3.31753146007153,0.873651394341521,AIS,0.448954,GALEX J023843.3+031903,1,105,0,-999,-999,16.60552,0.02392709,-999,-999,827.5425,18.23267,0.03726804,39.23073,3.31705,1917.834,1884.668,,24.53526,25.13403,0,-99,-99,-999,0.1012818593755079,0.12609616467600943,0.069152745725956,13.85642883532399,13.280653254274043,13.644023140624492,16.3356993904,0.5757755810499479,-1.1521468864246627
84,20,13,CS 31062-012,-2.67,6190, 4.47,11.014999999999999,-13.92386111111111,0.001442824546329945,2375729553118829696,11.0148053868051,0.018757714,-13.925289456583961,0.0134290485,3.586441558075258,0.024976816,11.966303,11.548757,12.219887,0.6711302,-1.6614,-1.6846,-1.5929,13,0.00144282454632994,11.0148053868051,0.018757714,-13.925289456584,0.0134290485,3.58644155807526,0.024976816,11.966303,11.548757,12.219887,0.6711302,-1.6614,-1.6846,-1.5929,6380450777234671956,11.0148943793435,-13.9245339663709,2.73748338137743,AIS,0.1127304,GALEX J004403.5-135528,3,213,213,20.7904,0.1558155,14.83805,0.005625179,17.53244,2.515493,4214.81,21.83154,0.01899671,11.06024,-13.82076,2405.014,2197.166,,124.9621,123.6097,0,0.1628698,0.1834969,0,0.0511325723541266,0.06391907831875562,0.035187781876420195,12.155967921681244,11.51356921812358,11.915170427645874,14.700513819600001,0.6423987035576637,-1.4413807535248129
85,14,10,CS 31062-041,-2.65,4990, 2.00,8.7625,-15.908138888888889,7.3584387609113e-05,2373610107017260160,8.762566496624459,0.016598456,-15.908180615744044,0.0144231785,0.06478203165824506,0.020295138,13.792006,13.168552,14.240766,1.0722132,-0.5802,-0.5808,-0.5799,10,7.3584387609113E-05,8.76256649662446,0.016598456,-15.908180615744,0.0144231785,0.0647820316582451,0.020295138,13.792006,13.168552,14.240766,1.0722132,-0.5802,-0.5808,-0.5799,6380450800854894114,8.76228897303465,-15.9080786365962,1.02857201679045,AIS,0.5202904,GALEX J003502.9-155429,1,111,111,-999,-999,19.61846,0.1025709,-999,-999,51.59592,4.87315,0.02704125,9.29567,-15.82166,1936.595,1934.227,,1.529734,1.418479,0,-99,-99,0,0.06769228573127681,0.08748373622191871,0.04925405633078152,14.153282263778083,13.119297943669219,13.724313714268725,19.422681349999998,1.033984320108864,-1.0902227307076195
86,11,7,CS 31062-050,-2.28,5607, 3.49,7.629583333333332,-12.086361111111112,0.00012333387000242258,2423720246374021632,7.629657865370681,0.058129773,-12.0864623149808,0.042584047,1.0136600037170318,0.06948715,12.869952,12.369004,13.203354,0.83434963,-1.0011,-1.0062,-0.9975,7,0.000123333870002423,7.62965786537068,0.058129773,-12.0864623149808,0.042584047,1.01366000371703,0.06948715,12.869952,12.369004,13.203354,0.83434963,-1.0011,-1.0062,-0.9975,3051578112162665876,7.62964711712796,-12.0860761157905,1.39083182226839,GII,0.4713447,GALEX J003031.1-120509,1,1593.05,1593.05,-999,-999,16.45187,0.005621813,-999,-999,953.3463,4.935114,0.0300688,7.15488,-12.00496,1920.779,1908.596,,28.26514,27.82464,0,-99,-99,256,0.07867570478007396,0.09962709840253843,0.05535236783265745,13.103726901597462,12.313651632167343,12.791276295219925,16.234171888,0.790075269430119,-1.7712693632957741
87,137,55,CS 31078-018,-2.99,5100, 2.27,45.25291666666666,6.275527777777778,7.038649139869677e-05,7189878332862720,45.25293814522102,0.013164804,6.275456734692369,0.011265235,0.6778063550305811,0.01507662,12.939962,12.317884,13.381532,1.0636473,0.0063,0.0027,0.013,55,7.03864913986968E-05,45.252938145221,0.013164804,6.27545673469237,0.011265235,0.677806355030581,0.01507662,12.939962,12.317884,13.381532,1.0636473,0.0063,0.0027,0.013,6377249001519974320,45.2527981537747,6.27568148469379,0.951626486028017,AIS,0.4022727,GALEX J030100.6+061632,1,217,217,-999,-999,17.7886,0.02689285,-999,-999,278.3292,6.892325,0.1410387,45.65719,6.2601,1917.165,1942.92,,8.251998,8.396569,0,-99,-99,0,0.35913292621197296,0.4611881073930645,0.25778251320798246,12.920343892606935,12.060101486792018,12.580829073788026,16.767479811999998,0.8602424058149172,-1.7640578257969635
88,49,31,CS 31082-001,-2.75,4866, 1.66,22.379583333333333,-16.01263888888889,0.0002559311206647629,2451773941958712192,22.379767374208996,0.017991507,-16.012827753550663,0.012196632,0.46048520575560287,0.026611678,11.409827,10.795901,11.848771,1.0528698,,,,31,0.000255931120664763,22.379767374209,0.017991507,-16.0128277535507,0.012196632,0.460485205755603,0.026611678,11.409827,10.795901,11.848771,1.0528698,NaN,NaN,NaN,6380485983079499983,22.3796042191803,-16.0126432687243,0.871680596049654,AIS,0.1036955,GALEX J012931.1-160045,1,196,196,-999,-999,17.00455,0.02214636,-999,-999,573.0307,11.68558,0.01623311,22.42002,-15.91651,1911.974,1913.887,,16.98941,17.31175,0,-99,-99,0,0.04072324332111331,0.05256912508658209,0.029585480323627334,11.796201874913416,10.766315519676374,11.369103756678888,16.887022283599997,1.0298863552370427,-1.217066025440781
89,3,2,CS 31085-024,-2.80,5778, 4.64,2.11625,10.9055,0.0004551495495914166,2753776938200238976,2.1166940892773596,0.018595688,10.905349594617405,0.012775802,2.2116978065025688,0.019907497,13.815808,13.274321,14.176181,0.90186024,-2.7493,-2.85,-2.506,2,0.000455149549591417,2.11669408927736,0.018595688,10.9053495946174,0.012775802,2.21169780650257,0.019907497,13.815808,13.274321,14.176181,0.90186024,-2.7493,-2.85,-2.506,6380978537445196991,2.1164187445149,10.905488529425,1.09432918946896,AIS,0.1500465,GALEX J000827.9+105419,1,185.05,0,-999,-999,17.76715,0.03484073,-999,-999,283.8833,9.10746,0.1127472,2.19451,11.03447,1918.638,1849.79,,8.416669,8.587106,0,-99,-99,-999,0.294739815253834,0.3738648177699626,0.20735101999018699,13.802316182230037,13.066969980009814,13.521068184746166,16.950860272,0.7353462022202226,-1.6446980424314477
90,360,111,HD 115444,-2.65,4711, 1.23,199.17708333333334,36.38136111111111,0.0003456914885291363,1474455748663044736,199.17693845740263,0.009902179,36.38103567250974,0.010603062,1.178570351653518,0.01758906,8.6857605,8.034877,9.152945,1.1180677,,,,111,0.000345691488529136,199.176938457403,0.009902179,36.3810356725097,0.010603062,1.17857035165352,0.01758906,8.6857605,8.034877,9.152945,1.1180677,NaN,NaN,NaN,6374715761089314923,199.177483936054,36.3810871945305,1.59181667181245,AIS,0.5263853,GALEX J131642.6+362251,1,48,48,-999,-999,14.86446,0.01511175,-999,-999,4113.549,57.24025,0.01389871,199.00252,36.8884,1940.582,1954.611,,121.9599,121.2595,0,-99,-99,0,0.03443955395667241,0.04472215282304914,0.025249443505733542,9.108222847176952,8.009627556494266,8.65132094604333,14.7638333396,1.0985952906826864,-1.0627965498374623
91,395,125,HD 122563,-2.54,4843, 1.62,210.63291666666663,9.68613888888889,0.0011293107470850892,3723554268436602240,210.631835043388,0.02491643,9.685782710160318,0.022913245,3.0990571246135055,0.033200946,5.87496,5.178669,6.3974733,1.2188044,-0.0386,-0.0406,-0.0364,125,0.00112931074708509,210.631835043388,0.02491643,9.68578271016032,0.022913245,3.09905712461351,0.033200946,5.87496,5.178669,6.3974733,1.2188044,-0.0386,-0.0406,-0.0364,3232742444249389791,210.632517988887,9.68623514378636,2.92001424957994,GII,0.3094828,GALEX J140231.8+094110,1,1498,0,-999,-999,13.45977,0.001501943,-999,-999,14999.98,20.74505,0.02542847,210.85392,9.46687,1940.82,1920.334,,444.7246,427.2058,522,-99,-99,-999,0.061939955953613846,0.08113247698495742,0.04597717882963464,6.316340823015042,5.132691821170366,5.813020044046386,13.2756678772,1.1836490018446764,-0.293010634790396
92,429,132,HD 126587,-3.00,4853, 1.61,216.75166666666664,-22.24413888888889,0.00034050675201446884,6273496177641286272,216.75144339869476,0.019735614,-22.24440182360846,0.015501202,1.5676226264246484,0.021770997,8.816683,8.14824,9.300751,1.1525106,,,,132,0.000340506752014469,216.751443398695,0.019735614,-22.2444018236085,0.015501202,1.56762262642465,0.021770997,8.816683,8.14824,9.300751,1.1525106,NaN,NaN,NaN,6383089610507945775,216.751692647534,-22.2443822500904,0.833500781825834,AIS,0.1962923,GALEX J142700.4-221439,1,108,108,-999,-999,14.70191,0.01029195,-999,-999,4777.888,45.27974,0.1000489,216.54046,-22.26204,1865.704,1897.748,,141.6565,140.1144,0,-99,-99,0,0.2491593475479096,0.3230913420625967,0.1819235024564311,8.977659657937403,7.966316497543568,8.56752365245209,13.977555964,1.0113431603938352,-1.4128575785599278
93,467,157,HD 186478,-2.68,4629, 1.07,296.3087499999999,-17.490805555555557,0.0004356661747825476,6871465473332110464,296.30881761969755,0.0154375825,-17.491231203224256,0.013901033,1.0967435722952532,0.017919494,8.808704,8.0781,9.376445,1.2983446,,,,157,0.000435666174782548,296.308817619698,0.0154375825,-17.4912312032243,0.013901033,1.09674357229525,0.017919494,8.808704,8.0781,9.376445,1.2983446,NaN,NaN,NaN,6379747036103708384,296.308899124704,-17.4908235919287,1.4938479177264,AIS,0.1384729,GALEX J194514.1-172926,1,155.05,155.05,-999,-999,16.02541,0.01618191,-999,-999,1412.006,21.03956,0.1225308,296.27636,-17.62578,1915.501,1884.631,,41.86364,42.69012,4,-99,-99,0,0.29783055476556125,0.39087036141991843,0.22135616293816804,8.985574638580083,7.856743837061831,8.51087344523444,15.138287008,1.1288308015182515,-1.0078172018686349
94,475,165,HD 196944,-2.44,5255, 2.74,310.1920833333333,-6.7973888888888885,0.00016722487474411194,6907236881547590144,310.192179029404,0.060616825,-6.797524671240622,0.036535896,1.9082157710209107,0.07479483,8.198074,7.6496725,8.557344,0.9076719,-0.6974,-0.698,-0.6971,165,0.000167224874744112,310.192179029404,0.060616825,-6.79752467124062,0.036535896,1.90821577102091,0.07479483,8.198074,7.6496725,8.557344,0.9076719,-0.6974,-0.698,-0.6971,6379500758386085982,310.192317019037,-6.79701548568055,1.89827675503539,AIS,0.3468349,GALEX J204046.1-064749,3,168.05,168.05,20.53363,0.2045202,13.21387,0.004085473,22.21012,4.182705,18812.65,70.77216,0.04231033,310.40203,-7.07443,1912.314,1919.305,,557.7638,522.7045,0,0.2063236,0.2403664,0,0.10940669114847758,0.13931013177652599,0.07767039442646015,8.418033868223475,7.5720021055735405,8.088667308851523,12.9075432108,0.8460317626499343,-0.7897372464245729
95,13,9,HD 2796,-2.31,4923, 1.84,7.820416666666667,-16.794694444444445,0.00020488067290639622,2367454697327877504,7.820472655980034,0.01839949,-16.794891579563707,0.015802419,1.5519370442555391,0.023352256,8.240887,7.6197243,8.675479,1.0557547,-0.6679,-0.6686,-0.6676,9,0.000204880672906396,7.82047265598003,0.01839949,-16.7948915795637,0.015802419,1.55193704425554,0.023352256,8.240887,7.6197243,8.675479,1.0557547,-0.6679,-0.6686,-0.6676,6380591458888452736,7.82048082134107,-16.794567041448,1.16867608590403,AIS,0.0771262,GALEX J003116.9-164740,3,282,282,22.4353,0.3740922,14.12852,0.004852909,3.853755,1.327495,8102.016,36.20474,0.02154496,7.75061,-16.75619,1920.021,1926.292,,240.2113,235.7128,2,0.03579993,0.02220912,0,0.05405814734142884,0.0697817834363292,0.03926723486038573,8.60569721656367,7.580457065139614,8.186828852658572,13.9725344896,1.0252401514240557,-0.9324134946563634
96,21,14,HD 4306,-3.04,4854, 1.61,11.363333333333332,-9.544416666666667,0.00016143993882562776,2473977823368495360,11.363445361141798,0.026314972,-9.544292807467837,0.015361042,2.04668049023107,0.033116627,8.7712145,8.159733,9.1935625,1.0338297,,,,14,0.000161439938825628,11.3634453611418,0.026314972,-9.54429280746784,0.015361042,2.04668049023107,0.033116627,8.7712145,8.159733,9.1935625,1.0338297,NaN,NaN,NaN,6380450726766708666,11.3632536650137,-9.54439182965747,0.768264749517651,AIS,0.3150523,GALEX J004527.1-093239,1,175,175,-999,-999,14.09063,0.005954863,-999,-999,8389.688,46.00317,0.03665667,11.68262,-9.53652,1926.998,1914.051,,248.7403,243.5419,0,-99,-99,0,0.09253411478458724,0.11913024283839657,0.0669065022344512,9.074432257161604,8.092826497765548,8.678680385215412,13.825235709200001,0.9816057593960554,-1.3264162268743585
97,33,20,HD 6268,-2.74,4696, 1.23,15.825833333333332,-27.88052777777778,0.00028969038564156393,5033960575837265920,15.825567437336941,0.017081687,-27.88069223215633,0.0147968065,1.472025587869542,0.02495086,7.820003,7.1542478,8.302231,1.1479831,,,,20,0.000289690385641564,15.8255674373369,0.017081687,-27.8806922321563,0.0147968065,1.47202558786954,0.02495086,7.820003,7.1542478,8.302231,1.1479831,NaN,NaN,NaN,6380802576930047673,15.825731937983,-27.8804192469618,1.11346469134461,AIS,0.3209788,GALEX J010318.1-275249,1,104,104,-999,-999,14.45452,0.009249403,-999,-999,6000.558,51.10643,0.01797716,15.4637,-27.90588,1929.143,1912.619,,177.9066,174.9813,0,-99,-99,0,0.044323786981217826,0.057701530897970116,0.03261431407029641,8.24452946910203,7.121633485929704,7.775679213018782,14.3243653616,1.1228959831723264,-0.794461529020122
98,233,82,HD 88609,-2.98,4541, 0.80,153.6208333333333,53.560944444444445,0.0001575470891563628,851658896305185024,153.62079945847336,0.013118374,53.56078355828674,0.015432908,0.8566517079030059,0.020967834,8.269851,7.5582795,8.81485,1.2565703,-0.1596,-0.1599,-0.1592,82,0.000157547089156363,153.620799458473,0.013118374,53.5607835582867,0.015432908,0.856651707903006,0.020967834,8.269851,7.5582795,8.81485,1.2565703,-0.1596,-0.1599,-0.1592,3050944793467164983,153.620939984348,53.5609769474743,0.758278886596957,GII,0.004099856,GALEX J101429.0+533339,3,1527.2,1527.2,22.9419,0.1891394,15.64851,0.004178938,2.416798,0.4209132,1998.008,7.688354,0.009273457,153.62277,53.56493,1917.624,1930.068,GR6/pipe/01-vsn/21177-GI1_025002_HD88609/g/01-main/0001-img/07-try/qa/spjpeg/GI1_025002_HD88609_id006455-ng-prc_int.jpeg,59.23764,58.43053,256,0.02245114,0.01869839,0,0.022384926324829763,0.0294556863142011,0.016724214035217174,8.7853943136858,7.541555285964783,8.24746607367517,15.58137017132,1.243839027721016,-0.7734345088666039
99,5,4,HE 0024-2523,-2.82,6635, 4.11,6.8654166666666665,-25.107833333333335,0.0004467470136255496,2347624455364935424,6.86507457570907,0.020230275,-25.108150185303668,0.023667658,0.7087677760362823,0.028700825,14.803248,14.422252,15.023677,0.6014252,-1.9875,-2.061,-1.9243,4,0.00044674701362555,6.86507457570907,0.020230275,-25.1081501853037,0.023667658,0.708767776036282,0.028700825,14.803248,14.422252,15.023677,0.6014252,-1.9875,-2.061,-1.9243,6380591543711957903,6.86514464174957,-25.1078741411585,1.01966907966328,AIS,0.4246731,GALEX J002727.6-250628,1,108,108,-999,-999,17.42673,0.03399938,-999,-999,388.4236,12.16037,0.01715815,7.22159,-24.83231,1911.582,1919.89,,11.51612,11.66983,0,-99,-99,0,0.04676080530793401,0.058125728116242704,0.03186321738853824,14.965551271883756,14.390388782611462,14.756487194692067,17.302504994,0.5751624892722944,-1.239299186269914
100,12,8,HE 0028-2152,-2.74,6184, 3.75,7.7820833333333335,-21.602027777777778,0.0001467843530912306,2360722834307410944,7.781963805561972,0.0344351,-21.602117359636992,0.03381959,0.4630817340225274,0.045527752,15.6305,15.226481,15.868164,0.6416826,-2.7367,-3.1254,-2.477,8,0.000146784353091231,7.78196380556197,0.0344351,-21.602117359637,0.03381959,0.463081734022527,0.045527752,15.6305,15.226481,15.868164,0.6416826,-2.7367,-3.1254,-2.477,6380591510425964634,7.78177863044059,-21.6020460724161,0.67083786857848,AIS,0.4897087,GALEX J003107.6-213607,1,96,96,-999,-999,18.32556,0.05905511,-999,-999,169.7363,9.230014,0.01953082,7.78078,-22.09175,1852.086,1868.429,,5.0324,5.078469,0,-99,-99,0,0.052856879341693044,0.06591341597358442,0.03621731202794216,15.802250584026416,15.190263687972058,15.577643120658307,18.1841568632,0.6119868960543577,-1.4242579611533266
101,24,16,HE 0049-3948,-3.68,6466, 3.78,13.055833333333332,-39.54358333333333,0.00020897565748284993,4999601077986760320,13.055571181659912,0.019014757,-39.54363062219587,0.013854623,0.4855528672972308,0.028781844,15.196624,14.832436,15.405204,0.5727682,-3.3272,-3.379,-2.8502,16,0.00020897565748285,13.0555711816599,0.019014757,-39.5436306221959,0.013854623,0.485552867297231,0.028781844,15.196624,14.832436,15.405204,0.5727682,-3.3272,-3.379,-2.8502,6384532111783628994,13.0555340950384,-39.5434895538329,0.518177279541817,AIS,0.5084425,GALEX J005213.3-393236,3,442,332,22.79301,0.4584987,17.72277,0.01939771,2.772029,1.170324,295.7269,5.282158,0.009386665,12.39821,-39.58514,1923.341,1967.952,,8.767812,8.945302,4,0.0257511,0.02304203,0,0.025685890441853976,0.031865910189210554,0.01744710366629827,15.373338089810789,14.814988896333702,15.170938109558145,17.6548105454,0.5583491934770866,-1.1710832122010624
102,29,17,HE 0054-2123,-2.59,6424, 4.35,14.221666666666666,-21.12488888888889,0.00019386135248758332,2355498676607137024,14.221878496388074,0.028302185,-21.124892013028504,0.015681978,0.3501150195093385,0.035247162,15.356674,14.973582,15.579559,0.60597706,-2.7401,-3.5566,-2.2241,17,0.000193861352487583,14.2218784963881,0.028302185,-21.1248920130285,0.015681978,0.350115019509338,0.035247162,15.356674,14.973582,15.579559,0.60597706,-2.7401,-3.5566,-2.2241,4518203478514870086,14.2215663583083,-21.1249483695698,1.06763542780578,MIS,0.5664397,GALEX J005653.1-210729,1,1631.25,0,-999,-999,18.0594,0.01254843,-999,-999,216.8908,2.506114,0.02015952,14.01371,-21.6573,1904.066,1912.485,,6.430453,6.448233,0,-99,-99,-999,0.05491866096078829,0.0682816443390801,0.037432570220746565,15.51127735566092,14.936149429779254,15.301755339039211,17.9134450752,0.5751279258816648,-1.1815604430308229
103,30,18,HE 0057-5959,-4.08,5257, 2.65,14.974999999999998,-59.72497222222223,1.7856887661892934e-05,4903905598859396480,14.974962072777661,0.01569587,-59.72497617565184,0.017107856,0.16934552889897647,0.020239564,15.081323,14.550106,15.429087,0.87898064,-3.8298,-3.9593,-3.624,18,1.78568876618929E-05,14.9749620727777,0.01569587,-59.7249761756518,0.017107856,0.169345528898976,0.020239564,15.081323,14.550106,15.429087,0.87898064,-3.8298,-3.9593,-3.624,6384708070149195611,14.974867427129,-59.7248647940433,0.436219295985333,AIS,0.2203903,GALEX J005953.9-594329,1,219,219,-999,-999,19.0502,0.05482231,-999,-999,87.08063,4.395913,0.0188601,15.24209,-59.55071,1892.798,1942.728,,2.581796,2.56157,0,-99,-99,0,0.04886956925217953,0.06214643759636211,0.034645050365573374,15.366940562403638,14.515460949634425,15.03245343074782,18.913652876,0.8514796127692126,-1.7022876069998807
104,34,21,HE 0102-0633,-2.90,6371, 3.83,16.35708333333333,-6.293166666666666,0.00011405351783929198,2476709216409802880,16.35715083466149,0.028963814,-6.293261893785954,0.02141007,0.6470622149046855,0.033366848,15.381234,14.847109,15.735482,0.8883734,-1.2728,-1.3315,-1.1904,21,0.000114053517839292,16.3571508346615,0.028963814,-6.29326189378595,0.02141007,0.647062214904686,0.033366848,15.381234,14.847109,15.735482,0.8883734,-1.2728,-1.3315,-1.1904,6380345238074951459,16.3568537756384,-6.29285608952425,1.80668678847256,AIS,0.1574853,GALEX J010525.6-061734,1,105,105,-999,-999,19.54181,0.107697,-999,-999,55.37025,5.490986,0.1404162,16.30318,-6.44103,1919.88,1935.639,,1.641636,1.55389,0,-99,-99,0,0.3694529408615477,0.4674802826321746,0.2585224569141126,15.268001717367826,14.588586543085887,15.011781059138452,18.525196712000003,0.6794151742819388,-1.272235920832598
105,35,22,HE 0102-1213,-3.28,6100, 3.65,16.366666666666664,-11.958638888888888,0.0003801070898906311,2469299431456345984,16.366398195877515,0.011650834,-11.958907948183437,0.008647207,0.7976666753689438,0.01550173,13.4195795,12.982697,13.683591,0.70089436,-2.2011,-2.339,-1.8751,22,0.000380107089890631,16.3663981958775,0.011650834,-11.9589079481834,0.008647207,0.797666675368944,0.01550173,13.4195795,12.982697,13.683591,0.70089436,-2.2011,-2.339,-1.8751,6380450750389027458,16.3664288936201,-11.9587367136881,0.625852969912797,AIS,0.3528608,GALEX J010527.9-115731,1,112,112,-999,-999,16.51218,0.02333419,-999,-999,901.8384,19.37723,0.02763397,16.24419,-11.62678,1971.785,1942.14,,26.73801,27.26889,0,-99,-99,0,0.07406902701792474,0.09277897135608905,0.05113719294077389,13.59081202864391,12.931559807059227,13.345510472982074,16.3121100572,0.6592522215846834,-1.39260888310044
106,37,23,HE 0105-2202,-2.75,6267, 4.44,16.88,-21.768472222222222,0.00016531511411244033,2352576105980832256,16.880181841024466,0.028464375,-21.768477567615264,0.026119465,0.6205185702261546,0.041838843,15.612561,15.211086,15.8508415,0.63975525,-2.6327,-2.8174,-2.4533,23,0.00016531511411244,16.8801818410245,0.028464375,-21.7684775676153,0.026119465,0.620518570226155,0.041838843,15.612561,15.211086,15.8508415,0.63975525,-2.6327,-2.8174,-2.4533,6380626692650569794,16.8802798763984,-21.7686026274538,0.556884647804837,AIS,0.5796367,GALEX J010731.2-214606,1,128,128,-999,-999,18.27074,0.04877,-999,-999,178.5274,8.017294,0.01634731,16.62061,-22.2959,1928.632,1913.094,,5.293042,5.367539,0,-99,-99,0,0.0442366570123735,0.055163719924464345,0.030314363582267422,15.795677780075534,15.180771636417733,15.568324342987626,18.1523854756,0.6149061436578016,-1.4570654581757108
107,39,25,HE 0107-5240,-5.54,5100, 2.20,17.371666666666663,-52.4095,0.00010322965577454748,4927204800008334464,17.371498659419984,0.01440943,-52.409517571020274,0.016239729,0.10636993673248143,0.019453598,14.949968,14.375464,15.340742,0.9652777,-1.1738,-1.1995,-1.0595,25,0.000103229655774547,17.37149865942,0.01440943,-52.4095175710203,0.016239729,0.106369936732481,0.019453598,14.949968,14.375464,15.340742,0.9652777,-1.1738,-1.1995,-1.0595,6384672949127875932,17.3713889749639,-52.409456505737,0.32610893324934,AIS,0.05855558,GALEX J010929.1-522434,1,502,502,-999,-999,19.33655,0.0431887,-999,-999,66.89276,2.660231,0.01333683,17.39843,-52.35327,1914.891,1947.106,,1.98326,1.988843,4,-99,-99,0,0.03398854521715748,0.04355002692130557,0.024403382183770715,15.297191973078695,14.351060617816229,14.915979454782843,19.2399913508,0.946131355262466,-1.8598304584060283
108,51,32,HE 0130-2303,-3.02,6548, 4.28,23.325833333333332,-22.810222222222222,0.00018957170980954998,5042055695836631168,23.32603890679161,0.014766511,-22.810258773218553,0.011528601,0.6143033054925531,0.020985007,14.636457,14.26489,14.852677,0.5877876,-2.1699,-2.3894,-1.924,32,0.00018957170980955,23.3260389067916,0.014766511,-22.8102587732186,0.011528601,0.614303305492553,0.020985007,14.636457,14.26489,14.852677,0.5877876,-2.1699,-2.3894,-1.924,6380661877022654560,23.3258580283028,-22.8101882447007,0.651729929699208,AIS,0.5585321,GALEX J013318.2-224836,1,204.05,204.05,-999,-999,17.23683,0.0240267,-999,-999,462.6652,10.23602,0.01061531,23.52535,-22.28292,1932.779,1918.965,,13.71726,13.76007,0,-99,-99,0,0.028974149262342923,0.03598752634039475,0.01972052663548285,14.816689473659606,14.245169473364516,14.607482850737657,17.1599751556,0.5715200002950898,-1.191361846318082
109,53,33,HE 0132-2439,-3.79,5249, 2.63,23.745416666666664,-24.405166666666666,0.00015679923807909341,5038842338744610816,23.74524987762649,0.016627919,-24.40518914202376,0.013353513,0.18725701523689223,0.023104861,14.598391,14.050047,14.958824,0.90877724,,,,33,0.000156799238079093,23.7452498776265,0.016627919,-24.4051891420238,0.013353513,0.187257015236892,0.023104861,14.598391,14.050047,14.958824,0.90877724,NaN,NaN,NaN,6380661904939946476,23.7450864796912,-24.40487525527,1.25053092517641,AIS,0.4906099,GALEX J013458.8-242417,1,184,0,-999,-999,18.7709,0.05223631,-999,-999,112.626,5.417281,0.01285888,23.94352,-24.86112,1920.551,1929.718,,3.339175,3.388158,1,-99,-99,-999,0.033110506918674516,0.04222326041355599,0.02358741142180952,14.916600739586444,14.02645958857819,14.565280493081325,18.6778017088,0.8901411510082546,-1.706506772753654
110,87,38,HE 0142+0147,-2.67,6244, 3.79,26.19958333333333,2.0383055555555556,0.00011381257153139559,2512174651158455552,26.199597646285167,0.031889454,2.038191833408186,0.025219278,0.5549393405419153,0.036433414,15.423029,15.024081,15.6592865,0.63520527,-2.5107,-2.6927,-2.3332,38,0.000113812571531396,26.1995976462852,0.031889454,2.03819183340819,0.025219278,0.554939340541915,0.036433414,15.423029,15.024081,15.6592865,0.63520527,-2.5107,-2.6927,-2.3332,6380274895100578747,26.1994884189843,2.03850100255237,1.18034480571236,AIS,0.5934054,GALEX J014447.8+020218,1,342.05,342.05,-999,-999,18.10807,0.03190064,-999,-999,207.3827,6.091753,0.02135204,26.79315,2.0507,1877.072,1908.644,,6.148554,6.253642,33,-99,-99,32,0.05786891777414024,0.07211867884842399,0.03960528209259735,15.587167821151576,14.984475717907403,15.36516008222586,17.9534812304,0.6026921032441734,-1.3870464406871257
111,88,39,HE 0143-0441,-2.32,6276, 3.84,26.40791666666666,-4.445388888888889,0.0001012593576263734,2480287302124327296,26.40802202490399,0.03966737,-4.445409546326884,0.037790176,0.32768728332318925,0.051691182,16.244343,15.816757,16.507055,0.6902981,-0.878,-0.9056,-0.8533,39,0.000101259357626373,26.408022024904,0.03966737,-4.44540954632688,0.037790176,0.327687283323189,0.051691182,16.244343,15.816757,16.507055,0.6902981,-0.878,-0.9056,-0.8533,6380380384866076838,26.407875607773,-4.44524991905736,0.778716311912889,AIS,0.08882286,GALEX J014537.8-042642,1,103,96,-999,-999,19.07229,0.08397881,-999,-999,85.32658,6.598181,0.02286358,26.46886,-4.51001,1911.414,1928.331,,2.529792,2.555003,0,-99,-99,0,0.06135980344667735,0.0768101669619867,0.04232275605199769,16.430244833038014,15.774434243948003,16.182983196553323,18.9067576808,0.6558105890900112,-1.6003541482850752
112,89,40,HE 0146-1548,-3.46,4636, 0.99,27.144583333333333,-15.556777777777778,8.831558166628286e-05,5142929531133360768,27.144670563563796,0.026944911,-15.556816440815771,0.02050853,0.030030240638177247,0.034797467,15.412099,14.758708,15.892648,1.1339397,-1.4295,-1.4336,-1.4236,40,8.83155816662829E-05,27.1446705635638,0.026944911,-15.5568164408158,0.02050853,0.0300302406381772,0.034797467,15.412099,14.758708,15.892648,1.1339397,-1.4295,-1.4336,-1.4236,6380485988448210304,27.1445787771605,-15.5567099246466,0.49836884290725,AIS,0.3343283,GALEX J014834.7-153324,1,192,192,-999,-999,21.69224,0.3185156,-999,-999,7.640182,2.240808,0.01696287,26.82829,-15.69453,1953.107,1935.007,,0.2265188,0.2620099,0,-99,-99,0,0.04192605578632969,0.05451328289462483,0.030794774984116164,15.838134717105374,14.727913225015884,15.37017294421367,21.569428821200002,1.1102214920894902,-1.0591098773816832
113,90,41,HE 0148-2611,-3.05,6605, 4.23,27.748333333333335,-25.950888888888887,0.0002917775814839201,5025791376240891392,27.74856662347199,0.012487076,-25.95109515729945,0.011950092,0.8164430805902216,0.018155003,14.3372135,13.970878,14.549191,0.5783138,-4.0198,-4.1232,-3.6352,41,0.00029177758148392,27.748566623472,0.012487076,-25.9510951572994,0.011950092,0.816443080590222,0.018155003,14.3372135,13.970878,14.549191,0.5783138,-4.0198,-4.1232,-3.6352,6380661921048169389,27.7485687642035,-25.9509222224097,0.622604167084861,AIS,0.3564705,GALEX J015059.6-255703,3,302,302,21.22724,0.1920878,16.90954,0.01566712,11.72479,2.073839,625.439,9.022861,0.01362414,28.13018,-25.85481,1912.387,1915.583,,18.54323,18.62641,0,0.1089189,0.1061786,0,0.037266694270459776,0.04624428739378695,0.025320078261098517,14.502946712606214,13.945557921738903,14.29994680572954,16.8109012264,0.5573887908673107,-1.149339414237522
114,91,42,HE 0206-1916,-2.52,5073, 2.23,32.33166666666666,-19.032083333333333,0.0001293488785884284,5137368888514963072,32.33180123978333,0.01117686,-19.032123662310003,0.011844393,0.14569907975868204,0.01784045,13.746119,13.082533,14.264871,1.1823378,,,,42,0.000129348878588428,32.3318012397833,0.01117686,-19.03212366231,0.011844393,0.145699079758682,0.01784045,13.746119,13.082533,14.264871,1.1823378,NaN,NaN,NaN,6380661829778015311,32.3317758973105,-19.0321656015534,0.173878322543523,AIS,0.2986758,GALEX J020919.6-190155,1,215,215,-999,-999,19.65934,0.07332886,-999,-999,49.6894,3.355126,0.02083428,32.39125,-18.73884,1911.83,1873.315,,1.473208,1.497379,0,-99,-99,0,0.051062125090608174,0.06667378646578533,0.037735560140751016,14.198197213534215,13.044797439859249,13.695056874909392,19.5084998128,1.1533997736749662,-1.73471771608728
115,92,43,HE 0207-1423,-2.95,5023, 2.07,32.50291666666666,-14.153083333333333,8.6939252837701e-05,5148615002680748160,32.50301077359603,0.022447923,-14.1530923431392,0.018200241,0.25580299316536137,0.026089001,14.858636,14.282327,15.259857,0.9775305,-0.8806,-0.8814,-0.8801,43,8.6939252837701E-05,32.503010773596,0.022447923,-14.1530923431392,0.018200241,0.255802993165361,0.026089001,14.858636,14.282327,15.259857,0.9775305,-0.8806,-0.8814,-0.8801,6380521145976752158,32.5028486710473,-14.1529922324631,0.670879678458788,AIS,0.08270735,GALEX J021000.6-140910,1,111,111,-999,-999,19.04079,0.07892291,-999,-999,87.83797,6.383452,0.02402666,32.58718,-14.14058,1934.891,1910.294,,2.60425,2.656282,0,-99,-99,0,0.06118121495870681,0.07843373244550762,0.0439515819921732,15.181423267554493,14.238375418007827,14.797454785041294,18.866836981600002,0.9430478495466659,-2.1216100404533265
116,93,44,HE 0218-2738,-3.57,6593, 4.29,35.26625,-27.41125,5.903234249920097e-05,5116788058066970112,35.26631494829745,0.012814849,-27.411273179200062,0.018260948,0.5321933577129225,0.02638345,14.767516,14.381766,14.990751,0.60898495,-3.1936,-3.4992,-3.0139,44,5.9032342499201E-05,35.2663149482974,0.012814849,-27.4112731792001,0.018260948,0.532193357712923,0.02638345,14.767516,14.381766,14.990751,0.60898495,-3.1936,-3.4992,-3.0139,6385200695383954150,35.266591785979,-27.4111897311396,0.934333373941578,AIS,0.3889056,GALEX J022103.9-272440,3,224,224,22.09195,0.3511676,17.50267,0.02583723,5.287169,1.709652,362.1862,8.616839,0.01319398,35.04297,-27.74579,1912.863,1887.951,,10.73822,10.95475,0,0.04911581,0.02343105,0,0.035887594045374685,0.04464637516072541,0.02449322673106802,14.946104624839274,14.357272773268933,14.731628405954625,17.4071455848,0.5888318515703403,-1.1877774504072143
117,95,45,HE 0228-4047,-3.75,6515, 4.35,37.64041666666666,-40.56522222222222,0.0001162050450391824,4951321007015688192,37.64036450801552,0.015671805,-40.565114716468635,0.018180553,0.39852427471142826,0.024292145,14.995048,14.613784,15.215945,0.6021614,-2.0731,-2.3441,-1.7303,46,0.000116205045039182,37.6403645080155,0.015671805,-40.5651147164686,0.018180553,0.398524274711428,0.024292145,14.995048,14.613784,15.215945,0.6021614,-2.0731,-2.3441,-1.7303,3081027431603124249,37.6403133043396,-40.5651668323665,0.234113555864675,GII,0.5053669,GALEX J023033.6-403354,3,6641.2,6228.2,22.26234,0.102433,17.61967,0.005144652,4.519262,0.4262628,325.1875,1.540494,0.02132766,37.25692,-40.9788,1906.301,1912.735,,9.641272,9.449311,0,0.04198224,0.03253037,256,0.058150971779170134,0.07227350838507379,0.03960785683187372,15.143671491614926,14.574176143168128,14.93689702822083,17.4652577416,0.5694953484467984,-1.2315100233041916
118,126,49,HE 0231-6025,-3.10,6437, 4.36,38.1275,-60.20311111111111,5.586783779066006e-05,4725830447971369856,38.127500261348224,0.0134704085,-60.203168364068006,0.014566624,0.8338945506967806,0.015166404,14.205813,13.831191,14.42244,0.5912485,-3.922,-4.1236,-2.8605,49,5.58678377906601E-05,38.1275002613482,0.0134704085,-60.203168364068,0.014566624,0.833894550696781,0.015166404,14.205813,13.831191,14.42244,0.5912485,-3.922,-4.1236,-2.8605,6384602515961283626,38.1270883501232,-60.2031833000843,0.738840784562169,AIS,0.3065831,GALEX J023230.5-601211,3,92,92,21.37262,0.3729024,16.91141,0.02934807,10.25545,3.521438,624.3592,16.87268,0.02992964,37.74361,-59.96357,2199.9,2085.76,,18.51122,18.91643,0,0.09526924,0.06972278,0,0.08186825511546506,0.10161492466283051,0.055612475297064486,14.320825075337169,13.775578524702937,14.123944744884534,16.6947194064,0.5452465506342321,-1.055196172722507
119,129,52,HE 0242-0732,-3.30,6572, 4.29,41.252916666666664,-7.328361111111111,0.00019284041839138683,5177664890160789504,41.25293764160523,0.029705094,-7.328555093140509,0.03002689,0.6543032783175327,0.035817813,15.655465,15.223354,15.921046,0.6976919,-3.4158,-3.5033,-3.3135,52,0.000192840418391387,41.2529376416052,0.029705094,-7.32855509314051,0.03002689,0.654303278317533,0.035817813,15.655465,15.223354,15.921046,0.6976919,-3.4158,-3.5033,-3.3135,6380872942453001806,41.2527319027781,-7.328245978088,1.33341915782687,AIS,0.4000096,GALEX J024500.6-071941,1,112,112,-999,-999,18.45472,0.058178,-999,-999,150.6994,8.073101,0.02693508,41.37402,-7.70976,1911.809,1921.206,,4.467987,4.594785,0,-99,-99,0,0.07223082911259773,0.09045568952988114,0.049849307606852515,15.83059031047012,15.173504692393148,15.583234170887401,18.259710020799996,0.6570856180769713,-1.6668114967003165
120,132,53,HE 0253-1331,-3.01,6474, 4.34,44.02791666666667,-13.324166666666667,0.0001325827429592749,5159232539793658112,44.027823952716055,0.033259716,-13.324261084732484,0.034985743,0.4544864506970501,0.045025337,15.357815,14.959679,15.58647,0.626791,-3.3598,-3.8098,-2.9769,53,0.000132582742959275,44.0278239527161,0.033259716,-13.3242610847325,0.034985743,0.45448645069705,0.045025337,15.357815,14.959679,15.58647,0.626791,-3.3598,-3.8098,-2.9769,6380873014393705084,44.0277213620653,-13.3245211137252,1.0027205690822,AIS,0.6019223,GALEX J025606.6-131928,1,189,189,-999,-999,18.015,0.06191954,-999,-999,225.9442,12.88247,0.03645014,44.04275,-13.92627,1921.896,1857.726,,6.698872,6.773692,33,-99,-99,32,0.09915450551133291,0.12339220564513988,0.0676487579824147,15.463077794354861,14.892030242017585,15.258660494488668,17.7511009864,0.5710475523372764,-1.3185231037922964
121,146,59,HE 0314-1739,-2.86,6570, 4.25,49.25749999999999,-17.481916666666667,0.00011493389783218649,5106062665735746432,49.25741673263044,0.022873214,-17.481997833276385,0.02950438,0.3398308148790335,0.039896,15.874455,15.475175,16.114323,0.63914776,-1.9987,-2.1703,-1.8008,59,0.000114933897832186,49.2574167326304,0.022873214,-17.4819978332764,0.02950438,0.339830814879033,0.039896,15.874455,15.475175,16.114323,0.63914776,-1.9987,-2.1703,-1.8008,2922029254133687018,49.2574634074653,-17.4820535964025,0.256876233559914,MIS,0.3274733,GALEX J031701.7-172855,3,2246.05,2246.05,23.26551,0.2562492,18.61727,0.01464083,1.793896,0.4232821,129.7449,1.749147,0.04172319,49.46672,-17.74179,1909.559,1915.039,,3.846722,3.890013,0,0.01666461,0.02097039,0,0.11332930192731379,0.14113873991664888,0.07740721324346117,15.97318426008335,15.397767786756539,15.761125698072686,18.3151941044,0.5754164733268112,-1.2994679722242726
122,148,60,HE 0336+0113,-2.60,5819, 3.59,54.72041666666666,1.3855,0.0004772817485495476,3270745624585276160,54.72087925635903,0.03052436,1.3853559121546748,0.02596872,1.2145509048123149,0.03353863,14.764308,14.197896,15.15997,0.9620743,-0.5561,-0.587,-0.5314,60,0.000477281748549548,54.720879256359,0.03052436,1.38535591215467,0.02596872,1.21455090481231,0.03353863,14.764308,14.197896,15.15997,0.9620743,-0.5561,-0.587,-0.5314,3781126067424597655,54.7205877245918,1.38548521617217,1.14783343889151,MIS,0.2676599,GALEX J033852.9+012307,1,1704,1704,-999,-999,18.55255,0.01592001,-999,-999,137.7149,2.018805,0.1103317,54.69307,1.11924,1909.98,1933.322,,4.083018,4.166234,0,-99,-99,0,0.2851094878701374,0.36352334537703274,0.20239349226634976,14.796446654622967,13.99550250773365,14.479198512129862,17.753748492,0.8009441468893161,-2.216696462780555
123,150,61,HE 0355-3728,-3.41,6418, 4.39,59.34583333333333,-37.33972222222222,0.00034019576202648326,4857348634407724160,59.346015594338795,0.019594382,-37.3394169511542,0.02439882,0.3281138758990853,0.027431497,15.768085,15.388848,15.989293,0.6004448,-3.8486,-4.0668,-3.441,63,0.000340195762026483,59.3460155943388,0.019594382,-37.3394169511542,0.02439882,0.328113875899085,0.027431497,15.768085,15.388848,15.989293,0.6004448,-3.8486,-4.0668,-3.441,6385622829463765398,59.3457575314721,-37.339371502309,0.756533060249785,AIS,0.5915826,GALEX J035722.9-372021,1,222,222,-999,-999,18.34978,0.04206689,-999,-999,165.9917,6.429791,0.006241786,59.77906,-36.85923,1888.854,1927.184,,4.921378,4.948109,33,-99,-99,32,0.016987057988770385,0.0211254026821437,0.011589441548902676,15.968167597317857,15.377258558451096,15.75109794201123,18.30458946936,0.5909090388667604,-1.304404283273942
124,187,69,HE 0441-0652,-2.77,4811, 1.52,70.87458333333332,-6.781527777777778,5.6008415963577476e-05,3187834888708843008,70.87453679802893,0.014058806,-6.781552903251165,0.010228251,0.10506314742346198,0.018695693,13.975046,13.267485,14.527239,1.2597542,-0.1669,-0.1713,-0.1627,69,5.60084159635775E-05,70.8745367980289,0.014058806,-6.78155290325116,0.010228251,0.105063147423462,0.018695693,13.975046,13.267485,14.527239,1.2597542,-0.1669,-0.1713,-0.1627,3957927537372305529,70.8745704811927,-6.78153393742352,0.138421664829171,MIS,0.5866601,GALEX J044329.9-064653,1,1517.05,0,-999,-999,19.7975,0.08722614,-999,-999,43.75219,3.51412,0.14172,70.98908,-7.35708,1920.808,1902.087,,1.29718,1.034628,9,-99,-99,-999,0.3478545138234342,0.45443718987558834,0.25667550737275924,14.072801810124412,13.010809492627242,13.627191486176567,18.7714472,1.06199231749717,-2.1065488637316045
125,200,77,HE 0945-1435,-3.77,6344, 4.43,146.96124999999998,-14.818583333333333,0.00018989145569285552,5687210361230578176,146.96106091324523,0.025062112,-14.818581962835207,0.019859053,0.7985329562568829,0.029669465,15.0733795,14.658064,15.322645,0.6645813,-3.1839,-3.4453,-2.7246,79,0.000189891455692856,146.961060913245,0.025062112,-14.8185819628352,0.019859053,0.798532956256883,0.029669465,15.0733795,14.658064,15.322645,0.6645813,-3.1839,-3.4453,-2.7246,6382104454531907652,146.961353886202,-14.818618541753,1.02809198486981,AIS,0.5673611,GALEX J094750.7-144907,1,96,96,-999,-999,17.84419,0.04724806,-999,-999,264.4378,11.50476,0.06245628,147.11279,-14.27052,1853.206,1901.989,,7.840141,7.71976,256,-99,-99,0,0.1693644364425221,0.21114884932034,0.11580559790347765,15.11149615067966,14.542258402096522,14.904015063557477,17.3920065328,0.5692377485831379,-1.3814183329903962
126,238,83,HE 1012-1540,-3.47,5745, 3.45,153.72291666666663,-15.931444444444445,0.0005767639373477412,3751852536639575808,153.72234162853272,0.015749488,-15.931311607029654,0.014478383,2.545592418792035,0.018656608,13.851529,13.326099,14.197296,0.87119675,-2.2511,-2.3834,-2.1497,83,0.000576763937347741,153.722341628533,0.015749488,-15.9313116070297,0.014478383,2.54559241879203,0.018656608,13.851529,13.326099,14.197296,0.87119675,-2.2511,-2.3834,-2.1497,6382139650715157831,153.722778974154,-15.931482802783,1.6346073242742,AIS,0.3965144,GALEX J101453.4-155553,1,96,96,-999,-999,17.60467,0.04027224,-999,-999,329.7106,12.22669,0.07025122,153.32616,-15.82335,1866.649,1930.174,,9.775373,10.00429,17,-99,-99,0,0.18359428734214378,0.23275661160053082,0.12924126187439228,13.96453938839947,13.196857738125606,13.667934712657855,17.0960511672,0.7676816502738628,-1.7454085595801088
127,244,85,HE 1031-0020,-2.79,5043, 2.13,158.60083333333333,-0.6023333333333333,5.896022410537622e-05,3806752354805057408,158.60087425998412,0.019072607,-0.6023855025961434,0.018732024,0.202120075679764,0.021874782,14.068138,13.427928,14.553544,1.1256161,-0.5988,-0.6031,-0.5955,85,5.89602241053762E-05,158.600874259984,0.019072607,-0.602385502596143,0.018732024,0.202120075679764,0.021874782,14.068138,13.427928,14.553544,1.1256161,-0.5988,-0.6031,-0.5955,2412453993169027178,158.6011299037,-0.602224596126875,1.08739893389959,MIS,0.5826619,GALEX J103424.2-003608,1,1690.1,1690.1,-999,-999,19.08065,0.02221574,-999,-999,84.67223,1.732096,0.06892827,158.57099,-0.02034,1893.645,1890.926,,2.510391,2.57147,1,-99,-99,256,0.17180305529140824,0.22260565360826148,0.12538305763752616,14.330938346391738,13.302544942362474,13.896334944708592,18.5816093252,1.0283934040292646,-2.1710858009902205
128,246,86,HE 1055+0104,-2.87,6287, 4.43,164.51833333333332,0.81,0.00020374046902202225,3804951389118344704,164.51844415560055,0.01870704,0.8098211984970035,0.016986232,1.1445133816975765,0.021714259,14.100886,13.696297,14.34456,0.648263,-2.4659,-2.4887,-2.4338,88,0.000203740469022022,164.518444155601,0.01870704,0.809821198497004,0.016986232,1.14451338169758,0.021714259,14.100886,13.696297,14.34456,0.648263,-2.4659,-2.4887,-2.4338,2412876205636195975,164.518462032085,0.810131325392334,1.11830971592586,MIS,0.4593402,GALEX J105804.4+004836,3,1604.3,1604.3,21.75336,0.1696602,16.90393,0.007193276,7.222036,1.128262,628.678,4.164138,0.03714518,164.9757,0.76576,1899.893,1899.135,,18.63926,18.27282,1,0.06708999,0.06820329,0,0.10066037757924318,0.12548414232565952,0.06888538989917216,14.21907585767434,13.627411610100827,14.000225622420755,16.6349988968,0.5916642475735134,-1.3117047124278374
129,278,90,HE 1116-0054,-3.49,6454, 4.37,169.69916666666666,-1.1887222222222222,0.00024827947901626574,3791664989392373504,169.69931294188223,0.04246479,-1.1889308905557663,0.03252562,0.4220841388396453,0.043861676,15.937415,15.539095,16.175888,0.63679314,-2.712,-3.1383,-2.464,91,0.000248279479016266,169.699312941882,0.04246479,-1.18893089055577,0.03252562,0.422084138839645,0.043861676,15.937415,15.539095,16.175888,0.63679314,-2.712,-3.1383,-2.464,2930684609868863766,169.699431190113,-1.18885414564003,0.507413668398369,MIS,0.1639905,GALEX J111847.8-011119,3,1696.2,1696.2,23.57923,0.1703577,18.71164,0.01309763,1.343729,0.2107869,118.944,1.434516,0.04189424,169.58618,-1.30749,1808.733,1954.589,,3.526492,3.631971,0,0.01248273,-0.006525264,256,0.11384562866672927,0.1417529351337086,0.07773145697710128,16.03413506486629,15.461363543022898,15.82356937133327,18.4083257024,0.5727715218433929,-1.2521041895820542
130,311,97,HE 1142-1422,-2.84,6238, 2.80,176.2466666666666,-14.64711111111111,9.85994844534807e-05,3572694538597881600,176.24677587695345,0.015332645,-14.647123359661837,0.011041443,0.13363390689673565,0.018033432,14.173096,13.75764,14.422333,0.6646929,-0.9017,-1.0356,-0.7576,97,9.85994844534807E-05,176.246775876953,0.015332645,-14.6471233596618,0.011041443,0.133633906896736,0.018033432,14.173096,13.75764,14.422333,0.6646929,-0.9017,-1.0356,-0.7576,6382209996910758680,176.246839898873,-14.6470524178268,0.339040319325799,AIS,0.3272486,GALEX J114459.2-143849,1,96,96,-999,-999,17.79032,0.0472247,-999,-999,277.8882,12.08397,0.0439353,175.99897,-14.86985,1883,1917.04,,8.238926,8.454895,0,-99,-99,256,0.11882022171657233,0.14827346684594703,0.08143789504647826,14.274059533154054,13.676202104953521,14.054275778283428,17.472228428,0.5978574282005322,-0.5869408553034576
131,312,98,HE 1150-0428,-3.47,5208, 2.54,178.27749999999997,-4.750944444444444,7.377714621307581e-05,3599270524915072000,178.27753565164966,0.023053749,-4.751015086942033,0.014918406,0.12062842625141827,0.026366442,14.7206135,14.1151,15.154768,1.0396681,-0.2479,-0.2503,-0.245,98,7.37771462130758E-05,178.27753565165,0.023053749,-4.75101508694203,0.014918406,0.120628426251418,0.026366442,14.7206135,14.1151,15.154768,1.0396681,-0.2479,-0.2503,-0.245,6382596980980319735,178.27759526676,-4.75108541138607,0.331417255160636,AIS,0.4285704,GALEX J115306.6-044503,1,182.1,108,-999,-999,19.26245,0.06463385,-999,-999,71.61772,4.262365,0.02995566,177.9064,-4.53478,1946.287,1921.288,,2.123347,2.144333,0,-99,-99,0,0.07546928354275623,0.09724243255850044,0.05465066771703125,15.0575255674415,14.06044933228297,14.645144216457245,19.0455710216,0.9970762351585307,-2.1560380069304497
132,313,99,HE 1201-1512,-3.86,5725, 4.67,180.90416666666667,-15.4925,0.00039344014345280015,3568795670365205888,180.90430913051873,0.01452409,-15.492873897821116,0.012856656,2.2341496506506715,0.017321419,13.63744,13.171902,13.928612,0.75671005,-3.5782,-3.724,-3.4978,101,0.0003934401434528,180.904309130519,0.01452409,-15.4928738978211,0.012856656,2.23414965065067,0.017321419,13.63744,13.171902,13.928612,0.75671005,-3.5782,-3.724,-3.4978,6382210036639203879,180.90470853125,-15.4924274184306,2.12211655784846,AIS,0.4579442,GALEX J120337.1-152932,1,106,106,-999,-999,16.77967,0.02556764,-999,-999,704.908,16.59561,0.05045588,180.57294,-15.16481,1910.74,1938.097,,20.89935,21.0885,0,-99,-99,0,0.1342982612462031,0.168811931729419,0.09321023442932276,13.75980006827058,13.078691765570676,13.503141738753797,16.4143694288,0.6811083026999043,-1.6502745387493771
133,346,103,HE 1204-0744,-2.71,6500, 4.30,181.69249999999997,-8.01225,0.00016122594883842014,3594472015653451264,181.69252414453183,0.025061006,-8.0124127086072,0.019540764,0.5101585029569022,0.029375529,14.988426,14.604476,15.211653,0.6071768,-2.4787,-2.4951,-2.3752,103,0.00016122594883842,181.692524144532,0.025061006,-8.0124127086072,0.019540764,0.510158502956902,0.029375529,14.988426,14.604476,15.211653,0.6071768,-2.4787,-2.4951,-2.3752,6382597049699796203,181.692631947641,-8.01210076145809,1.18694543874349,AIS,0.4779859,GALEX J120646.2-080043,1,104,103,-999,-999,17.71327,0.04078635,-999,-999,298.3268,11.20411,0.02907863,182.13878,-7.82989,1899.556,1914.614,,8.844895,9.019816,0,-99,-99,0,0.0793006284672719,0.09856193849028502,0.053999491314848436,15.113091061509715,14.550476508685152,14.90912537153273,17.502740718800002,0.562614552824563,-1.1426798745596578
134,350,105,HE 1207-3108,-2.70,5294, 2.85,182.475,-31.419611111111113,0.00017433473935482988,3472600458906843392,182.47483490078028,0.01311941,-31.419703483653944,0.011297352,0.8595386494662521,0.017452057,12.034737,11.492955,12.39378,0.90082455,-2.499,-2.4998,-2.4968,105,0.00017433473935483,182.47483490078,0.01311941,-31.4197034836539,0.011297352,0.859538649466252,0.017452057,12.034737,11.492955,12.39378,0.90082455,-2.499,-2.4998,-2.4968,6386854326510289501,182.474971188035,-31.4198141567199,0.577966014934318,AIS,0.5736669,GALEX J120953.9-312511,1,80,80,-999,-999,16.05133,0.02263646,-999,-999,1378.691,28.73728,0.0627769,183.04472,-31.1166,1926.467,1900.981,,40.8759,40.0702,257,-99,-99,0,0.1629946867541509,0.20722544707400872,0.11532987257673508,12.18655455292599,11.377625127423265,11.871742313245848,15.596825244,0.8089294255027255,-1.695953021767716
135,355,109,HE 1300+0157,-3.75,5529, 3.25,195.73416666666665,1.6978055555555556,0.00014666396848741673,3691867477195410944,195.73431921484527,0.016457735,1.6977943072327224,0.012965058,0.5040824353114652,0.01946415,13.940539,13.430057,14.267695,0.83763885,-1.2025,-1.3358,-1.1614,109,0.000146663968487417,195.734319214845,0.016457735,1.69779430723272,0.012965058,0.504082435311465,0.01946415,13.940539,13.430057,14.267695,0.83763885,-1.2025,-1.3358,-1.1614,3060901970766213065,195.734494394683,1.69768717862541,0.738987827969992,GII,0.2412998,GALEX J130256.2+014151,1,5069.5,3700.4,-999,-999,17.54926,0.005800558,-999,-999,346.972,1.853251,0.02256373,195.81121,1.4689,1933.611,1921.183,,10.28714,10.14733,0,-99,-99,0,0.0589416740379782,0.07468454930623054,0.041523986386160776,14.19301045069377,13.38853301361384,13.881597325962021,17.3858985948,0.8044774370799299,-1.7837437462195433
136,365,112,HE 1320+0038,-2.68,6566, 3.99,200.64749999999998,0.3757222222222222,0.0003124817528968033,3687162387766844416,200.6472026652886,0.014575658,0.37579557463369323,0.011403323,0.7209947191468931,0.016499553,13.615577,13.2675495,13.817353,0.54980373,-2.172,-2.3881,-1.9464,112,0.000312481752896803,200.647202665289,0.014575658,0.375795574633693,0.011403323,0.720994719146893,0.016499553,13.615577,13.2675495,13.817353,0.54980373,-2.172,-2.3881,-1.9464,2949437880190108912,200.647233485053,0.375782616759703,0.120356540205787,MIS,0.5163346,GALEX J132235.3+002232,1,3375.8,0,-999,-999,16.28116,0.003775696,-999,-999,1115.674,3.878862,0.02120206,200.83665,0.85612,1934.347,1901.476,,33.07788,32.44133,1,-99,-99,-999,0.05835924280694283,0.07221967790913639,0.039448213717015596,13.745133322090865,13.228101286282984,13.557217757193056,16.1276570856,0.5170320358078815,-0.8486281471512305
137,366,114,HE 1320-2952,-3.69,5106, 2.26,200.72875,-30.134805555555555,3.3518265059473204e-05,6182077008471951872,200.72872367293007,0.025809906,-30.134794011225612,0.025291389,0.1245411532576749,0.034257285,15.321376,14.644242,15.8144455,1.1702032,-0.0704,-0.0715,-0.0699,114,3.35182650594732E-05,200.72872367293,0.025809906,-30.1347940112256,0.025291389,0.124541153257675,0.034257285,15.321376,14.644242,15.8144455,1.1702032,-0.0704,-0.0715,-0.0699,6388191365935662172,200.729570812772,-30.1353191248314,3.24501962522219,AIS,0.3454111,GALEX J132255.1-300807,1,334,96,-999,-999,18.78815,0.04225356,-999,-999,110.8512,4.312946,0.06640992,200.57796,-29.81585,1799.693,1926.483,,3.286556,3.31457,0,-99,-99,0,0.16410548694019894,0.21350881550365064,0.12053205540275098,15.600936684496348,14.523709944597249,15.157270513059801,18.307342179200003,1.0772267398990998,-4.016007630144147
138,369,115,HE 1327-2326,-5.76,6180, 3.70,202.52499999999998,-23.69713888888889,0.0005139648326897013,6194815228636688768,202.52449322638446,0.013797275,-23.6969364171368,0.009438696,0.9410702014224136,0.015419814,13.373862,12.919982,13.653929,0.7339468,-1.9269,-2.0655,-1.7481,115,0.000513964832689701,202.524493226384,0.013797275,-23.6969364171368,0.009438696,0.941070201422414,0.015419814,13.373862,12.919982,13.653929,0.7339468,-1.9269,-2.0655,-1.7481,3187389788626880035,202.524977048991,-23.696853073686,1.62288003955139,GII,0.4189949,GALEX J133005.9-234148,1,7651.05,6029.75,-999,-999,16.46994,0.002094474,-999,-999,937.6129,1.808293,0.07672408,202.43357,-23.28633,1792.955,1939.485,,27.79867,27.34595,264,-99,-99,392,0.20584407344767855,0.25792787310087556,0.14193062845780896,13.396001126899124,12.77805137154219,13.168017926552322,15.914457660800002,0.6179497553569337,-1.4760777490200683
139,375,118,HE 1346-0427,-3.57,6255, 4.47,207.3545833333333,-4.704111111111112,0.0006019804549904946,3632963817501130240,207.353992122963,0.017079873,-4.704026571835345,0.01511705,1.3682066681677614,0.01939844,13.990978,13.592398,14.228332,0.6359339,-3.4764,-3.559,-3.3185,119,0.000601980454990495,207.353992122963,0.017079873,-4.70402657183535,0.01511705,1.36820666816776,0.01939844,13.990978,13.592398,14.228332,0.6359339,-3.4764,-3.559,-3.3185,6378832301485196861,207.354375255434,-4.70400197011915,1.3774811612249,AIS,0.08735441,GALEX J134925.0-044214,1,112,112,-999,-999,16.68667,0.02495911,-999,-999,767.9445,17.64937,0.02890242,207.35654,-4.61667,1898.489,1899.946,,22.76828,23.11668,0,-99,-99,0,0.07840656410111901,0.09768297696201447,0.05361589400086819,14.130649023037986,13.53878210599913,13.912571435898881,16.4774164792,0.5918669170388551,-1.3606964815525595
140,391,122,HE 1347-1025,-3.71,5206, 2.52,207.5933333333333,-10.671916666666666,7.811793781689613e-05,3613918734215711488,207.59329356008627,0.024493577,-10.671979146490667,0.01980635,0.13504961083977352,0.026119009,14.814348,14.2183,15.224138,1.0058384,,,,122,7.81179378168961E-05,207.593293560086,0.024493577,-10.6719791464907,0.01980635,0.135049610839774,0.026119009,14.814348,14.2183,15.224138,1.0058384,NaN,NaN,NaN,6379184129099957974,207.593470158992,-10.6720085526644,0.633665093364641,AIS,0.2679709,GALEX J135022.4-104019,1,112,112,-999,-999,19.55651,0.1060362,-999,-999,54.6257,5.333611,0.05784099,207.86071,-10.61884,1917.306,1970.217,,1.619561,1.621434,0,-99,-99,256,0.14718856517244946,0.18884123510532677,0.10576708497586886,15.035296764894673,14.112532915024131,14.667159434827552,19.1377412324,0.9227638498705417,-1.674571791758522
141,393,123,HE 1356-0622,-3.63,4953, 1.85,209.87624999999997,-6.609722222222222,2.2455710129640917e-05,3619671310332621056,209.87627961968377,0.018080937,-6.609720187161029,0.01746977,0.08167445218145852,0.025244603,14.019304,13.412442,14.444762,1.03232,,,,123,2.24557101296409E-05,209.876279619684,0.018080937,-6.60972018716103,0.01746977,0.0816744521814585,0.025244603,14.019304,13.412442,14.444762,1.03232,NaN,NaN,NaN,6379184084002801090,209.876346664034,-6.60970906701245,0.243074594912782,AIS,0.5465724,GALEX J135930.3-063634,1,229,109,-999,-999,19.26023,0.05928514,-999,-999,71.76448,3.91765,0.0309824,209.37243,-6.39047,2002.581,1939.357,,2.127698,2.234387,1,-99,-99,0,0.07817273339979532,0.10065634704226843,0.056544745204955914,14.344105652957733,13.355897254795044,13.941131266600205,19.035917424,0.9882083981626888,-1.4067411640574763
142,397,126,HE 1402-0523,-3.17,6418, 4.38,211.1583333333333,-5.637083333333333,0.0003407229350341401,3643850258222221824,211.1580859559028,0.028170783,-5.637310737673749,0.02245596,0.5423748612871828,0.029398141,15.241879,14.861781,15.466874,0.605093,-2.4205,-3.6092,-2.1563,127,0.00034072293503414,211.158085955903,0.028170783,-5.63731073767375,0.02245596,0.542374861287183,0.029398141,15.241879,14.861781,15.466874,0.605093,-2.4205,-3.6092,-2.1563,3048059674955885384,211.158465764491,-5.63697289552618,1.82502604287263,GII,0.514923,GALEX J140438.0-053813,3,2987.35,1303.15,22.98582,0.3576788,17.88036,0.009166913,2.320987,0.7644272,255.7734,2.15898,0.02732228,210.86297,-6.05974,1906.452,1905.122,,7.583257,7.565351,1,0.0215611,0.03023894,256,0.0745202386218548,0.09261270359687822,0.05074025447621922,15.374261296403123,14.811040745523782,15.167358761378146,17.6825466928,0.5632205508793415,-1.2202658879157218
143,428,131,HE 1424-0241,-4.05,5260, 2.66,216.66791666666663,-2.9076388888888887,0.00010454436998402658,3643332182086977792,216.6680275060177,0.036371112,-2.907647849441748,0.030451896,0.18805060934940523,0.040490583,15.177032,14.606008,15.563723,0.95771503,-2.3663,-2.6991,-2.0928,131,0.000104544369984027,216.668027506018,0.036371112,-2.90764784944175,0.030451896,0.188050609349405,0.040490583,15.177032,14.606008,15.563723,0.95771503,-2.3663,-2.6991,-2.0928,2936630768548451853,216.668256748827,-2.90747961899179,1.02279625752124,MIS,0.2197024,GALEX J142640.3-025426,1,1794.2,1794.2,-999,-999,19.45276,0.01973432,-999,-999,60.10311,1.092167,0.06353502,216.49677,-3.0451,1825.108,1945.764,,1.781958,1.75189,0,-99,-99,256,0.16325258547599955,0.20853980220330626,0.11644223164971478,15.355183197796693,14.489565768350284,15.013779414524,18.9927664552,0.8656174294464094,-1.81077883620166
144,430,133,HE 1429-0551,-2.60,4757, 1.39,218.13041666666663,-6.0834166666666665,8.630286779118944e-05,6331867944289331584,218.130358904066,0.013465166,-6.083472707227585,0.012601863,0.21287616086218025,0.015097362,12.393038,11.673602,12.983931,1.3103285,,,,133,8.63028677911894E-05,218.130358904066,0.013465166,-6.08347270722759,0.012601863,0.21287616086218,0.015097362,12.393038,11.673602,12.983931,1.3103285,NaN,NaN,NaN,6379219338168107584,218.130533385767,-6.08349681361052,0.630596906162726,AIS,0.3685625,GALEX J143231.3-060500,1,107.05,0,-999,-999,18.98961,0.07662721,-999,-999,92.07793,6.496938,0.05652118,218.04464,-5.72497,1864.832,1676.818,,2.729958,2.740053,0,-99,-99,-999,0.1359066195629361,0.17925203511971596,0.10181212584780715,12.804678964880285,11.571789874152193,12.257131380437064,18.580396656799998,1.2328890907280918,-1.8264204329326006
145,473,163,HE 2020-5228,-2.93,6305, 3.79,306.07124999999996,-52.317305555555556,0.00010172364991935447,6475078058201330304,306.07109152979285,0.032250106,-52.31731928536236,0.02720681,0.3492518823326579,0.04411674,15.696851,15.285346,15.942529,0.6571827,-2.0912,-2.2466,-1.8209,163,0.000101723649919354,306.071091529793,0.032250106,-52.3173192853624,0.02720681,0.349251882332658,0.04411674,15.696851,15.285346,15.942529,0.6571827,-2.0912,-2.2466,-1.8209,6383722881960904791,306.071214380238,-52.3175225876714,0.780223572451617,AIS,0.5946843,GALEX J202417.0-521903,1,224,224,-999,-999,18.57099,0.04372158,-999,-999,135.3955,5.450927,0.047029,307.00571,-52.15584,1914.429,1928.925,,4.014253,4.059731,49,-99,-99,288,0.1274183618674541,0.15887978296943434,0.0872011679729057,15.783649217030566,15.198144832027095,15.569432638132547,18.23050004,0.5855043850034711,-1.2721294625225639
146,485,170,HE 2047-5612,-3.14,6128, 3.68,312.8420833333333,-56.014694444444444,0.00022211334124939863,6469605758766617728,312.84233953302436,0.01655443,-56.01486009935746,0.015473166,0.3858401236567701,0.023011256,14.957595,14.5137005,15.22852,0.7148199,-2.0489,-2.2545,-1.6489,170,0.000222113341249399,312.842339533024,0.01655443,-56.0148600993575,0.015473166,0.38584012365677,0.023011256,14.957595,14.5137005,15.22852,0.7148199,-2.0489,-2.2545,-1.6489,6383863695684934006,312.841876715532,-56.0148765630432,0.933220856816881,AIS,0.5963522,GALEX J205122.0-560053,1,431.05,103.05,-999,-999,17.97788,0.03020418,-999,-999,233.8011,6.502549,0.05568497,313.55998,-56.45801,1851.945,1885.364,,6.931814,6.984497,33,-99,-99,0,0.14947201990564732,0.1871890885602279,0.1030455135049702,15.041330911439772,14.41065498649503,14.808122980094351,17.5747208172,0.6306759249447413,-1.482267694940819
147,494,175,HE 2133-1426,-2.89,6350, 4.40,324.03,-14.209833333333332,0.00019699981299391866,6841937882405108352,324.03020839413745,0.0312981,-14.209840815129239,0.02798741,0.7677957720282358,0.04334912,15.351785,14.915016,15.6130295,0.6980133,-2.5773,-3.4476,-2.2,175,0.000196999812993919,324.030208394137,0.0312981,-14.2098408151292,0.02798741,0.767795772028236,0.04334912,15.351785,14.915016,15.6130295,0.6980133,-2.5773,-3.4476,-2.2,6379676753258876478,324.030146239904,-14.2096816367006,0.612721057395203,AIS,0.2028377,GALEX J213607.2-141234,1,184,184,-999,-999,18.34181,0.0352516,-999,-999,167.2147,5.427795,0.0527411,323.9234,-14.38416,2098.257,2052.207,,4.957639,5.06814,0,-99,-99,0,0.14194705834489915,0.17754416026649195,0.09765433887177294,15.435485339733507,14.817361661128226,15.2098379416551,17.959964436,0.6181236786052811,-1.4096244749343265
148,497,179,HE 2136-6030,-2.88,6409, 3.85,325.1645833333333,-60.274,6.795284805404455e-05,6410138534939123072,325.16447300173604,0.024288727,-60.27403443095276,0.023808938,0.3429116045469386,0.036548194,15.912256,15.518442,16.15304,0.6345978,-2.5675,-2.8079,-2.4092,179,6.79528480540446E-05,325.164473001736,0.024288727,-60.2740344309528,0.023808938,0.342911604546939,0.036548194,15.912256,15.518442,16.15304,0.6345978,-2.5675,-2.8079,-2.4092,6383758091031152599,325.164564927248,-60.2739770781793,0.263735690506108,AIS,0.4665775,GALEX J214039.5-601626,3,522.05,254,21.74501,0.3554102,18.67563,0.02894814,7.277773,2.381763,122.9555,3.27747,0.04018641,325.97383,-60.03836,1923.358,1906.753,,3.645426,3.670225,1,0.06760777,0.03382004,256,0.10922152175181186,0.1359822776509917,0.07456651937163894,16.01705772234901,15.44387548062836,15.803034478248188,18.384680391600003,0.573182241720648,-1.253260179584208
149,500,181,HE 2139-5432,-4.02,5416, 3.04,325.6766666666666,-54.31191666666666,0.00013320791287456393,6461736966363075200,325.6768840495117,0.016911559,-54.31195568107783,0.012043082,0.1015475151354642,0.023378983,14.969788,14.422861,15.337535,0.9146738,-1.0148,-1.0649,-0.9495,181,0.000133207912874564,325.676884049512,0.016911559,-54.3119556810778,0.012043082,0.101547515135464,0.023378983,14.969788,14.422861,15.337535,0.9146738,-1.0148,-1.0649,-0.9495,6383758054523929004,325.676741963809,-54.3118643320164,0.44405991763003,AIS,0.4868274,GALEX J214242.4-541842,3,320,176,21.40308,0.2882501,18.76908,0.03618219,9.97173,2.646733,112.8156,3.758672,0.01925699,325.61843,-53.82624,1991.752,1987.884,,3.344797,3.419495,0,0.09263361,0.09999043,0,0.049574450673430755,0.0632305687704421,0.03532021470611834,15.27430443122956,14.387540785293881,14.920213549326569,18.629659392399997,0.8867636459356785,-2.1040923061819123
150,506,182,HE 2141-0726,-2.72,6551, 4.26,326.0275,-7.213583333333333,0.0001633059162156335,2667446549361583104,326.0273948857303,0.040527556,-7.213698671726137,0.031046744,0.4957702453213689,0.03871166,15.262623,14.863119,15.496082,0.6329632,-2.1883,-2.327,-1.9721,182,0.000163305916215634,326.02739488573,0.040527556,-7.21369867172614,0.031046744,0.495770245321369,0.03871166,15.262623,14.863119,15.496082,0.6329632,-2.1883,-2.327,-1.9721,3781231620542959373,326.027290109109,-7.21365206130823,0.410108894192648,MIS,0.4805213,GALEX J214406.5-071249,3,2101.15,2101.15,22.53071,0.1904447,18.02891,0.01074025,3.529539,0.6189522,223.0666,2.206068,0.03733873,325.58041,-7.02854,1932.747,1935.214,,6.613554,6.705861,1,0.03278808,0.02698484,0,0.1014704867807933,0.12633310753427587,0.06928338091131682,15.369748892465724,14.793835619088682,15.161152513219207,17.7585775948,0.5759132733770418,-1.2474816821507728
151,509,184,HE 2142-5656,-2.87,4939, 1.85,326.5849999999999,-56.70530555555556,0.00014109655144299997,6460491700725230848,326.58474698801956,0.010311437,-56.70532028506389,0.008934499,0.16341362410372334,0.013687109,13.770124,13.150614,14.211594,1.0609798,,,,184,0.000141096551443,326.58474698802,0.010311437,-56.7053202850639,0.008934499,0.163413624103723,0.013687109,13.770124,13.150614,14.211594,1.0609798,NaN,NaN,NaN,6383758069554218163,326.584760780252,-56.7052192680128,0.36468137761689,AIS,0.4762834,GALEX J214620.3-564218,1,105.05,0,-999,-999,18.95159,0.0778439,-999,-999,95.35926,6.835301,0.03401119,325.79874,-56.50601,1956.472,1975.69,,2.827244,2.779456,1,-99,-99,-999,0.08539607771200866,0.11021562749029876,0.061994822778191266,14.101378372509702,13.088619177221808,13.68472792228799,18.7053489844,1.0127591952878934,-1.6477097849713056
152,517,188,HE 2158-0348,-2.57,5150, 2.44,330.16666666666663,-3.5700555555555553,6.594083250503494e-05,2670262256906596224,330.1666100065135,0.030070985,-3.5700710963923252,0.028391078,0.26523451239282364,0.036674842,15.452718,14.821895,15.928467,1.1065722,-0.3114,-0.3305,-0.287,188,6.59408325050349E-05,330.166610006514,0.030070985,-3.57007109639233,0.028391078,0.265234512392824,0.036674842,15.452718,14.821895,15.928467,1.1065722,-0.3114,-0.3305,-0.287,2905809258598635805,330.166825641251,-3.57021821877969,0.938509949560637,MIS,0.4309088,GALEX J220040.0-033412,1,3042,3042,-999,-999,20.07518,0.03380752,-999,-999,33.8787,1.054654,0.08282854,329.7435,-3.65502,1934.913,1902.742,,1.004447,0.998586,0,-99,-99,0,0.2075676440653327,0.26830629814937684,0.15086399210760512,15.660160701850623,14.671031007892395,15.245150355934667,19.4755013704,0.9891296939582279,-2.4065596403284824
153,519,190,HE 2202-4831,-2.78,5331, 2.95,331.52416666666664,-48.28138888888889,0.00012912308005946132,6560414664623817856,331.52434256492734,0.01579421,-48.28144165999483,0.015987458,0.2447040760183874,0.027503626,15.232057,14.685009,15.6103945,0.9253855,-0.5693,-0.6073,-0.4743,190,0.000129123080059461,331.524342564927,0.01579421,-48.2814416599948,0.015987458,0.244704076018387,0.027503626,15.232057,14.685009,15.6103945,0.9253855,-0.5693,-0.6073,-0.4743,6383652542207754627,331.524382484772,-48.2814863159526,0.187057404716647,AIS,0.4840054,GALEX J220605.8-481653,1,191,0,-999,-999,19.16234,0.09255205,-999,-999,78.53486,6.692966,0.01703283,331.10423,-47.88717,1875.751,1970.434,,2.328428,2.290566,1,-99,-99,-999,0.04374917469519243,0.055856956962418845,0.03122443845502949,15.554537543037581,14.653784561544972,15.188307825304808,19.0390223108,0.9007529814926087,-2.047929068901956
154,521,192,HE 2209-1240,-2.59,6319, 3.84,332.9533333333333,-12.429277777777777,8.859397136311819e-05,2612754332735238912,332.95324816691465,0.03821867,-12.429270956078796,0.040264,0.5552566543720344,0.047694072,15.691307,15.186784,15.857512,0.6707287,-3.7824,-3.7925,-3.7662,192,8.85939713631182E-05,332.953248166915,0.03821867,-12.4292709560788,0.040264,0.555256654372034,0.047694072,15.691307,15.186784,15.857512,0.6707287,-3.7824,-3.7925,-3.7662,6380028587316085104,332.953175743369,-12.4295483223889,1.03046972507099,AIS,0.4065251,GALEX J221148.7-122546,1,93,0,-999,-999,18.27379,0.06555343,-999,-999,178.0266,10.74609,0.0359503,332.98599,-12.02429,2084.743,2713.964,,5.278193,5.269732,0,-99,-99,-999,0.09700700941231356,0.1211611446192256,0.06661263701824263,15.736350855380774,15.120171362981758,15.594299990587686,18.013509828,0.6161794923990165,-1.6829638725936071
155,529,199,HE 2228-0706,-2.78,5003, 2.02,337.85208333333327,-6.847555555555555,0.0001405491963427137,2622819124736579584,337.85196014336447,0.017207796,-6.847608894846381,0.015158524,0.5518900602080313,0.02068351,13.09166,12.440343,13.584046,1.1437035,,,,199,0.000140549196342714,337.851960143364,0.017207796,-6.84760889484638,0.015158524,0.551890060208031,0.02068351,13.09166,12.440343,13.584046,1.1437035,NaN,NaN,NaN,6376439797469153944,337.851848877538,-6.84739951084801,0.852263473220908,AIS,0.3399232,GALEX J223124.4-065050,1,112,112,-999,-999,17.98141,0.04690778,-999,-999,233.0432,10.06587,0.05371524,337.59717,-7.07465,1931.609,1918.778,,6.909344,7.014101,0,-99,-99,0,0.13316681010694323,0.1729595662862467,0.09758036183081611,13.411086433713754,12.342762638169184,12.958493189893057,17.5925116624,1.0683237955445701,-2.4432530086397053
156,532,200,HE 2232-0603,-1.46,6085, 3.85,338.69749999999993,-5.804805555555555,0.00016191788909044214,2622989342880621184,338.6976268449296,0.043910958,-5.804909574750956,0.04329889,0.539452083228612,0.052523676,16.288555,15.793501,16.61631,0.8228092,-1.17,-1.2076,-1.1246,200,0.000161917889090442,338.69762684493,0.043910958,-5.80490957475096,0.04329889,0.539452083228612,0.052523676,16.288555,15.793501,16.61631,0.8228092,-1.17,-1.2076,-1.1246,3898395579797997926,338.697535991455,-5.80472679458414,0.734069106621231,MIS,0.2701932,GALEX J223447.4-054817,1,1362.1,0,-999,-999,20.01819,0.04110947,-999,-999,35.70461,1.351563,0.06240066,338.52731,-5.59422,1947.818,1884.243,,1.058582,1.065243,0,-99,-99,-999,0.1643603414159301,0.20761370427213865,0.1150044308179931,16.40869629572786,15.678496569182006,16.12419465858407,19.5664092216,0.7301997265458553,-1.4684440009480575
157,535,202,HE 2246-2410,-2.96,6431, 4.36,342.2483333333333,-23.910833333333333,0.000308924935564475,6623579408614041856,342.2486189264861,0.024164684,-23.911000529545586,0.026668651,0.5173277645600564,0.03169036,15.384967,15.000156,15.613713,0.61355686,-3.1855,-3.5965,-2.9001,202,0.000308924935564475,342.248618926486,0.024164684,-23.9110005295456,0.026668651,0.517327764560056,0.03169036,15.384967,15.000156,15.613713,0.61355686,-3.1855,-3.5965,-2.9001,6388085750542371715,342.248493091293,-23.9109637482633,0.434781647585355,AIS,0.05070849,GALEX J224859.6-235439,1,184.85,80,-999,-999,18.02665,0.03585268,-999,-999,223.5313,7.379552,0.02896472,342.28312,-23.95058,2090.398,1956.782,,6.627331,6.846392,0,-99,-99,0,0.07889705090898273,0.0981125643017584,0.053775430049013105,15.515600435698243,14.946380569950987,15.306069949091016,17.8169454272,0.5692198657472556,-1.2679507001571606
158,536,203,HE 2247-7400,-2.87,4829, 1.56,342.8308333333333,-73.73988888888888,5.1033696252561225e-05,6381793915449034624,342.8309021352043,0.010491723,-73.73993096765864,0.011965247,0.1256345723025756,0.012612735,13.658559,13.028238,14.112718,1.0844793,,,,203,5.10336962525612E-05,342.830902135204,0.010491723,-73.7399309676586,0.011965247,0.125634572302576,0.012612735,13.658559,13.028238,14.112718,1.0844793,NaN,NaN,NaN,6384250711966747398,342.830707434063,-73.739957492638,0.218254750999026,AIS,0.4618968,GALEX J225119.3-734423,1,224,112,-999,-999,19.20509,0.05669518,-999,-999,75.50273,3.941658,0.03460705,344.47154,-73.69803,1795.115,2227.329,,2.238531,2.211515,17,-99,-99,0,0.08652232864718848,0.1118969062320054,0.06301187753774508,14.000821093767994,12.965226122462255,13.572036671352812,18.954534958,1.0355949713057395,-1.4353913554873072
159,546,207,HE 2323-0256,-3.97,4958, 1.84,351.6241666666666,-2.6660833333333334,5.912503114549636e-05,2634585342263017984,351.6242050717633,0.01872688,-2.666129584640052,0.01841849,0.09188266213031136,0.024222862,14.096192,13.459503,14.55452,1.0950165,,,,207,5.91250311454964E-05,351.624205071763,0.01872688,-2.66612958464005,0.01841849,0.0918826621303114,0.024222862,14.096192,13.459503,14.55452,1.0950165,NaN,NaN,NaN,6376299005219965551,351.624147590276,-2.66592996931926,0.74775430866846,AIS,0.3812513,GALEX J232629.8-023957,1,111,111,-999,-999,19.67808,0.1069229,-999,-999,48.8392,4.808497,0.05005496,351.33032,-2.90928,1883.233,1944.635,,1.448001,1.485272,0,-99,-99,0,0.12515697778717544,0.1618845710756125,0.09113454160427907,14.392635428924388,13.36836845839572,13.971035022212824,19.315682089600003,1.024266970528668,-1.4382452188363395
160,550,208,HE 2330-0555,-2.98,4867, 1.65,353.2283333333333,-5.647388888888888,4.065452788600776e-05,2632929683910135680,353.22833940140396,0.022910966,-5.647426380885987,0.01531918,0.1680985297608362,0.02635074,14.22778,13.611651,14.677727,1.0660753,-0.2785,-0.2797,-0.2768,208,4.06545278860078E-05,353.228339401404,0.022910966,-5.64742638088599,0.01531918,0.168098529760836,0.02635074,14.22778,13.611651,14.677727,1.0660753,-0.2785,-0.2797,-0.2768,2909116589574984014,353.228409543349,-5.64735932495513,0.348452240552111,MIS,0.3484818,GALEX J233254.8-053850,1,2544,2544,-999,-999,19.27155,0.01999479,-999,-999,71.01997,1.307577,0.04063228,352.90045,-5.5253,1901.111,1921.153,,2.105624,2.132862,0,-99,-99,0,0.10201434458688917,0.13167854201397358,0.0740598723380821,14.546048457986027,13.537591127661917,14.12576565541311,18.977372292800002,1.0084573303241093,-1.805380354306708
161,556,211,HE 2341-2029,-2.60,6507, 4.29,356.0816666666666,-20.222166666666666,0.00029957253647950726,2390326905712001280,356.08198108239776,0.0491345,-20.222235276897834,0.042887017,0.5035348422247699,0.0559237,16.083864,15.698098,16.322329,0.6242304,-2.1692,-2.3435,-2.0224,211,0.000299572536479507,356.081981082398,0.0491345,-20.2222352768978,0.042887017,0.50353484222477,0.0559237,16.083864,15.698098,16.322329,0.6242304,-2.1692,-2.3435,-2.0224,6380556319613523084,356.081799823487,-20.2224155178668,0.892161018920638,AIS,0.342945,GALEX J234419.6-201320,3,515.65,329.65,22.51317,0.4007558,18.76936,0.03103336,3.587021,1.323683,112.7858,3.222948,0.02753182,356.38573,-20.41314,1920.572,1919.467,,3.343911,3.400384,0,0.03332207,0.04281645,0,0.07483300504385881,0.09314734017690811,0.05109403188125836,16.22918165982309,15.647003968118742,16.009030994956138,18.5700296232,0.5821776917043486,-1.2979893728782645
162,557,213,HE 2344-2800,-2.65,6624, 4.11,356.68499999999995,-27.736305555555557,0.00021598436691203023,2331325535512809472,356.68485958883457,0.02109323,-27.73647711579598,0.020347686,0.5991603734726373,0.02508749,14.746189,14.367053,14.966105,0.5990524,-3.5576,-3.9544,-2.908,213,0.00021598436691203,356.684859588835,0.02109323,-27.736477115796,0.020347686,0.599160373472637,0.02508749,14.746189,14.367053,14.966105,0.5990524,-3.5576,-3.9544,-2.908,6380732226439481941,356.684698388818,-27.7363545858651,0.677054080806044,AIS,0.2476621,GALEX J234644.3-274410,1,185.05,0,-999,-999,17.54805,0.02945765,-999,-999,347.3587,9.422071,0.01870902,356.40962,-27.782,1955.569,1945.213,,10.29861,10.55794,0,-99,-99,-999,0.05102070723444998,0.0634036709402775,0.0347471303238611,14.902701329059724,14.332305869676139,14.69516829276555,17.4125966952,0.5703954593835849,-1.0411627907933
163,17,11,SDSS 0036-10,-2.60,6479, 4.31,9.009166666666665,-10.726750000000001,0.0002698540022908821,2425415865102696320,9.009047824007398,0.032302458,-10.726989107910732,0.02804511,0.5038385869104854,0.04048878,15.5010805,15.109966,15.732053,0.6220865,-1.4826,-1.5577,-1.4277,11,0.000269854002290882,9.0090478240074,0.032302458,-10.7269891079107,0.02804511,0.503838586910485,0.04048878,15.5010805,15.109966,15.732053,0.6220865,-1.4826,-1.5577,-1.4277,6380450747167806841,9.00916079680588,-10.726747140672,0.958363336607633,AIS,0.8008965,GALEX J003602.2-104336,1,199,199,-999,-999,18.21823,0.05264856,-999,-999,187.3731,9.083724,0.02743111,9.54249,-11.33289,2239.067,2132.378,,5.555303,5.602366,33,-99,-99,32,0.07458729015767736,0.09282555298588732,0.05091102902886242,15.639227447014113,15.059054970971138,15.426493209842324,18.0196287636,0.580172476042975,-1.2525728306793376
164,197,76,SDSS 0924+40,-2.68,6196, 3.77,141.00791666666666,40.99133333333334,0.00032885218583148277,812808546291531520,141.00757305082766,0.026931478,40.99112966181737,0.020100439,0.7482324032454754,0.03415003,15.415785,14.987292,15.677744,0.6904516,-1.1499,-1.171,-1.1288,76,0.000328852185831483,141.007573050828,0.026931478,40.9911296618174,0.020100439,0.748232403245475,0.03415003,15.415785,14.987292,15.677744,0.6904516,-1.1499,-1.171,-1.1288,6373906470065410785,141.007737352505,40.9914066782146,1.092635112727,AIS,0.5625739,GALEX J092401.8+405929,1,215,110,-999,-999,18.25439,0.03710046,-999,-999,181.2349,6.191436,0.01728365,141.51633,40.58128,1955.288,1908.931,,5.373315,5.435462,1,-99,-99,0,0.04634681235602744,0.0580331805629299,0.03199018872729414,15.61971081943707,14.955301811272706,15.369438187643972,18.129256374,0.6644090081643643,-1.6051871790683672
165,483,169,SDSS 2047+00,-2.36,6383, 4.36,311.86999999999995,0.2649444444444444,0.0002803127012108981,4227964882766196096,311.87025869691206,0.037724026,0.264828151916556,0.02483718,0.6066089548755833,0.050144788,16.156076,15.684328,16.462324,0.77799606,-1.4931,-1.4981,-1.483,169,0.000280312701210898,311.870258696912,0.037724026,0.264828151916556,0.02483718,0.606608954875583,0.050144788,16.156076,15.684328,16.462324,0.77799606,-1.4931,-1.4981,-1.483,2468467513534454923,311.870156604133,0.26482291346217,0.368013586032206,MIS,0.3238215,GALEX J204728.8+001553,1,6535.45,4243.35,-999,-999,19.4471,0.01452279,-999,-999,60.41683,0.8079382,0.09378951,311.55386,0.19542,1936.249,1916.166,,1.791259,1.821267,0,-99,-99,256,0.25020552029340276,0.31440028878111803,0.17326433803993707,16.14792371121888,15.511063661960064,15.905870479706596,18.768063947599998,0.6368600492588161,-1.5276023725823054
